Model,R2,RMSE,MAE
Multiple Linear Regression,0.9342029768049458,0.35877026550428504,0.2852571440024101
Random Forest Regressor,0.9261980771507745,0.37996811799999874,0.30215237415539264
XGBoost Regressor,0.9252912169276474,0.3822954686310964,0.3039096039664369
Support Vector Regression,0.7636959578698287,0.679906032498602,0.5588116957379984
