avg_weight_g,shrimp_count,biomass_kg,feed_amount,feeding_frequency,rolling_feed_kg_7d,dissolved_oxygen,temperature,ammonia,ph,salinity,days_normalized,weight_lag_7d,weight_lag_14d,days_to_harvest,harvest_biomass_kg,early_harvest_risk,weight_delta_next
8.2688,49643,410.4899,153.5699,5,43.765,5.2542,29.1164,0.2177,7.8639,20.4646,0.209075,6.2986,4.1699,65,775.3657,1,0.26835
21.091,193311,4077.1223,303.3786,2,97.8567,6.6545,29.7817,0.13,7.8952,20.4964,0.565271,19.823,18.3442,6,3971.1113,0,0.163422
17.5641,62675,1100.8298,182.8502,4,37.6072,4.757,29.2401,0.2519,7.9482,21.2768,0.505556,16.5343,15.2599,5,947.3858,1,0.126321
9.3367,188815,1762.9184,377.8669,5,51.092,4.7314,29.7785,0.281,7.8547,19.3259,0.244128,7.5363,5.5711,19,1974.046,1,0.243552
20.6326,164299,3389.9236,278.679,4,96.9188,7.4516,28.5463,0.113,7.8069,23.1861,0.320946,18.0857,15.1314,5,3332.7956,0,0.329649
17.2394,133841,2307.3345,153.5971,4,113.5419,4.519,29.1925,0.2734,7.6874,17.2797,0.529408,16.5471,15.5274,4,1933.6033,1,0.069885
20.0022,67468,1349.5111,255.8545,3,49.4348,5.1814,29.2866,0.2221,7.854,20.2269,0.566857,19.8407,19.1785,15,1154.8312,1,0.0
23.2454,66175,1538.2625,163.138,4,17.9009,6.0417,30.1895,0.1034,7.7159,20.9157,0.589115,22.352,21.1316,0,1438.8787,0,0.099201
7.4223,145837,1082.4508,169.909,5,100.4141,6.8304,28.4659,0.0421,7.8637,19.3104,0.083953,3.6794,1.9449,43,2885.1588,0,0.5054
18.8237,88514,1666.1631,150.3773,5,33.7215,4.6006,30.1352,0.2199,7.723,23.3681,0.588474,18.1017,17.1221,15,1364.6957,1,0.080789
15.0827,129237,1949.245,399.9206,2,38.7443,4.3416,29.6565,0.3079,7.9611,20.1746,0.647683,14.7269,14.1676,1,1651.6748,1,0.032502
15.8376,55234,874.7716,352.2228,2,107.2034,5.5107,28.7693,0.2011,7.881,21.3027,0.56411,14.9093,13.846,34,817.9719,1,0.121308
6.9609,149040,1037.446,309.1712,5,100.829,3.9659,28.8568,0.2809,7.9104,21.1604,0.159741,4.9228,2.7291,12,1302.6339,1,0.278285
19.4586,140063,2725.43,191.9313,2,87.3807,6.6617,29.3386,0.0954,7.8219,22.096,0.42108,17.6139,15.5181,12,2883.8083,0,0.242534
18.0023,88946,1601.2302,416.0188,2,28.3576,5.0735,30.065,0.2065,8.0027,21.4298,0.628458,17.9978,17.6862,15,1358.7543,1,0.0
22.9146,199543,4572.4515,414.4536,2,108.0095,6.1351,27.8131,0.1109,7.8974,20.048,0.498621,21.5739,19.8639,0,4290.107,0,0.159917
19.1976,153615,2949.0318,137.1847,3,123.9932,4.8559,30.2668,0.2772,7.9757,21.5248,0.573064,18.8147,18.0205,4,2485.5872,1,0.013437
19.3464,83925,1623.6486,382.137,5,60.0996,4.6921,29.5842,0.2291,8.0148,17.1534,0.677383,19.2628,18.8304,15,1380.8943,1,0.0
12.3954,198481,2460.257,176.6496,4,21.7197,4.9624,30.3131,0.1998,7.6411,19.769,0.340516,10.7485,8.9556,59,3389.5233,1,0.223162
24.1627,186139,4497.6215,334.1371,3,54.4747,6.9485,28.7496,0.091,7.7162,20.9475,0.770227,24.1627,24.1611,0,3989.3784,0,0.0
23.8305,163530,3897.0053,414.0381,4,61.0999,6.0612,29.4127,0.1231,7.9101,15.8317,0.570734,22.9266,21.6552,0,3754.2678,0,0.09697
14.7487,160298,2364.1874,185.001,4,26.9974,6.3614,27.2577,0.1547,8.0396,19.185,0.26565,12.3994,9.762,41,3439.8918,0,0.311599
4.235,114939,486.7685,134.6014,2,130.1258,4.4897,28.5857,0.2962,7.7469,19.611,0.075332,2.1325,2.1325,37,1198.7808,1,0.296442
15.9585,210560,3360.2232,87.2268,5,69.3898,5.9358,30.6457,0.1472,7.692,22.1937,0.352818,14.0638,11.9173,38,4015.2431,1,0.249628
22.2857,162052,3611.4435,375.3127,3,114.3677,5.9234,27.114,0.1625,7.8571,18.0233,0.647183,22.0525,21.3881,0,3510.1575,0,0.0
23.2883,124572,2901.0757,204.8752,5,44.9593,6.9962,29.0251,0.0691,7.8432,21.7775,0.538916,22.0398,20.5203,0,2828.8981,0,0.155408
3.8618,153733,593.6804,168.2616,5,101.5316,5.3331,30.6918,0.2743,7.8575,20.0653,0.080731,1.8148,1.4936,8,802.0124,1,0.282241
9.1231,154767,1411.9487,117.7035,4,118.4077,5.9725,28.0508,0.2282,8.0133,21.4079,0.275635,7.5401,5.8385,70,2274.0257,1,0.216315
16.2173,156227,2533.583,386.6217,3,65.9289,5.681,28.9798,0.176,7.6692,24.0115,0.272679,13.7879,11.0289,26,3294.225,0,0.319494
18.1631,199285,3619.6352,170.2295,5,81.3534,6.5287,28.7974,0.1946,7.8748,19.2556,0.387381,16.4651,14.4829,30,3779.653,1,0.218681
17.9128,87237,1562.6594,230.3784,3,93.7244,6.1192,30.2491,0.1566,7.7454,18.7047,0.401055,16.2566,14.3313,31,1634.9279,1,0.214
9.1497,175538,1606.1184,202.3928,5,49.4573,5.2392,28.3433,0.2011,7.726,19.5935,0.207864,7.2423,5.1675,60,2599.1365,1,0.258623
15.2188,62592,952.5752,151.8235,3,60.9553,5.1503,30.5397,0.219,7.5253,18.3881,0.398133,13.8797,12.2542,22,906.4659,1,0.167016
4.4309,94759,419.8707,257.1243,4,36.3656,6.338,27.7677,0.0988,7.8651,20.1888,0.082561,1.8675,0.8405,83,1608.2646,1,0.352667
16.4658,178777,2943.7021,304.3375,3,97.8768,7.1804,28.7768,0.0606,7.8107,21.0036,0.342197,14.3397,12.0325,23,3630.9068,0,0.288719
22.1069,59207,1308.8813,168.7501,2,31.8146,7.0246,29.9493,0.0931,7.7837,18.8875,0.453421,20.5301,18.6215,0,1205.2856,0,0.197143
9.0289,84341,761.5087,135.1261,4,122.1555,4.3434,31.4627,0.2495,7.7342,20.318,0.253705,7.3251,5.4555,1,644.1165,1,0.229621
15.3786,59077,908.5211,94.7485,5,94.4173,7.0154,27.9065,0.0419,7.71,19.9931,0.251642,12.7326,9.7976,24,1229.3607,1,0.353947
24.7728,93677,2320.6418,448.8698,5,81.9912,7.3409,27.3442,0.0656,7.7758,17.8542,0.453421,23.0786,20.9869,0,2156.2767,0,0.208213
23.309,124594,2904.1586,196.3713,4,28.964,6.2316,28.3226,0.1794,7.909,17.6711,0.677236,23.1731,22.5991,0,2780.0197,0,0.0
18.6101,95405,1775.4996,405.9132,5,28.0506,6.7532,27.7467,0.0658,7.8639,19.8866,0.388149,16.4877,14.1514,14,2069.0393,0,0.285438
22.0504,132215,2915.3894,345.1432,4,59.7194,7.1234,29.562,0.0689,8.0177,22.5424,0.430875,20.2829,18.1487,0,2706.2101,0,0.22146
14.1777,172058,2439.3893,389.8661,5,126.3292,4.5893,27.7174,0.2539,8.0285,19.9846,0.4912,13.217,12.0673,24,2249.361,1,0.121268
19.5785,154070,3016.4653,227.0688,2,114.3907,5.8904,29.4593,0.1634,7.8685,18.4612,0.641151,19.5785,19.355,15,2678.6677,1,0.0
16.1082,120945,1948.2096,116.424,2,70.94,5.2021,29.4955,0.1965,7.6516,23.3143,0.580705,15.2079,14.1585,29,1905.535,1,0.116094
10.0426,197396,1982.3734,309.2928,3,77.1307,5.1349,27.7575,0.2072,7.8735,20.7108,0.261692,8.1627,6.1404,70,3415.6799,1,0.256769
16.6323,213355,3548.5817,335.416,5,122.4105,4.5799,30.8015,0.3009,7.9795,21.6813,0.510053,15.8107,14.7212,15,2888.6072,1,0.094215
11.0786,171162,1896.2328,323.8972,3,93.9022,4.9403,28.6056,0.2585,7.719,17.9273,0.256312,9.105,6.9551,58,2909.8764,1,0.267312
13.7647,204860,2819.8353,387.2749,4,133.1702,4.3966,29.0786,0.2968,7.9603,22.4213,0.476347,12.7053,11.4892,7,2640.0141,1,0.138202
13.9424,109502,1526.7237,357.1343,4,89.2982,4.7552,30.3597,0.2568,7.8444,21.0231,0.319936,12.1807,10.171,3,1277.5642,1,0.230919
19.7686,131209,2593.8209,115.961,3,63.2696,5.5782,28.8449,0.1979,7.8859,21.6077,0.621336,19.7686,19.5669,15,2188.4925,1,0.0
15.1509,93954,1423.4916,335.4038,3,70.5004,5.0667,28.3065,0.1885,7.6378,16.8568,0.482172,13.961,12.6358,45,1614.8193,1,0.158731
13.2848,157298,2089.668,300.944,2,24.2829,4.2799,30.0609,0.3031,8.0117,17.1697,0.450016,12.0726,10.723,18,2175.8373,1,0.161717
24.5939,123448,3036.066,213.9544,2,62.6577,7.3007,29.2499,0.0784,7.8829,20.4747,0.435571,22.8208,20.5986,0,2739.0021,0,0.214997
9.7505,101369,988.3955,134.8835,3,52.652,4.6118,28.8368,0.3046,7.9689,15.9815,0.267889,8.1902,6.4978,8,1007.3614,1,0.211942
22.2557,61640,1371.8425,237.9027,4,56.6368,6.8583,28.8806,0.1253,7.7308,20.5975,0.582297,21.0442,19.6294,0,1228.1611,0,0.155987
6.4707,161434,1044.5956,357.6052,2,133.9227,4.6951,28.9256,0.206,7.8095,21.3439,0.10418,3.8501,2.1804,56,2337.2661,1,0.353853
17.4387,192902,3363.9533,440.5822,2,89.6471,5.5291,28.1716,0.2342,7.6554,18.3708,0.529106,16.5679,15.4492,16,2967.2986,1,0.103135
15.5707,61057,950.7019,276.2786,5,69.9717,4.701,30.1111,0.2586,7.8119,19.697,0.613474,14.8652,13.9897,6,764.899,1,0.086309
12.2767,120234,1476.0778,184.8012,5,79.6387,4.413,28.5479,0.2113,7.8518,19.0173,0.226008,9.8566,7.1562,45,1966.8801,1,0.322363
8.2452,138201,1139.4962,165.141,4,26.8347,4.5788,28.811,0.2851,7.9463,19.0463,0.184457,6.3628,4.2916,2,952.7931,1,0.253233
15.3283,153171,2347.8449,387.8496,4,27.6952,5.2911,29.5053,0.2188,7.7523,23.2061,0.471716,14.1092,12.752,45,2642.8689,1,0.162638
17.0592,106140,1810.6607,349.1303,3,42.2785,6.2254,29.3983,0.1184,7.8461,15.66,0.32112,14.8941,12.4285,24,2091.1497,0,0.284158
8.2561,143786,1187.108,315.0604,4,122.091,4.9885,29.4746,0.1963,7.5914,21.4333,0.174526,6.1561,3.8934,68,2389.681,1,0.286545
12.4181,194676,2417.5023,307.5531,5,71.5567,5.3025,30.2709,0.2333,7.9293,23.5414,0.246167,10.0661,7.4256,42,3178.3943,1,0.311929
18.5599,202347,3755.5479,207.072,2,76.8397,5.6992,28.717,0.2051,7.9019,20.3544,0.649029,17.8466,16.9589,19,3254.6729,1,0.087042
20.5654,56534,1162.6434,114.9672,5,46.2589,6.6819,29.6939,0.0807,7.9876,20.7045,0.411553,18.7979,16.6967,8,1192.8471,0,0.224333
18.7318,209150,3917.7596,194.5453,5,84.9023,6.314,30.1864,0.0849,7.7244,21.6885,0.478721,17.2902,15.6802,22,4219.908,0,0.191923
26.893,78600,2113.7889,449.9913,3,23.5341,6.8713,28.6019,0.0628,8.1249,18.1419,0.726003,26.3559,25.5183,0,2038.6285,0,0.049701
5.3157,179942,956.5157,379.3462,3,96.8348,6.7573,29.5651,0.1484,7.9686,23.2143,0.069977,2.5097,2.1867,62,3523.5905,0,0.386701
17.7403,144823,2569.1967,243.021,4,111.8622,5.0671,32.0305,0.2417,7.5963,21.0378,0.60596,16.9524,15.9893,21,2252.3007,1,0.097689
14.1476,66818,945.315,111.0338,3,52.3717,4.8949,28.0897,0.3138,7.8153,17.6614,0.495164,13.2278,12.1131,8,813.4061,1,0.114911
18.7669,166812,3130.5376,131.3533,5,62.4533,7.3906,27.3064,0.069,7.7869,19.1357,0.322851,16.1934,13.3346,11,3262.841,0,0.343878
18.0926,124994,2261.4686,121.0174,5,90.3034,5.5613,29.3782,0.2451,7.6632,21.7159,0.558227,17.4555,16.5281,15,1793.1708,1,0.065393
13.6831,133782,1830.5483,445.6826,2,62.8832,5.0308,29.9774,0.2418,8.0167,22.2264,0.363596,12.1055,10.3364,42,2047.408,1,0.209399
3.7562,103190,387.604,96.4042,4,116.2548,5.1686,29.2957,0.2055,7.8763,16.7694,0.053848,2.464,2.464,84,1496.7245,1,0.294735
14.6687,135192,1983.089,445.9754,5,49.9175,4.1185,29.919,0.2928,7.8718,24.4946,0.515469,13.6602,12.5049,20,1951.0406,1,0.13177
5.0213,52412,263.175,401.9138,4,90.0759,5.5614,28.4508,0.1927,7.8087,18.2702,0.101718,2.912,1.6364,85,841.7204,1,0.290478
18.163,67090,1218.5573,167.3183,4,57.3337,6.0625,28.397,0.1875,7.8953,19.0623,0.545055,17.1563,15.9572,25,1201.6491,1,0.127577
13.9212,49534,689.5724,148.8378,5,126.1238,4.9432,28.7398,0.2236,7.7953,25.0025,0.277524,11.7389,9.2276,33,750.9172,1,0.284169
15.3683,186839,2871.3922,437.9977,4,96.9379,5.3151,29.8467,0.2237,7.8831,18.4326,0.500575,14.2891,13.0591,36,2868.3946,1,0.141556
7.2047,183611,1322.8622,167.5924,5,20.2802,4.0426,29.7863,0.2329,7.9061,25.7266,0.159796,5.0367,2.7,68,2800.8053,1,0.295764
23.1095,215166,4972.3736,317.6653,5,65.0145,7.5162,28.5994,0.0452,7.817,20.3481,0.499386,21.756,20.086,0,4632.9394,0,0.166439
22.9213,73344,1681.1402,425.853,3,52.6571,6.716,29.931,0.0606,7.7485,19.8067,0.617503,21.8441,20.5528,0,1637.5825,0,0.135806
19.3767,171110,3315.54,303.9014,2,104.1945,6.445,28.4034,0.1109,8.0995,21.6607,0.454798,17.667,15.7595,13,3324.286,1,0.227767
21.4363,129515,2776.3198,377.7346,5,50.0824,6.4566,27.5953,0.152,7.7758,24.8559,0.616886,20.5622,19.4519,7,2534.7126,1,0.104679
19.3876,100845,1955.1378,252.5948,4,66.0966,6.2559,26.8991,0.1392,7.8402,18.2353,0.496662,18.1572,16.6728,23,1773.9359,1,0.154251
14.2693,72884,1040.0014,448.5087,5,80.341,4.8311,30.5601,0.2288,7.836,18.7236,0.310054,12.4937,10.4252,2,943.0032,1,0.229053
15.9554,199429,3181.9687,349.178,5,53.9634,7.4354,27.5787,0.0467,7.8774,21.2175,0.306338,13.8401,11.4997,28,4040.4297,0,0.283457
14.6151,113933,1665.1459,374.112,4,84.8201,4.7552,30.9242,0.2261,8.0894,23.6907,0.389545,13.2772,11.691,26,1580.7973,1,0.170193
6.31,100742,635.6869,225.3932,4,77.943,7.232,27.4052,0.0936,8.0543,22.9558,0.068762,2.4461,1.7447,42,2081.13,0,0.525113
3.7327,149459,557.8835,178.2463,3,102.6567,5.9862,28.5287,0.2444,7.9673,17.9718,0.054144,1.6696,1.6696,78,2429.4432,1,0.362619
24.7488,165837,4104.2694,231.8396,5,109.7978,7.6212,29.1568,0.0955,7.8649,19.5535,0.615206,24.5588,23.8292,0,3913.7646,0,0.0
19.2767,180098,3471.6922,346.7421,4,87.3667,5.9134,30.1542,0.2147,7.7885,21.5646,0.486039,18.2422,16.8519,15,2994.1993,1,0.116945
21.6114,92855,2006.7285,125.0934,5,115.5461,6.5117,30.3637,0.1179,7.9514,23.2581,0.729683,21.6114,21.5978,15,1697.4856,1,0.0
4.0289,92448,372.4629,287.9467,4,35.2964,4.1477,28.776,0.2524,7.9005,23.6567,0.072798,2.0688,2.0688,7,469.8439,1,0.291105
2.7967,101204,283.0358,318.9822,2,92.6813,4.9767,30.4515,0.1975,7.7554,21.6098,0.045553,0.791,0.791,88,1822.5947,1,0.383527
19.6461,77604,1524.6122,357.1312,4,116.0056,6.8869,29.2504,0.1497,7.959,16.9817,0.73277,19.2482,18.641,15,1245.0091,1,0.038114
10.0649,73436,739.1227,249.7984,4,108.3462,3.6044,29.7772,0.2909,7.7415,20.3438,0.255088,8.1708,6.1036,1,633.416,1,0.256219
17.2506,216794,3739.8289,256.658,3,17.725,5.5718,28.4654,0.2083,7.8064,20.5226,0.483595,16.2064,14.9066,19,3407.6048,1,0.127404
17.4585,206543,3605.9292,408.4865,4,97.5036,5.4327,29.7545,0.175,7.7332,21.6359,0.478512,16.2253,14.7587,26,3534.0698,1,0.156467
19.7028,177536,3497.9575,376.7381,3,104.0803,6.3104,30.0387,0.1638,7.7712,15.7822,0.759687,19.2039,18.5252,15,3107.7579,1,0.055646
18.2786,194535,3555.8343,243.481,3,96.8085,6.6878,30.1516,0.1506,7.8038,18.8324,0.437797,16.7455,15.0001,27,3980.6297,0,0.201265
13.9222,45527,633.834,160.6235,2,21.9835,5.5731,28.7763,0.1689,7.9411,20.209,0.353235,12.2346,10.3351,41,727.2959,1,0.223387
5.8537,111933,655.2197,401.7595,5,65.3313,4.4709,28.0082,0.3086,7.8265,14.4834,0.086271,3.051,2.4888,11,883.6972,1,0.379171
15.9529,64747,1032.904,379.5069,5,92.6694,5.4225,29.0318,0.2544,8.0281,18.7685,0.427028,14.6732,13.1532,26,1019.9246,1,0.162545
15.7675,180811,2850.9408,131.8502,4,43.1216,6.1321,28.4967,0.1789,7.8854,16.7526,0.487125,14.5165,13.1141,42,3181.5634,1,0.166086
24.2246,142425,3450.1902,298.9168,3,84.5543,6.3917,29.9931,0.1099,7.7676,20.8292,0.655454,23.5159,22.5121,0,3183.5597,0,0.075354
21.3841,168825,3610.163,378.1372,2,78.771,6.5088,29.666,0.1308,7.7141,20.9887,0.63102,20.386,19.215,6,3643.7112,0,0.12802
15.4799,162892,2521.5504,303.0812,2,41.1679,4.3775,30.9491,0.2805,7.8847,21.4721,0.474764,14.5919,13.4194,8,2256.5891,1,0.102305
17.55,107870,1893.1186,176.7778,5,67.0322,6.7399,30.9221,0.0806,7.7833,18.1922,0.400857,15.6217,13.5121,20,2280.7316,0,0.260419
13.2214,171002,2260.8778,189.2211,3,50.0897,7.3666,28.5449,0.0664,7.6999,19.1292,0.276358,11.0221,8.6376,41,3472.8048,0,0.298828
10.3409,130455,1349.0222,419.2528,2,81.5188,4.6438,28.5831,0.2582,8.0361,21.5509,0.234662,8.3671,6.212,57,2091.8451,1,0.266931
4.8779,55578,271.1037,315.9596,5,86.5409,7.3034,29.1858,0.095,7.8759,22.1645,0.045815,2.1542,2.1542,59,1079.3335,0,0.493701
20.4691,87169,1784.2705,309.3189,4,106.3655,6.2778,27.8392,0.1348,7.8221,22.1221,0.44347,18.7687,16.7742,8,1741.6038,0,0.218164
23.7835,61362,1459.4058,220.3277,5,21.8358,6.3575,29.6112,0.0859,7.9774,17.3742,0.783698,23.7835,23.7835,0,1285.6562,0,0.0
15.0969,58010,875.77,422.4664,2,40.5987,4.6327,29.8821,0.3083,7.6651,19.3897,0.466059,13.9567,12.6242,2,739.6213,1,0.146714
24.2654,112173,2721.9225,353.7057,2,71.6285,6.3786,27.0815,0.11,7.7838,17.7632,0.666859,24.2654,24.0931,0,2660.4951,1,0.0
16.2084,209699,3398.8889,239.7837,5,28.5808,4.5391,29.4033,0.2609,8.2218,18.1276,0.618421,15.7273,15.0273,4,2761.5336,1,0.049425
13.3356,123547,1647.5714,285.2538,5,27.9084,6.1021,28.4737,0.16,7.902,20.953,0.279175,11.2175,8.9144,44,2424.9809,0,0.287252
4.3839,74662,327.3086,179.5,4,72.3047,5.9708,27.732,0.1659,7.8459,16.9854,0.050922,2.0904,2.0904,64,1459.1005,0,0.410738
11.8552,211044,2501.9634,202.9204,5,104.3316,6.4392,28.2475,0.1069,7.93,21.0616,0.230441,9.5304,6.9825,54,3785.6455,1,0.313587
25.997,166617,4331.5405,261.6727,3,50.558,7.0405,28.4456,0.0697,8.1353,21.6282,0.75926,25.997,25.9825,0,3933.1688,0,0.0
22.4877,184594,4151.0898,387.5743,2,104.6256,6.6395,30.3048,0.105,7.9271,19.5189,0.786296,22.4877,22.4877,0,3983.2433,0,0.0
16.8282,166049,2794.3044,281.1487,4,101.3558,6.1543,30.7292,0.1973,7.8658,15.5044,0.535664,15.917,14.8001,21,2664.6897,1,0.112711
9.6809,214191,2073.5594,202.6908,5,29.5971,5.3062,28.3198,0.1895,7.7439,17.7199,0.22784,7.882,5.9296,61,3166.7563,1,0.24425
23.0599,96700,2229.8942,420.6026,2,28.3891,6.0672,29.1122,0.1044,7.7861,22.2963,0.522344,22.0336,20.631,0,2172.0677,0,0.113879
16.5721,65139,1079.4904,394.1966,2,94.2991,5.8609,28.7837,0.1482,7.7821,23.4657,0.393702,14.9999,13.1715,31,1075.9505,1,0.203088
6.5328,152468,996.0474,153.01,5,62.0788,5.673,30.1843,0.1946,8.0073,19.5568,0.161768,4.5931,2.5315,85,2558.5731,1,0.267044
7.6688,195961,1502.7794,275.2546,4,79.2628,6.9503,28.9648,0.0988,7.7597,20.4112,0.085061,3.8255,2.0294,36,4070.3719,0,0.522508
19.6254,166351,3264.711,269.0052,5,88.5851,5.1124,29.0699,0.222,7.8948,19.5664,0.644626,19.3109,18.6735,15,2713.1706,1,0.012982
17.3196,153396,2656.7518,400.2432,2,78.1475,4.8033,30.0288,0.2791,7.9388,23.5458,0.731037,17.3115,17.0611,13,2126.5056,1,0.0
21.2221,178000,3777.5346,243.3056,3,130.7076,5.5651,28.746,0.1099,7.7516,16.7536,0.598846,20.6845,19.8,15,3112.6289,1,0.045113
20.5926,86465,1780.537,379.96,4,114.8914,5.7871,29.4774,0.1393,8.0573,19.8688,0.791151,20.3091,19.8057,15,1544.5823,1,0.019927
19.259,211669,4076.5233,270.3335,2,33.9465,4.4827,29.195,0.2645,8.1406,19.3096,0.651814,18.857,18.1694,15,3455.4586,1,0.031034
15.3307,69880,1071.3091,313.9887,5,64.6766,4.9933,29.3043,0.2815,7.9165,18.3378,0.533589,14.5051,13.4648,1,924.5601,1,0.099611
16.5834,156097,2588.6163,337.9969,2,115.8374,4.2826,29.6519,0.2794,7.6794,24.4616,0.562694,15.6271,14.5054,13,2324.2217,1,0.12269
7.8736,97826,770.2438,403.5366,4,27.0651,6.4391,26.0809,0.1894,8.059,17.7708,0.160154,5.3464,2.6495,60,1973.9279,0,0.347021
15.1694,135902,2061.5569,244.6747,2,100.8206,5.0291,29.5593,0.2312,7.8968,22.3687,0.51087,14.1797,13.0289,30,2006.9284,1,0.127862
4.8242,180355,870.0608,358.6684,3,88.6758,6.3484,29.6533,0.1547,7.8978,19.2614,0.094788,2.642,1.4024,93,3220.9377,1,0.301388
10.4777,69502,728.2228,125.5682,5,55.5574,6.2081,26.6746,0.1211,7.7636,20.8707,0.147982,7.1855,3.5528,39,1413.8497,0,0.442002
16.7199,80953,1353.5244,304.5629,3,107.013,5.9106,29.5829,0.217,7.9904,16.6514,0.466931,15.6483,14.3158,19,1227.2245,1,0.130849
22.846,195642,4469.64,290.3007,4,73.9992,6.5278,27.9531,0.1431,7.8007,20.9737,0.359973,20.6026,17.9123,0,4010.5053,0,0.282715
3.1274,179244,560.5652,236.7228,5,24.6756,6.5208,29.7144,0.1011,7.8069,23.0758,0.052012,0.7387,0.7387,72,3688.4427,0,0.380433
9.028,172742,1559.5072,393.1932,2,47.2432,4.5535,30.3688,0.2531,7.6936,22.8344,0.187459,6.7285,4.2062,54,2721.5981,1,0.30998
17.2577,105673,1823.6704,271.3725,4,36.8125,5.5762,29.8312,0.2056,7.9902,20.1669,0.483719,16.3774,15.1825,15,1554.7391,1,0.098434
25.3491,108021,2738.2329,264.8557,3,53.922,7.1003,28.8951,0.0603,7.697,21.9508,0.620239,24.1779,22.7539,0,2479.5016,0,0.145874
19.1408,207953,3980.39,397.2695,5,38.9139,7.2563,28.5915,0.0923,7.7992,20.7651,0.423285,17.4545,15.5395,16,4156.4572,0,0.221798
6.689,99372,664.7028,111.9626,5,18.815,4.4604,29.598,0.2336,7.9932,22.2962,0.129026,4.4377,2.1694,13,844.5384,1,0.305913
17.6786,86679,1532.3647,262.0507,2,140.5425,3.9501,30.6393,0.2538,7.9671,21.4931,0.658044,17.6449,17.2743,3,1273.2349,1,0.0
14.1027,67873,957.1909,187.9201,4,129.0224,4.6078,29.3489,0.2034,7.949,22.7247,0.38551,12.5423,10.8278,52,1119.6701,1,0.210119
7.4382,66128,491.8764,212.5664,3,74.9416,4.5967,30.0661,0.286,7.751,20.5411,0.216875,5.8113,4.0652,3,473.3591,1,0.22256
8.8369,211616,1870.0246,396.2025,3,29.9354,4.7447,29.5019,0.2961,7.8806,20.5269,0.197859,6.8338,4.6359,1,1700.9679,1,0.269983
13.0484,205550,2682.107,107.7453,2,37.181,6.4495,27.8198,0.0602,7.9877,21.3385,0.189596,9.6524,5.8854,26,4312.8402,0,0.454279
7.0942,203953,1446.8808,181.7433,5,129.3114,3.8869,30.3547,0.2604,7.8529,18.3255,0.122003,4.5239,2.2098,1,1315.0817,1,0.346651
21.7022,155382,3372.1318,376.8022,2,120.3373,7.1747,29.0072,0.0835,7.9597,18.3803,0.430964,19.9806,17.905,2,3294.325,0,0.216003
19.0677,137650,2624.669,363.7316,3,126.3768,6.0093,29.6044,0.173,7.7231,25.7643,0.418462,17.3075,15.3052,16,2711.2967,0,0.231212
5.0572,192913,975.5986,145.1571,4,119.5106,4.7992,30.714,0.2498,7.7096,23.0243,0.081577,2.4838,2.1509,3,1025.9031,1,0.350597
6.6304,137128,909.2164,80.2529,3,119.373,4.133,29.7276,0.2687,7.8531,20.1532,0.182842,4.9791,3.2191,5,868.3789,1,0.226938
13.4156,215775,2894.7487,350.9702,5,113.3803,5.271,28.735,0.2082,7.7952,21.5105,0.436388,12.183,10.797,41,3323.3632,1,0.163274
17.1971,172545,2967.2774,431.0516,5,123.7107,4.6773,30.9293,0.2721,7.9416,19.6066,0.561837,16.2442,15.0983,8,2563.408,1,0.119829
12.3245,46994,579.1759,157.5832,2,58.3915,5.2495,29.9115,0.1731,7.8359,18.2062,0.276637,10.2752,7.9928,45,796.5947,1,0.273327
16.009,177692,2844.6723,163.4656,5,23.496,6.9741,28.0704,0.07,8.0091,20.6331,0.356407,14.0011,11.7895,29,3774.5344,0,0.269923
9.6145,152387,1465.1242,258.6126,2,64.8161,5.7025,26.906,0.1301,7.9843,21.4829,0.166054,7.1742,4.5134,58,2689.7901,1,0.330329
9.4152,113757,1071.0415,283.3752,5,37.193,3.7195,28.9091,0.2459,7.806,19.7364,0.289988,7.9772,6.4021,7,992.0674,1,0.194021
14.7208,199961,2943.5924,216.6786,5,21.2496,6.2373,28.7451,0.14,7.7762,19.65,0.264381,12.1281,9.2397,29,4080.0709,0,0.345764
20.3185,136451,2772.4761,437.2823,5,76.5882,7.0586,27.6505,0.0819,7.7638,21.8355,0.56402,19.1448,17.783,14,2720.7151,0,0.151879
16.9956,211085,3587.5259,141.851,3,110.2132,5.8824,29.6817,0.1725,7.9744,19.3155,0.470082,15.8535,14.4869,25,3290.2135,1,0.144217
19.6499,102072,2005.7033,182.1943,5,125.2643,5.4057,31.4486,0.2044,7.827,18.4645,0.789619,19.6499,19.6413,15,1626.0988,1,0.0
8.1548,181420,1479.4436,370.7259,4,110.3865,7.0088,26.4334,0.0672,7.8958,20.5565,0.126056,5.2488,2.1445,46,3621.5333,0,0.398759
13.1012,92002,1205.3389,217.8031,4,113.2925,5.1825,29.8231,0.2182,7.7233,22.1631,0.343897,11.4984,9.7188,47,1440.4885,1,0.214259
5.7858,157972,913.9936,149.5362,3,133.0925,4.5211,27.9486,0.2931,7.8348,22.0614,0.112231,3.3895,1.5341,5,1027.674,1,0.325709
20.3919,108065,2203.6477,153.6706,4,112.1078,6.0612,30.9394,0.1774,7.8894,20.6304,0.546561,19.9232,19.0137,15,1889.6666,1,0.024223
11.8319,201536,2384.5504,357.1156,2,50.2706,5.5599,30.126,0.1714,7.8079,20.9679,0.321017,10.1674,8.3367,52,3122.9569,1,0.223963
21.52,204515,4401.1649,319.5275,2,43.4801,5.3444,30.2959,0.237,7.8763,20.0295,0.623904,21.4246,20.8642,15,3671.5905,1,0.0
9.1104,154131,1404.1905,296.2602,2,81.0145,4.6461,28.8961,0.2606,7.8032,22.2963,0.248201,7.4754,5.7218,7,1280.9146,1,0.223745
9.7166,150005,1457.5418,324.3962,3,103.6389,5.1487,29.8967,0.2206,7.5939,21.2291,0.237527,7.8623,5.8784,76,2576.108,1,0.254208
14.7801,138561,2047.9402,370.4119,4,68.7503,6.5087,27.9587,0.0621,7.8375,18.5969,0.332873,12.7567,10.5693,34,2960.0412,0,0.275482
6.5432,175236,1146.5956,193.6216,4,56.8215,6.4938,28.1766,0.1092,7.7519,21.5866,0.137625,4.2338,1.7769,83,3230.5655,1,0.31774
16.9944,137721,2340.4925,232.8497,3,32.8383,5.7496,28.5486,0.19,7.9823,22.0662,0.517464,15.9691,14.7192,22,2114.3382,1,0.127437
19.4007,92867,1801.6806,361.6415,3,80.2873,6.3873,27.7423,0.1211,7.7951,19.871,0.384845,17.4372,15.1942,12,1837.3281,0,0.257096
14.4287,201101,2901.6272,360.0337,3,18.3297,5.9733,30.2497,0.1551,7.8144,15.1395,0.363724,12.6714,10.7405,53,3483.7465,1,0.236634
14.7232,136720,2012.9554,240.4561,3,52.0343,6.868,28.9681,0.1293,7.9328,17.6682,0.275736,12.2123,9.4864,26,2928.6859,0,0.340894
19.384,109153,2115.8202,320.6999,2,56.8802,6.6764,29.8793,0.1341,7.7883,19.3499,0.319123,16.9975,14.2628,10,2283.6827,0,0.311772
4.9729,46628,231.8786,235.7224,2,101.4729,4.2311,29.8761,0.2795,8.0367,20.8399,0.122752,3.2122,1.7285,5,251.2616,1,0.241267
10.7363,51895,557.1626,263.6512,3,90.7475,7.1526,28.0756,0.102,7.821,18.3977,0.173617,7.6988,4.3404,49,969.4019,1,0.407265
6.324,124931,790.0651,441.5977,4,71.0695,6.1706,28.6459,0.2149,7.9374,22.3763,0.119318,3.6002,0.639,60,1915.4007,1,0.369425
21.7618,161087,3505.547,143.0895,4,115.7377,6.041,30.2689,0.1477,8.0749,21.1117,0.589344,21.346,20.4778,15,3148.2436,1,0.013819
16.4839,74186,1222.8766,129.0293,2,120.7527,6.2407,29.1492,0.0766,7.7228,16.3249,0.28652,14.0817,11.3838,23,1585.5476,0,0.318516
13.5374,201058,2721.8053,258.7395,5,30.1423,5.8328,27.7094,0.1688,7.991,17.7923,0.370289,11.9666,10.2521,57,3460.5203,1,0.212469
18.3749,167601,3079.6536,115.2396,3,74.4974,4.9016,28.7159,0.2386,7.8253,18.7179,0.492819,17.5686,16.3776,15,2634.3703,1,0.0811
17.5305,176500,3094.1405,198.6345,4,140.2383,4.762,28.575,0.2792,7.7779,20.0315,0.710713,17.1627,16.5753,1,2573.1962,1,0.032654
12.8587,117159,1506.5136,286.1385,2,118.0213,5.193,28.6081,0.2535,7.9455,19.469,0.385988,11.4914,9.9664,44,1727.5452,1,0.1822
16.2219,103095,1672.3966,363.9441,5,102.0644,5.2333,28.2761,0.2354,7.944,16.4753,0.463416,14.8478,13.326,48,1772.0323,1,0.184001
3.1393,188821,592.7717,354.729,5,28.0941,6.3416,27.7279,0.1315,7.8905,21.8571,0.043314,0.7851,0.7851,63,3911.6358,0,0.457134
15.0296,123838,1861.2318,323.629,3,139.4457,4.154,31.4072,0.263,7.6749,18.1786,0.627732,14.3031,13.4454,1,1642.9928,1,0.092733
18.8381,101322,1908.714,406.1145,5,136.2573,4.9357,28.8605,0.2356,7.7985,18.5013,0.734945,18.6967,18.2634,15,1640.3854,1,0.0
20.2142,195623,3954.3668,343.3935,3,41.6999,4.6259,28.9188,0.1993,7.7936,22.9642,0.769535,19.9122,19.3721,15,3303.5204,1,0.020811
20.3637,144861,2949.9127,326.8482,5,96.9505,4.8411,29.2424,0.1987,7.9034,18.629,0.750053,20.3637,20.3604,15,2630.8373,1,0.0
4.9211,217118,1068.4537,332.8544,3,105.3313,7.2225,28.9503,0.0857,7.8276,23.4896,0.051245,2.2672,2.2672,57,4556.0274,0,0.429965
5.1088,95336,487.0502,325.8626,5,65.362,5.1503,28.3051,0.2373,7.8168,20.7661,0.118527,2.8962,0.6614,5,502.7918,1,0.304057
18.287,180825,3306.7397,436.7872,4,73.4509,4.0355,28.5877,0.2337,7.6938,19.2147,0.664154,17.7541,17.0108,2,2865.0545,1,0.057745
10.8891,149454,1627.4175,366.2546,4,70.0227,6.4813,28.7295,0.0721,7.9093,24.4516,0.251001,8.8098,6.5605,64,2712.551,1,0.282947
10.6239,82336,874.726,202.7969,4,50.7324,5.9006,28.0706,0.1903,7.9211,20.7723,0.205398,8.3579,5.8762,55,1475.5275,1,0.305807
16.3837,111740,1830.7166,374.5964,2,66.0996,4.5617,31.0749,0.2827,7.8061,24.0351,0.605767,15.6851,14.8015,8,1647.0921,1,0.083986
8.3124,196366,1632.2732,236.9575,2,43.5831,4.7032,30.0151,0.2707,7.7507,16.9757,0.15703,5.8169,3.0805,6,1717.0289,1,0.336505
7.2067,100370,723.3394,224.1157,2,73.6907,7.2889,29.5088,0.1165,7.7848,18.0591,0.088027,3.7336,1.962,56,1895.598,1,0.469051
23.4674,178922,4198.8291,241.9402,5,102.7938,7.1045,29.9688,0.0977,7.8338,20.8069,0.567328,22.286,20.8479,0,3707.9101,0,0.147007
24.198,46951,1136.119,403.6638,3,29.588,6.1567,30.8476,0.1641,7.7979,16.9943,0.63484,24.0456,23.3953,0,1000.3562,0,0.0
16.1873,83637,1353.8578,388.8569,3,31.9209,3.9655,28.3549,0.2738,7.7791,19.9066,0.602889,15.5702,14.7635,3,1155.2013,1,0.071839
4.8369,94899,459.0202,105.8293,3,54.8651,5.469,30.553,0.2257,7.8162,19.306,0.096525,2.7133,1.6428,93,1560.3674,1,0.29328
18.8945,174467,3296.4638,241.3659,4,31.2236,5.9542,28.8488,0.141,7.852,21.415,0.465831,17.3923,15.6682,22,3668.5085,0,0.195998
19.7957,58380,1155.6713,107.898,2,107.8699,7.0854,27.0526,0.1145,7.965,19.6536,0.455421,18.2544,16.4516,14,1213.7014,0,0.198189
5.1333,201001,1031.7995,298.1523,4,30.5721,7.1977,27.401,0.1101,7.9213,21.6053,0.069159,2.4007,2.0615,80,3760.5531,1,0.375332
8.5711,197634,1693.944,134.0936,5,135.5181,4.2641,28.1161,0.2796,7.9046,17.6379,0.198178,6.5709,4.3422,1,1507.2356,1,0.266699
18.9772,158491,3007.7156,118.1933,4,113.295,5.5668,27.4158,0.2029,7.8752,19.6134,0.511181,18.02,16.7477,15,2615.1944,1,0.109514
13.3014,130200,1731.8388,258.3807,2,76.5381,5.0324,29.1825,0.2239,7.7704,17.5766,0.315639,11.4061,9.3107,49,2090.2133,1,0.254122
12.3231,171044,2107.7957,258.1612,5,67.7381,7.2386,28.6219,0.0913,7.877,23.624,0.185541,9.0394,5.412,29,3538.3394,0,0.440538
20.2935,214617,4355.332,315.9204,4,117.5458,6.9754,28.3046,0.1123,8.0847,17.9716,0.485927,18.9333,17.2935,13,4261.1614,0,0.170664
16.743,164978,2762.2288,421.2702,2,40.2473,6.7632,28.8245,0.0636,7.7775,19.9178,0.349742,14.7707,12.5584,28,3341.4759,0,0.261759
16.4645,67807,1116.4107,303.2856,2,119.9323,5.7473,28.9045,0.1733,7.7112,21.6971,0.332354,14.5497,12.3478,34,1261.7175,1,0.24949
4.5051,174743,787.2331,361.7695,2,65.9999,5.9868,29.7056,0.1431,7.7325,21.8107,0.074245,2.0065,1.5919,82,2945.7998,1,0.34354
15.9034,80948,1287.3496,377.5862,5,58.806,6.2547,29.2092,0.2039,7.8565,18.0758,0.490386,14.777,13.4964,37,1264.3591,1,0.148038
16.5866,129431,2146.8265,216.9788,5,44.6922,6.1342,28.2305,0.11,7.6704,21.8152,0.359338,14.5855,12.3693,26,2595.6408,0,0.26798
17.8714,166985,2984.264,341.5123,3,64.2099,5.041,28.8331,0.229,7.9684,18.6657,0.536129,16.7892,15.5234,29,2807.6353,1,0.139173
20.3985,115112,2348.1162,322.7848,4,91.3002,7.3293,27.6624,0.0993,7.8058,15.4383,0.491851,18.9188,17.2432,9,2380.1074,0,0.195021
8.3314,51310,427.4852,168.525,2,132.8721,5.3402,29.5431,0.185,7.7654,20.1401,0.192947,6.3933,4.3174,74,813.4483,1,0.265496
15.5577,147013,2287.1868,208.5658,4,43.5007,5.7,30.3373,0.1822,7.8271,17.4691,0.332366,13.6247,11.423,37,2734.6706,1,0.25368
8.3137,183843,1528.4111,172.5524,5,128.2247,5.4636,29.0893,0.1892,7.9466,19.8799,0.172943,6.073,3.6438,63,2999.8213,1,0.304493
16.7371,218984,3665.1586,330.4578,3,108.1408,6.3444,29.5427,0.1631,8.005,21.1673,0.385803,14.967,13.0121,30,4456.5751,0,0.237516
12.2239,76987,941.0801,356.0778,3,72.7721,5.8398,30.0439,0.1553,7.9438,20.5125,0.257134,10.1532,7.8884,56,1333.4511,1,0.279699
9.986,161099,1608.728,307.116,2,109.2368,6.949,29.0642,0.1228,8.0079,18.5569,0.193742,7.788,5.4267,71,2980.3645,1,0.300479
22.3707,119055,2663.345,427.6721,2,71.4831,6.4682,27.6381,0.0938,7.9696,21.6918,0.461146,20.8467,18.9994,0,2448.604,0,0.190336
14.4893,140998,2042.9565,167.7415,5,137.6743,4.8416,28.8681,0.2609,7.7793,18.9906,0.356018,12.9956,11.2515,21,2021.7539,1,0.192337
20.5479,89500,1839.0406,390.4195,2,66.1646,6.3117,30.8564,0.1382,7.8662,20.7217,0.399341,18.8382,16.7683,8,1801.4135,0,0.21374
5.1108,75544,386.0899,368.7144,4,50.3259,7.0691,29.2938,0.0836,7.6957,18.6714,0.056543,2.3705,2.3705,63,1553.1441,0,0.403115
13.5596,58844,797.9028,207.1414,4,57.5076,4.0113,27.8724,0.2462,7.9279,16.3976,0.389481,12.1406,10.5243,12,781.8256,1,0.186222
6.8039,178874,1217.0368,110.8029,4,86.0698,6.5488,29.8753,0.1275,7.969,20.3317,0.101715,4.152,2.3868,64,3510.5702,0,0.364135
19.843,197407,3917.1479,425.8973,5,29.925,6.8908,28.8866,0.0602,8.0588,21.4761,0.374037,17.6896,15.2337,9,4262.3673,0,0.282309
22.5655,60671,1369.0687,193.9112,5,45.9579,5.6862,26.882,0.1465,7.7644,20.1651,0.699637,22.1151,21.3737,0,1246.3416,1,0.037767
17.8221,46263,824.5046,218.2482,5,107.806,7.5533,28.1375,0.083,7.8573,19.6136,0.393565,16.0214,14.0357,21,942.7647,0,0.241885
12.2671,92576,1135.6417,319.9291,4,59.2794,7.2229,26.8108,0.0737,7.7101,17.9908,0.207111,9.5739,6.6738,33,1969.4913,0,0.367631
12.2066,170159,2077.058,349.0296,3,27.5185,5.5671,29.2861,0.1845,7.8332,21.268,0.23802,9.9319,7.4132,48,2814.2288,1,0.304639
19.7883,91638,1813.3621,225.1961,5,36.599,6.3262,29.3465,0.1433,7.8502,18.876,0.389246,17.9147,15.7039,11,1955.6134,0,0.239247
23.4663,81478,1911.9891,223.9755,4,122.0223,6.1427,32.1891,0.1549,8.0358,22.4606,0.577679,22.5292,21.2426,0,1712.8768,0,0.103434
15.6879,120978,1897.8946,85.5751,4,80.9586,6.6519,30.2623,0.1353,7.9368,19.7548,0.402589,14.1213,12.3815,46,2162.6776,1,0.20938
19.0788,177923,3394.5494,102.2194,4,94.0639,5.307,28.5763,0.181,7.8501,17.2111,0.529358,18.2621,17.146,15,3058.2226,1,0.090623
17.4555,107679,1879.5931,129.8509,2,76.3589,5.7782,29.8137,0.2133,7.9143,22.8635,0.777923,17.1939,16.7306,15,1600.9267,1,0.018523
10.2194,96742,988.6458,177.4392,4,67.0365,6.1219,30.7801,0.1583,7.7719,21.0538,0.176642,7.6456,4.8306,56,1792.4921,1,0.347667
21.5763,78227,1687.8519,332.7929,3,85.1484,6.2658,28.7814,0.1466,8.0672,19.2424,0.506468,20.2327,18.6258,3,1574.8735,0,0.169721
22.2736,137018,3051.8804,339.4862,4,20.6771,6.9563,29.7565,0.1097,7.9408,21.5118,0.594415,22.0855,21.3809,0,2753.0167,0,0.0
18.6257,188854,3517.5306,373.8723,2,118.3708,4.4311,28.8904,0.2286,7.8397,15.7976,0.625969,18.6257,18.494,15,2817.9141,1,0.0
15.9377,176109,2806.7706,233.6183,2,114.5517,4.1776,29.5719,0.2651,7.8351,19.1139,0.644844,15.9377,15.8706,5,2476.9932,1,0.0
17.1773,117160,2012.4958,314.2991,4,88.3481,5.3645,30.2539,0.1774,8.0816,19.9236,0.442092,15.7361,14.083,34,2095.388,1,0.188142
10.6594,97822,1042.7206,191.1236,3,44.7796,4.0577,30.6239,0.2983,7.8327,13.7,0.218591,8.4972,6.0999,9,1068.2688,1,0.289306
14.0981,101821,1435.486,258.5373,5,106.911,6.36,27.6351,0.1053,7.8598,20.785,0.210829,10.9319,7.4118,24,2136.0506,0,0.422856
15.8013,84675,1337.9731,321.5283,2,94.4943,5.0218,28.5349,0.243,7.7364,22.7241,0.589759,14.9466,13.9538,30,1249.5974,1,0.110511
19.7686,176747,3494.0482,292.8443,2,40.8238,5.7632,29.7473,0.1565,8.1693,19.912,0.40493,18.2008,16.246,19,3219.0919,1,0.190992
20.4488,130375,2666.0145,321.3319,3,74.6516,7.4175,29.1606,0.0724,7.7873,21.6947,0.470247,18.9742,17.2094,10,2812.7024,0,0.186161
16.6416,179694,2990.402,142.6244,4,94.0513,5.0156,29.1494,0.2678,7.752,22.4195,0.524935,15.8654,14.8135,4,2585.1979,1,0.08698
21.1907,123760,2622.5573,88.4168,3,103.7709,6.1602,28.3211,0.1928,7.832,19.664,0.631406,21.0716,20.4982,15,2174.3427,1,0.0
15.0638,89704,1351.279,102.2407,3,117.2871,4.262,29.2131,0.2614,7.9719,18.6381,0.508948,14.1231,13.0063,2,1188.8229,1,0.119531
18.7293,62430,1169.2722,196.7187,2,39.1383,6.0502,29.5325,0.1967,7.7798,15.9878,0.576586,18.6542,18.1101,15,1000.4993,1,0.0
10.5441,154415,1628.1742,167.3958,4,110.8634,6.3712,28.6771,0.1837,7.7861,21.5288,0.227211,8.5903,6.4549,56,2519.9831,1,0.264037
4.5087,152178,686.1181,311.4441,3,65.3483,6.0785,30.9049,0.1774,7.8071,16.2441,0.063766,2.2918,2.2918,92,2861.3898,1,0.335346
19.2792,165493,3190.5656,412.498,3,61.7421,7.4313,27.3327,0.0742,7.8693,21.0418,0.378544,17.2271,14.8932,12,3552.7319,0,0.269589
5.1082,213209,1089.1239,192.2388,4,34.2551,5.9769,30.891,0.1802,7.8733,17.7526,0.092527,2.7911,1.6732,80,3410.6505,1,0.318314
20.5538,181469,3729.8839,129.6121,5,100.6341,6.3583,28.6309,0.185,7.8982,20.1328,0.45431,19.187,17.4343,15,3663.1596,0,0.162199
2.9879,217484,649.8164,400.8377,5,104.6707,3.9075,30.5557,0.3136,7.8351,24.1876,0.065839,0.8613,0.8613,14,1215.0177,1,0.293708
12.1981,78223,954.1688,242.6349,4,106.5886,6.0173,30.1055,0.1832,7.8793,14.8962,0.225958,9.8354,7.2533,50,1566.7941,0,0.319328
22.1582,113786,2521.2953,199.6805,2,36.9144,6.2496,29.6905,0.1733,7.994,21.9806,0.695151,22.1569,21.8617,0,2367.5758,0,0.0
16.0684,108515,1743.6628,273.8124,5,107.8905,4.3887,29.4872,0.2495,7.9488,21.4363,0.52055,15.3502,14.3579,5,1408.3098,1,0.078715
11.6399,202244,2354.0989,435.3605,2,82.6932,7.08,28.9454,0.0855,7.5467,19.6954,0.161109,8.4484,4.9743,31,4062.0202,0,0.432496
20.475,87824,1798.1927,282.5164,3,21.0945,6.7484,27.7699,0.1155,7.9927,21.2956,0.703694,19.8321,18.9984,15,1526.1336,1,0.075441
17.2908,166014,2870.5178,300.1385,3,135.98,4.9509,29.3535,0.2335,7.8875,18.7076,0.541914,16.2341,14.9816,26,2698.374,1,0.134457
11.8102,66354,783.6531,397.9809,4,82.9671,4.2624,29.6791,0.219,7.9743,20.8952,0.282189,9.8731,7.7177,4,715.1712,1,0.258554
15.7705,67699,1067.6491,288.1747,5,79.1735,4.4741,30.9536,0.2555,7.9839,21.8683,0.558157,14.9561,13.9746,5,862.1148,1,0.102215
17.184,80207,1378.2806,184.2019,2,56.7698,4.3926,29.0545,0.3019,7.8383,19.7707,0.64134,16.5642,15.7419,3,1216.1149,1,0.071057
5.6274,154760,870.9016,410.0616,4,65.7919,6.4338,29.9825,0.1295,7.7422,18.6025,0.063178,2.155,1.9764,49,3300.0947,0,0.474691
16.9172,71128,1203.2847,391.0735,4,140.2421,4.2825,28.5203,0.303,7.8626,19.2901,0.478205,16.0774,14.8997,10,1012.0905,1,0.090399
23.3487,129466,3022.8595,265.0201,3,52.9044,7.0621,29.8957,0.1152,7.5886,19.5783,0.754712,23.3363,23.0068,0,2806.2631,0,0.0
5.7372,196341,1126.4383,122.8593,4,135.0743,4.4768,30.3557,0.2755,7.9657,20.4509,0.113238,3.2897,1.2219,3,1114.7838,1,0.332942
13.904,65588,911.938,135.2487,4,30.1393,5.8227,28.6415,0.1927,7.9404,19.0919,0.241773,11.3752,8.5091,38,1234.8931,1,0.33307
19.3776,201142,3897.6411,280.0135,2,30.2113,6.7835,29.2601,0.095,7.8992,21.5205,0.453691,17.7625,15.9036,16,4120.3754,0,0.21028
9.1068,162402,1478.9621,277.3894,5,83.5141,5.8105,27.8867,0.1783,7.7807,21.2992,0.159851,6.2423,3.0819,51,2642.5776,1,0.384618
10.2688,90159,925.8272,214.4763,3,99.8605,4.8916,26.8874,0.2107,8.008,23.3391,0.27446,8.646,6.8901,64,1427.5731,1,0.220818
4.5687,188071,859.2387,374.8004,4,80.3732,5.6612,29.218,0.1676,7.6876,20.6492,0.064365,2.2766,2.2766,89,3232.3758,1,0.332733
12.9786,120450,1563.2685,442.6759,4,75.693,6.6347,28.425,0.1144,7.8979,22.9728,0.214802,10.1931,7.1264,33,2400.5219,0,0.374554
17.4196,187461,3265.4884,365.3971,5,55.2258,4.9302,28.5803,0.2126,8.1181,20.8694,0.358446,15.6988,13.6484,26,3340.7313,1,0.217994
15.9665,152725,2438.4805,245.4491,3,99.6295,5.1572,29.4714,0.1967,7.7547,20.4835,0.416549,14.7433,13.2026,18,2232.8383,1,0.147639
20.7915,96482,2006.006,216.6125,2,16.4004,5.8983,29.3805,0.2142,7.8679,19.1388,0.749167,20.6868,20.2754,15,1727.4174,1,0.0
3.3082,81962,271.1429,144.1617,3,37.7654,6.0947,27.9042,0.1326,7.7434,21.1901,0.065055,0.9647,0.8084,96,1434.6196,1,0.324011
16.2274,157392,2554.0571,233.8665,5,128.2318,5.2603,29.7274,0.2348,7.8607,20.8397,0.789759,15.926,15.4745,10,2112.1645,1,0.029695
17.5252,59011,1034.1784,350.1686,4,73.8724,4.9854,28.4916,0.2353,7.5816,17.531,0.73659,17.1851,16.6517,15,817.1024,1,0.03119
14.7981,134716,1993.5357,253.616,4,71.048,4.4902,28.8736,0.2974,7.8858,20.4011,0.597931,13.9905,13.0458,4,1831.1378,1,0.103835
5.4442,95192,518.2451,110.5288,2,114.2815,5.4877,31.956,0.1835,7.9107,17.3909,0.08773,2.9631,1.9812,84,1711.8205,1,0.341508
4.9023,129860,636.6188,375.7676,2,52.1368,6.7197,28.3218,0.0502,7.9217,19.7805,0.051171,1.1338,1.1338,39,2569.3323,0,0.594429
18.4297,105388,1942.2688,317.6366,2,23.6757,5.5853,28.0991,0.2399,7.8976,23.1585,0.786856,18.0479,17.4875,15,1607.4593,1,0.03875
25.4725,111850,2849.1034,196.8048,2,26.402,6.3352,29.2777,0.0904,7.8256,19.1376,0.733511,25.4118,24.9479,0,2658.582,0,0.0
12.073,87314,1054.1411,328.5992,3,73.3577,7.0499,28.7799,0.146,7.6754,20.7258,0.24611,9.8577,7.4734,45,1821.1393,0,0.302487
5.1314,54954,281.9896,299.8313,3,124.2437,5.9201,28.1382,0.1481,7.7597,22.7166,0.091232,2.2542,0.6201,67,941.1101,1,0.392171
6.7227,89333,600.557,252.7736,2,92.8463,5.4654,26.8958,0.1833,7.997,18.1246,0.139097,4.2874,1.6834,77,1679.0048,1,0.333947
24.2419,91316,2213.6692,243.0127,5,125.4613,6.8365,29.665,0.1178,7.9225,24.6405,0.593769,23.593,22.531,0,1992.4504,0,0.055038
12.1006,181016,2190.3957,86.943,5,36.4275,4.8718,29.6207,0.2735,8.0249,21.3808,0.365107,10.6562,9.0537,16,2334.0187,1,0.193184
22.3248,59079,1318.926,250.0666,4,88.9776,5.7934,29.7577,0.1474,7.8366,15.0271,0.742948,21.8115,21.0704,0,1183.9495,1,0.053239
20.635,78791,1625.8509,346.3034,3,74.7402,5.2419,30.4757,0.2131,7.8439,18.9065,0.714012,20.616,20.2726,15,1325.7112,1,0.0
21.4358,161780,3467.8792,249.597,3,101.1505,6.0576,29.1175,0.1602,7.8155,22.6731,0.667354,20.9022,20.0858,15,2908.4369,1,0.050917
4.009,203315,815.0885,383.6735,2,74.3116,5.0893,29.6551,0.2885,8.0191,20.2551,0.054039,1.9974,1.9974,4,922.9486,1,0.389027
12.9407,183792,2378.4035,362.7643,3,58.3801,4.793,28.6766,0.2644,7.8262,22.4748,0.361325,11.357,9.6198,53,2802.4922,1,0.213499
20.0202,181090,3625.4561,85.7832,5,25.5355,6.4777,29.4704,0.1588,7.9449,17.7457,0.4136,18.3966,16.4113,14,3522.0452,0,0.201245
16.0191,166042,2659.8354,300.6206,5,91.8247,5.1176,29.8483,0.2314,7.9802,20.0836,0.561794,15.1408,14.0985,26,2302.7841,1,0.111632
18.3769,133819,2459.1717,251.7599,3,45.7145,6.879,30.1046,0.0982,8.0796,15.5321,0.459949,16.8022,15.0401,22,2651.5738,0,0.209313
7.0891,174572,1237.5615,422.1987,3,37.9137,4.3183,30.7422,0.2617,8.0373,20.0314,0.17391,5.3687,3.521,1,1095.7491,1,0.235254
19.6851,86495,1702.6614,232.6603,3,58.9929,5.9226,29.5835,0.1436,7.9164,20.9176,0.417712,18.1744,16.2759,18,1544.6681,1,0.182716
7.2173,67262,485.4529,336.1179,2,52.7148,4.4579,29.9656,0.2588,7.6834,21.3285,0.150373,4.958,2.5177,1,415.3345,1,0.307795
14.1187,85197,1202.8682,232.3276,5,108.8401,6.725,30.7657,0.0818,7.7157,18.804,0.263038,11.8237,9.2921,38,1697.7341,0,0.308191
22.9598,52739,1210.8787,446.7712,2,62.6573,6.6444,31.0539,0.1563,7.762,21.6694,0.696116,22.7031,22.0633,0,1113.3207,0,0.0
4.7381,219816,1041.4998,85.8942,4,36.8074,4.8742,28.8197,0.2334,7.7941,21.1485,0.103985,2.4639,0.7862,80,3377.8264,1,0.312439
20.1862,112353,2267.9771,335.5777,2,47.4212,7.0937,30.5254,0.0687,7.7161,22.8099,0.389487,18.1093,15.7752,8,2386.389,0,0.275248
17.3145,54023,935.3835,221.6933,5,89.9374,5.4669,30.3398,0.1866,7.9464,18.9805,0.555166,16.3883,15.27,23,856.9557,1,0.116061
21.2021,81713,1732.4852,355.6562,3,50.6405,6.6391,29.2354,0.0581,7.8883,15.5703,0.526444,20.3456,19.1169,15,1579.3506,1,0.089615
13.3699,202403,2706.0986,247.232,4,107.9467,5.5063,29.5831,0.1397,7.6303,19.256,0.321277,11.5883,9.6101,47,3554.0546,1,0.238147
15.4266,198123,3056.3649,272.6544,2,54.2733,4.3943,32.0454,0.2764,7.9112,19.2355,0.710594,15.0045,14.4361,8,2665.1984,1,0.047621
17.7817,122919,2185.7052,192.5105,3,116.8144,5.8527,28.2925,0.1592,7.7745,16.3707,0.330857,15.6986,13.3143,21,2472.8678,0,0.272372
23.1718,168919,3914.1585,414.7431,3,32.8791,7.2524,28.3008,0.1058,7.9758,20.5126,0.634028,23.0012,22.3449,0,3490.2228,0,0.0
8.619,138387,1192.7629,124.9513,2,65.6081,5.418,29.909,0.214,7.5402,21.734,0.195533,6.5657,4.345,65,2213.6315,1,0.279467
3.3507,145402,487.1932,134.4209,5,58.0298,4.8647,30.7502,0.2061,7.8662,25.2752,0.044559,1.4703,1.4703,66,2174.6091,1,0.406932
8.4989,79151,672.6969,274.7805,4,35.7264,6.7917,28.7039,0.0839,7.7742,22.4286,0.129324,5.1254,1.4924,38,1548.7126,0,0.460463
15.6619,112569,1763.0448,84.5106,4,56.9826,5.7081,29.0639,0.1578,7.7453,19.5516,0.337484,13.749,11.644,34,2423.8888,0,0.257302
18.1267,69424,1258.4252,297.2566,2,34.9174,4.5884,30.3736,0.187,7.6232,21.9614,0.691023,18.1267,18.1267,15,1012.8681,1,0.0
18.9823,205102,3893.3014,153.7253,5,50.7562,6.0452,29.2681,0.1881,7.9236,17.4821,0.741531,18.4175,17.6917,15,3430.0763,1,0.066878
14.0439,156398,2196.4387,125.9455,4,67.5024,5.2353,29.536,0.2116,7.7968,22.7201,0.412242,12.6226,11.0499,48,2567.4235,1,0.190462
8.0948,65927,533.667,269.6346,2,124.5053,4.0054,29.0703,0.299,7.7258,16.9559,0.249579,6.5713,4.9199,2,470.5101,1,0.207053
9.8791,134926,1332.9541,363.5837,3,103.2877,6.1062,28.4923,0.1653,7.5732,19.1317,0.246169,7.9422,5.8602,70,2369.3328,1,0.264705
17.6994,94248,1668.1344,368.1589,5,58.8489,4.8537,28.5612,0.2178,7.826,20.6722,0.616865,17.5765,17.0591,15,1490.2987,1,0.0
7.8981,177353,1400.7518,122.1677,5,131.1308,4.8374,30.1743,0.2361,7.7012,19.493,0.16586,5.5606,2.9777,1,1147.8093,1,0.31353
9.2536,67525,624.846,336.8704,3,51.4589,5.045,28.6468,0.1652,7.9403,19.965,0.129356,5.7792,1.9467,44,1342.1983,0,0.46657
4.2407,127089,538.9493,416.1558,2,24.0824,5.6683,29.1665,0.1714,7.7636,17.7371,0.055771,2.0497,2.0497,75,2164.7201,1,0.364388
8.4068,73097,614.5141,265.2347,3,80.2742,4.5858,29.9319,0.2853,7.6141,21.7543,0.195718,6.4921,4.436,1,537.8488,1,0.261846
24.9121,193976,4832.3541,255.6447,3,63.2662,6.6167,30.3132,0.0987,8.09,17.9375,0.764865,24.5213,23.8469,0,4715.2892,0,0.029539
12.1897,52106,635.1551,201.4027,2,56.6524,7.0047,28.9743,0.1071,8.0033,19.2837,0.210802,9.5026,6.5563,39,1063.1159,0,0.362352
10.9185,109302,1193.412,84.7308,5,102.4267,4.0133,31.0012,0.2434,7.9418,15.5231,0.347128,9.6394,8.23,4,1062.9817,1,0.171904
24.8845,132344,3293.3199,362.9823,4,97.5977,6.8012,29.3371,0.1085,7.7486,20.2259,0.710987,24.3242,23.4915,0,3161.9113,0,0.055863
19.5162,50201,979.7319,352.9854,2,78.7163,5.1921,30.3515,0.2626,7.8845,24.7439,0.776087,19.5162,19.516,1,777.1109,1,0.0
15.8545,139926,2218.4595,379.5082,2,132.5081,4.6673,29.2667,0.2109,7.8712,17.6291,0.509091,14.8019,13.5664,28,1966.7718,1,0.134979
13.9392,168560,2349.5982,261.8475,3,51.4067,6.1517,30.2,0.148,7.9152,18.693,0.277586,11.8438,9.5272,49,3082.289,1,0.280961
16.4947,163385,2694.9891,363.5942,4,53.8991,5.501,28.925,0.1934,7.8822,18.3619,0.457005,15.1223,13.5786,41,2739.543,1,0.18177
24.3153,106472,2588.898,324.6588,3,39.8486,6.9401,28.2868,0.0735,7.7865,21.5546,0.516613,23.5238,22.2289,0,2359.0296,0,0.067184
6.6673,100390,669.326,291.0308,4,89.1746,4.208,30.1858,0.2623,7.8616,19.5835,0.169001,5.0035,3.2179,2,602.2337,1,0.227592
14.2151,192066,2730.238,278.2586,4,48.1093,5.4925,28.1591,0.2044,7.9712,17.1195,0.291904,12.1039,9.7442,44,3383.8914,1,0.280881
19.5609,58415,1142.648,384.7834,4,69.1335,4.956,28.9252,0.1954,7.7901,18.3429,0.760122,19.5002,19.1537,15,981.8491,1,0.0
15.3989,82266,1266.8056,435.9833,5,49.7192,5.2053,30.9644,0.2316,7.9524,18.0077,0.355161,13.7047,11.7357,31,1315.1296,1,0.218949
17.8298,195532,3486.2992,417.121,3,124.3179,4.1846,29.8573,0.2763,7.6457,21.1459,0.742644,17.4359,16.8625,8,3089.7306,1,0.040411
14.6518,141373,2071.3744,318.3887,2,137.2446,4.3656,29.5522,0.2641,7.8739,18.4364,0.349113,12.9535,11.0154,2,1818.3471,1,0.222562
23.4418,173534,4067.9494,425.1861,4,72.5916,5.9767,28.6249,0.1796,7.7827,20.6185,0.629721,23.4418,23.0981,0,3616.5082,0,0.0
17.8942,93045,1664.9616,231.099,2,77.2034,5.0754,30.1115,0.2318,7.9152,20.8634,0.594594,16.9782,15.8836,24,1470.9416,1,0.115757
14.1975,151017,2144.0598,391.345,2,104.3838,4.8094,29.2896,0.264,7.6324,25.1738,0.553721,13.2868,12.2507,16,2069.0254,1,0.119603
21.3852,189059,4043.0721,427.9833,5,104.0436,5.5528,29.3648,0.1786,8.0854,20.8479,0.685984,21.3852,21.1569,15,3617.8935,1,0.0
8.6376,178345,1540.4809,317.3079,3,83.7693,7.0855,29.1157,0.092,7.7001,18.5699,0.115549,5.0875,1.4025,36,3771.7987,0,0.483173
7.2555,165006,1197.1974,373.2776,4,64.3763,7.2361,30.5397,0.0876,7.8692,16.1381,0.103341,4.2071,1.7938,53,3527.4705,0,0.416073
14.7897,142742,2111.114,306.4412,3,112.0792,6.6965,29.2051,0.0918,7.7156,20.4275,0.234085,12.0033,8.8919,26,3083.5279,0,0.370972
13.8348,205998,2849.9374,247.8719,5,30.5753,5.6123,29.6571,0.1823,7.8248,17.9038,0.363344,12.1725,10.3365,49,3606.2067,1,0.223035
11.32,70539,798.5018,187.3714,4,47.2824,3.6119,27.7189,0.263,8.0266,18.2143,0.239933,9.2927,7.0288,5,739.5824,1,0.269904
9.7659,207936,2030.674,254.245,4,128.8353,6.3023,28.6411,0.1399,7.8132,19.7706,0.20083,7.7195,5.5297,76,4030.136,1,0.280491
5.0533,90551,457.5787,266.3863,4,112.6165,6.3761,29.7524,0.0797,8.0784,17.5463,0.075801,2.4048,1.7366,66,1789.4918,0,0.365969
4.7256,198463,937.847,306.7847,4,71.054,6.6733,29.4966,0.0595,7.9375,19.2708,0.074788,1.7168,0.8694,67,4043.4728,0,0.412721
15.0992,126748,1913.7922,122.9289,5,22.8422,4.4054,29.8457,0.275,7.8757,18.8255,0.458423,13.8392,12.4174,8,1768.0444,1,0.166496
10.4069,117873,1226.6918,108.4291,5,101.4122,4.7444,27.2593,0.2292,7.696,19.5767,0.228588,8.2647,5.8775,2,1082.3163,1,0.285609
18.3374,46015,843.7937,438.8151,5,57.3379,5.4324,30.4234,0.2323,7.7387,22.5804,0.755082,18.1054,17.6379,15,711.0876,1,0.009877
11.8349,111743,1322.4659,227.5776,3,40.5999,6.9331,28.4084,0.0768,8.1169,22.1181,0.200192,9.3082,6.5917,38,2358.5751,0,0.345245
14.7059,150614,2214.9078,212.8464,2,115.6151,5.5549,29.9705,0.2127,7.6642,23.8141,0.295916,12.6255,10.2069,31,2489.4024,1,0.268795
18.7743,52076,977.6883,206.4456,5,93.3052,5.6577,29.5235,0.1275,7.7342,20.8478,0.463959,17.4139,15.823,29,978.5093,1,0.174956
21.9151,88514,1939.7963,238.2608,2,74.0779,7.518,29.4591,0.0605,8.1784,19.3219,0.527086,20.5684,19.0026,1,1899.9248,0,0.174001
17.3167,126003,2181.9573,370.8855,5,22.9632,4.6531,28.0058,0.2213,8.0461,20.3352,0.581899,16.5553,15.5774,16,1859.8101,1,0.090209
21.0841,90380,1905.5776,329.1612,5,77.5086,5.5151,30.9187,0.1641,7.7732,25.0046,0.609682,20.1219,18.9364,10,1754.2431,0,0.118471
17.515,162915,2853.4643,335.4085,5,118.7043,4.9646,28.2755,0.2748,7.962,19.6914,0.634388,17.4688,17.0624,1,2303.2246,1,0.0
12.9881,179701,2333.9697,134.8213,5,17.3835,7.2843,29.1205,0.0875,7.6514,19.1762,0.171276,9.6131,5.9022,25,3568.975,0,0.454216
19.791,155321,3073.9532,343.8443,5,116.2897,5.5257,27.4851,0.1727,7.8643,20.0791,0.686514,19.2431,18.4878,15,2747.8897,1,0.060191
15.8016,118850,1878.0204,196.8646,2,47.3167,5.4357,28.112,0.1764,7.7232,19.4545,0.407289,14.2871,12.5803,40,2095.9402,1,0.20031
18.4201,133836,2465.2696,297.4337,4,121.8052,5.5264,29.889,0.186,7.7236,20.4125,0.526302,17.1194,15.6434,36,2843.1409,0,0.171165
16.3097,165872,2705.3241,111.891,5,30.9358,5.8426,28.2269,0.0993,7.9052,20.7156,0.334445,14.3361,12.131,31,3290.6383,0,0.262665
15.3869,201530,3100.9129,91.8289,2,54.6492,6.2414,29.6866,0.1385,7.9723,23.1504,0.241662,12.5198,9.2894,23,3966.0216,0,0.379249
19.909,53823,1071.5598,430.1191,5,133.9394,4.3479,28.6767,0.2539,7.6556,19.2563,0.630331,19.2186,18.2854,15,929.9706,1,0.077549
23.7392,108286,2570.6267,349.4892,5,96.9419,6.8147,28.0183,0.0819,7.91,20.9162,0.685457,22.8378,21.7412,0,2390.2692,0,0.11222
9.5104,91552,870.6941,344.6239,5,55.0022,6.6396,28.6281,0.1159,7.7329,19.7194,0.124857,5.8226,1.7926,34,1927.0382,0,0.498431
19.6784,50208,988.0155,133.8662,2,97.8211,6.2513,27.1053,0.161,7.8815,18.1786,0.642993,18.8958,17.9148,18,888.4234,1,0.094878
21.1477,184837,3908.8798,404.0509,4,64.1515,6.7548,29.5433,0.1707,7.9775,25.5413,0.542314,20.5993,19.5889,15,3493.2442,1,0.034503
13.737,157678,2166.0149,408.4045,5,94.3078,6.0998,30.0249,0.1196,7.9237,21.6221,0.276938,11.6057,9.2878,40,3372.9423,0,0.288999
4.5386,136233,618.3105,360.1071,3,18.6273,6.2521,28.3834,0.1499,7.845,22.1149,0.069394,1.4682,0.9749,73,2627.3659,1,0.42017
13.5727,66667,904.8483,359.9272,2,67.3693,6.2605,28.7905,0.1149,7.8413,22.3759,0.269623,11.2359,8.6751,38,1377.7707,1,0.315219
18.0866,145234,2626.7929,131.7895,5,79.5079,4.8572,27.6938,0.2189,7.9507,18.1678,0.470879,16.8296,15.3036,22,2422.036,1,0.156789
18.3994,128344,2361.4541,245.0807,4,87.753,6.3682,28.8132,0.0743,8.0824,21.5957,0.306939,15.8638,13.0158,13,2627.2104,0,0.336154
14.5245,125099,1817.002,438.1718,2,105.442,4.9473,29.1735,0.2689,7.8857,17.6983,0.519013,13.5765,12.4889,2,1519.6108,1,0.123728
22.5349,110530,2490.7784,188.7731,2,100.2407,6.8764,28.3329,0.1079,7.9256,21.15,0.680905,22.0522,21.2899,0,2227.2888,0,0.043703
10.6763,202550,2162.4845,369.0993,5,119.4297,5.1394,30.1266,0.2545,7.7593,17.6841,0.179901,8.0527,5.1323,46,3376.2337,1,0.350095
16.918,202542,3426.5969,205.4292,2,138.718,4.1997,30.8854,0.2949,7.7653,18.6128,0.551435,16.4213,15.5822,15,2807.4265,1,0.039414
24.2827,122740,2980.459,378.5608,4,58.5645,6.8925,28.8213,0.0899,7.7624,18.8488,0.714315,23.916,23.2077,0,2636.2111,0,0.019335
22.2893,89722,1999.8397,113.1626,4,122.2757,5.6077,29.2247,0.1359,7.8829,20.9712,0.585613,22.2244,21.6272,0,1895.5697,1,0.0
10.6997,86385,924.296,268.1899,5,127.6794,5.5718,31.5603,0.1899,7.8269,20.1757,0.265185,8.7629,6.683,71,1534.2443,1,0.264855
4.1138,178521,734.4023,321.0738,3,52.9377,5.897,30.5225,0.2023,7.8024,19.5231,0.062801,1.6509,1.6509,70,2743.7968,1,0.357983
20.8793,126314,2637.3431,386.8676,4,89.8107,6.2416,27.7311,0.103,7.9718,19.9146,0.673683,20.8793,20.859,15,2175.8058,1,0.0
11.1028,73247,813.2439,277.613,2,52.9001,5.3007,29.6955,0.198,7.9026,18.6312,0.203505,8.7737,6.1681,43,1149.9977,1,0.309655
13.2208,124225,1642.3565,170.9935,4,55.266,6.286,28.7869,0.1475,7.7499,19.7616,0.227784,10.4907,7.4334,43,2315.5666,1,0.362752
23.6605,168077,3976.7929,362.1121,2,97.707,7.7778,29.7195,0.0431,7.6321,22.2048,0.526499,22.1582,20.3747,0,3757.7103,0,0.190915
22.3983,125971,2821.532,426.4117,5,17.1115,6.3657,28.0915,0.1528,8.034,19.915,0.468755,21.2719,19.6967,0,2692.6288,0,0.121645
18.1551,131246,2382.7846,340.4976,3,17.7186,5.4063,29.755,0.2526,7.8822,19.8883,0.653877,17.5412,16.7346,15,2131.7487,1,0.0711
17.7193,67300,1192.5073,425.4185,3,111.1708,6.686,27.2148,0.0876,7.8051,17.1842,0.416911,15.9871,14.0378,25,1411.2311,0,0.229324
18.9135,158755,3002.6104,395.9281,4,67.8424,5.1747,29.2838,0.1943,7.689,21.3223,0.549968,17.6908,16.2833,33,3126.6522,1,0.159184
13.2038,59316,783.198,291.5733,2,137.0391,5.1197,30.2075,0.2078,7.9131,21.3151,0.300605,11.3799,9.3241,40,915.9827,1,0.241195
9.3078,208635,1941.9245,390.9878,3,30.097,5.2004,30.4074,0.2214,8.0619,20.5373,0.189324,7.178,4.8872,70,3450.2795,1,0.290922
16.4698,50835,837.2398,195.9134,2,115.5162,4.1233,28.4722,0.249,7.7382,20.6079,0.628198,16.1117,15.4755,1,718.908,1,0.025093
7.5521,182808,1380.5859,310.883,5,60.9619,5.8332,27.9831,0.1884,7.6465,22.1194,0.107169,4.3565,1.7604,55,3334.0268,1,0.431114
17.6276,78882,1390.4995,292.0885,4,60.508,4.8998,30.0161,0.2537,7.9471,23.2171,0.744855,17.1871,16.5809,15,1161.1336,1,0.048489
4.6558,139700,650.4194,133.8811,5,48.6215,7.0969,27.2058,0.0857,7.7505,22.0638,0.07472,1.7589,0.9533,69,2817.8425,0,0.398094
6.3209,104771,662.2461,327.1083,5,85.8834,6.0114,28.2963,0.1761,7.9256,22.9441,0.077645,2.6876,1.7142,57,1910.5598,1,0.490976
17.826,84029,1497.8977,165.2014,3,41.3984,6.4118,28.7663,0.09,7.852,20.169,0.355688,15.8339,13.6169,19,1766.019,0,0.26586
7.5688,178968,1354.5686,96.2448,2,43.0168,4.5056,29.7982,0.2902,7.9158,20.9087,0.177179,5.6832,3.6249,10,1570.1051,1,0.255051
17.5203,184828,3238.2356,310.5854,5,111.7395,7.0479,28.0932,0.1204,7.9196,22.1544,0.268637,14.7346,11.5809,15,3635.6078,0,0.367222
12.8559,183177,2354.9002,201.2418,2,87.1631,6.4115,28.8412,0.1689,7.8975,20.9247,0.325313,11.1908,9.3867,63,3185.276,1,0.226358
16.2923,199423,3249.0688,357.9204,4,77.1487,5.5656,29.7247,0.1933,7.909,21.7215,0.367898,14.6624,12.7286,26,3282.9752,1,0.207229
21.3721,196054,4190.0932,226.483,4,65.528,5.1736,30.4079,0.1641,7.8335,20.2564,0.565719,20.5458,19.39,15,3623.0671,1,0.089248
6.1753,103865,641.3959,246.9259,5,66.6499,5.3269,28.6837,0.2237,7.989,20.6127,0.099083,3.5746,2.2006,60,1579.1338,1,0.352526
9.9623,62221,619.8616,106.399,2,81.6688,5.9778,30.2263,0.1733,7.8362,21.0216,0.212491,7.7911,5.4041,52,966.7739,1,0.292244
17.8748,140046,2503.2964,176.6201,4,52.1341,4.053,29.0821,0.2394,7.9667,17.4919,0.618029,17.1069,16.1431,6,2148.2726,1,0.092982
9.1517,60028,549.3602,392.9466,5,109.7321,5.2222,30.691,0.1979,7.8062,20.7186,0.212351,7.2952,5.3137,79,1070.2483,1,0.254908
12.1218,118350,1434.6099,333.7322,5,114.118,4.1063,31.5203,0.2822,7.9053,18.4271,0.302031,10.4292,8.507,5,1283.3861,1,0.222608
16.1613,102547,1657.2901,435.9171,4,29.3208,4.376,30.2169,0.2679,7.8362,18.284,0.641026,15.4382,14.5858,1,1375.1582,1,0.092397
12.4379,55054,684.7563,271.8567,3,49.9964,7.2654,28.4298,0.0895,7.8254,19.3579,0.160344,8.9246,5.027,27,1184.4733,0,0.469921
19.092,145640,2780.5598,194.8161,3,73.0315,6.3019,30.9134,0.132,8.056,19.4,0.599024,18.0123,16.7685,33,2754.3747,1,0.140482
5.1944,145823,757.463,352.7976,4,89.4777,5.9051,26.812,0.1407,7.9467,18.472,0.087521,2.1459,0.6141,66,2659.5384,1,0.415212
14.2039,167241,2375.4787,115.3476,2,46.7831,4.7048,29.8082,0.2254,7.764,17.8032,0.331306,12.4836,10.5406,39,2742.0239,1,0.227164
18.4836,219180,4051.2416,108.3174,2,77.4495,5.5858,29.5759,0.2364,8.0021,19.8787,0.697972,18.4836,18.2955,15,3438.127,1,0.0
5.2682,88856,468.1098,342.3669,3,49.6103,6.9496,27.5381,0.0547,7.9508,20.19,0.075143,1.9163,0.9132,53,1873.4772,0,0.458571
23.0229,96475,2221.138,277.8219,5,33.6045,6.8985,29.0011,0.0806,7.9049,20.1043,0.657037,23.0229,22.9497,0,2103.7269,1,0.0
16.0566,62988,1011.3703,335.4283,5,24.1643,4.5982,29.6826,0.2403,7.7406,18.4656,0.553246,15.432,14.5502,1,857.9518,1,0.066684
11.9135,83599,995.9526,406.4458,3,92.6848,6.5057,29.5144,0.0789,7.9134,22.7796,0.220572,9.6101,7.131,44,1634.1065,0,0.314507
14.747,47096,694.5243,158.7241,3,26.03,4.355,29.9396,0.2795,7.9155,22.9009,0.510172,13.6891,12.485,4,576.8362,1,0.138914
7.7963,216747,1689.8148,337.6367,3,55.2122,5.7467,29.5054,0.1681,8.0071,19.3109,0.115534,4.6989,1.7379,52,4502.55,0,0.421145
13.6233,152861,2082.4754,411.8084,4,44.6682,5.126,30.1939,0.1968,8.0087,21.4515,0.286625,11.6506,9.4452,44,2595.3316,1,0.262425
18.4935,122652,2268.2683,404.6128,3,45.9892,6.6158,28.2797,0.093,7.7946,14.0919,0.393858,16.7179,14.6277,27,2549.4309,0,0.227176
15.4809,165286,2558.7773,346.2158,5,70.0851,7.0062,29.1783,0.023,7.7861,19.2308,0.258008,12.9378,10.1536,23,3275.2451,0,0.343271
4.9031,80765,396.0017,267.7471,5,109.2031,4.1947,30.1256,0.287,7.6463,18.9239,0.075356,1.9219,1.5341,11,653.2616,1,0.403816
15.617,206268,3221.2958,300.2178,3,83.7867,5.4055,27.7727,0.2411,7.8646,22.0514,0.420636,14.2155,12.587,31,3068.5943,1,0.181169
18.0008,195789,3524.349,350.2364,4,73.0077,5.385,28.9325,0.1529,7.8595,19.9079,0.463273,16.6889,15.1215,25,3556.9368,1,0.165832
13.892,121352,1685.8183,174.4456,4,77.2924,5.3223,29.4219,0.2184,7.7941,18.7957,0.40883,12.5569,11.0922,53,1999.108,1,0.179972
19.4268,167057,3245.3766,318.7734,4,90.1311,5.048,31.1715,0.2297,7.7274,17.7976,0.736556,19.0938,18.5315,15,2809.4336,1,0.026463
21.4502,198301,4253.5929,141.3547,5,44.7852,6.0281,28.0105,0.1309,7.5378,23.841,0.488343,20.3054,18.7691,5,3972.371,0,0.129631
11.7101,69974,819.4028,357.0301,5,103.89,5.1175,30.7577,0.2679,7.8684,18.188,0.350373,10.2785,8.6969,1,659.4169,1,0.192045
16.6243,64291,1068.7925,289.8241,3,37.3675,5.835,29.2621,0.1559,7.9094,17.6448,0.355046,14.6051,12.3411,28,1256.9215,0,0.26806
14.1715,93433,1324.0853,206.5962,3,73.3505,5.48,29.6603,0.189,7.8187,21.877,0.348261,12.3647,10.3826,54,1748.5139,1,0.243565
3.4842,208122,725.1426,255.0958,4,87.5986,5.9183,29.8938,0.2153,7.8574,23.3742,0.046426,0.716,0.716,64,3726.4743,1,0.502248
10.4103,45539,474.0761,402.1004,5,97.7329,6.1399,26.8459,0.1046,8.0019,17.407,0.221364,8.2001,5.8127,66,871.2716,1,0.301085
12.7088,217581,2765.1998,434.2924,4,19.0882,4.913,30.3602,0.2015,7.7355,18.897,0.22927,10.2337,7.4649,43,3785.1334,1,0.329109
15.7691,207897,3278.3437,445.1424,2,103.2756,5.6183,28.915,0.1881,7.6002,22.0264,0.326134,13.9539,11.8194,28,3373.0611,1,0.23242
16.1625,74409,1202.6367,245.1261,2,76.8737,5.2348,30.8131,0.239,8.0202,16.1128,0.436287,14.9321,13.4212,6,1092.9026,1,0.151947
16.7966,206478,3468.1333,314.4128,5,25.8699,6.1999,27.5965,0.0792,7.765,17.4009,0.285083,14.4756,11.7946,27,4316.7647,0,0.301372
18.8534,84121,1585.9666,122.8053,2,28.708,6.1142,27.9757,0.1268,7.7299,22.2491,0.524657,17.5776,16.1373,26,1694.825,0,0.168536
9.4763,112925,1070.114,236.7684,4,104.9278,5.8226,28.8052,0.1117,7.7843,19.3042,0.129294,6.3355,2.9071,44,2426.9282,0,0.424841
2.9171,175735,512.6347,394.1772,2,91.1592,4.932,28.7551,0.2534,8.0277,20.9809,0.048558,1.7225,1.7225,18,1142.8727,1,0.284141
19.2001,218305,4191.467,360.3542,5,25.5135,5.5825,30.5492,0.2036,7.7557,22.5678,0.715652,19.2001,19.1992,15,3673.6591,1,0.0
22.6925,146002,3313.1471,243.497,5,46.4504,7.1074,26.6794,0.1254,7.9435,19.0281,0.435752,20.9899,18.9483,0,2963.5514,0,0.214582
16.9238,192290,3254.2836,422.6146,2,58.3621,6.0693,29.7545,0.1858,7.9706,19.3527,0.586135,16.0819,15.0758,24,3017.3193,1,0.106415
9.8449,175410,1726.8929,367.0644,2,113.1056,4.8239,30.0234,0.2336,7.9116,18.9872,0.295531,8.2632,6.5577,7,1626.4445,1,0.215703
15.4138,157804,2432.3553,240.4529,3,28.355,5.4743,29.1353,0.1504,7.9079,22.089,0.471403,14.2285,12.8744,35,2377.4324,1,0.155204
22.2351,183261,4074.8355,125.9131,3,116.8562,6.5213,28.1089,0.0402,7.8604,17.2743,0.651318,21.3093,20.1937,0,3951.6134,0,0.116207
21.725,216487,4703.1733,267.2749,4,125.4243,5.8413,29.6426,0.1665,7.8691,19.5709,0.642051,20.9772,19.9676,4,4277.8281,0,0.08412
15.8693,151080,2397.5332,268.9184,2,99.8764,4.4793,29.4688,0.2417,7.8562,25.7412,0.751013,15.6776,15.2748,1,1869.9912,1,0.006006
8.2556,90618,748.1031,320.4145,3,63.3005,5.0235,28.8857,0.2133,7.7162,21.1892,0.131884,5.5596,2.6078,55,1438.0605,1,0.363897
22.563,150865,3403.9615,235.284,3,48.8983,7.5429,28.5396,0.0823,7.9583,17.9613,0.422012,20.7027,18.4788,0,3263.6448,0,0.235048
13.6206,70607,961.7124,375.296,4,18.2293,4.7431,29.1143,0.2181,8.0253,18.1266,0.440269,12.3368,10.922,50,1062.8274,1,0.172516
21.4022,141519,3028.8203,304.7628,2,34.0858,6.482,30.4509,0.0742,7.8596,18.7732,0.735894,20.7535,19.9189,11,3035.3646,0,0.076725
19.1521,72210,1382.9762,126.7563,5,83.4648,4.8678,28.6966,0.1923,7.9938,20.1432,0.435142,17.6388,15.8495,24,1440.6119,1,0.192949
17.3642,136104,2363.3398,345.8327,3,53.426,4.9379,29.5957,0.1955,7.9571,18.8675,0.624813,16.5398,15.5659,26,2290.4534,1,0.105187
6.2399,141977,885.9231,262.3547,2,117.8717,7.8188,29.1604,0.0734,8.0352,21.1643,0.109272,3.6875,1.3724,64,2882.822,0,0.352076
17.6256,176191,3105.4736,170.3637,2,92.7658,4.3119,30.3403,0.2834,7.7445,19.3045,0.790132,17.494,17.1292,6,2642.1222,1,0.0
12.3489,97356,1202.2428,188.6117,3,17.8169,4.2957,29.5188,0.2713,7.8562,19.0037,0.325988,10.8203,9.1224,11,1090.3381,1,0.204294
11.6475,204794,2385.3379,82.5569,4,44.3374,5.5482,29.426,0.2269,7.9893,21.6527,0.303958,9.9596,8.0867,47,2931.5217,1,0.225735
22.9855,107866,2479.3544,402.0902,3,27.1986,6.6814,28.9468,0.0739,7.7723,21.6963,0.629843,22.6007,21.8075,0,2252.4686,0,0.014156
14.6162,176440,2578.8893,368.7249,5,80.5352,4.7196,29.5842,0.2453,7.8596,19.5657,0.54132,13.875,12.9361,4,2102.6506,1,0.088975
23.32,95656,2230.701,259.7938,5,42.9534,6.3716,27.2858,0.1579,7.8399,17.8717,0.526693,22.6785,21.491,0,1997.0341,0,0.039772
24.9556,218696,5457.681,298.7426,3,41.0189,6.6819,30.281,0.1259,7.6766,18.7355,0.745755,24.9556,24.9556,0,4874.9621,1,0.0
17.3788,128859,2239.4143,268.6496,2,50.8297,6.04,28.5038,0.1775,7.8626,21.7982,0.504017,16.129,14.7343,44,2310.7379,1,0.166463
14.851,210957,3132.9329,214.5251,4,28.1165,6.4551,28.126,0.0748,7.8958,21.0308,0.271478,12.4169,9.6977,32,4403.3825,0,0.323967
17.4869,60265,1053.8458,119.3552,2,22.1782,5.2522,28.8078,0.2144,7.8242,22.6149,0.649193,16.7844,15.9032,18,993.7888,1,0.085117
15.9478,67370,1074.4057,234.7386,4,110.7593,6.7064,28.0423,0.0483,7.8828,18.8703,0.375994,14.2256,12.341,36,1420.7049,0,0.232561
21.3094,74213,1581.4359,181.435,3,46.4805,6.8289,27.4299,0.0885,8.0529,18.9584,0.514065,19.9539,18.3441,5,1601.1516,0,0.172202
15.4102,81211,1251.4749,81.3322,3,85.3902,6.0438,29.6261,0.1515,7.841,17.8905,0.412936,13.7976,12.0308,52,1574.1255,0,0.217549
10.1397,96072,974.1372,316.6577,4,131.518,5.1175,29.4645,0.2575,7.8742,22.437,0.235793,8.171,6.0227,7,925.6345,1,0.26634
17.6246,83373,1469.4192,437.1342,3,46.4792,5.2584,29.908,0.1777,7.8868,21.5002,0.570763,16.7362,15.6473,21,1278.7741,1,0.109914
17.5121,81077,1419.8278,243.6084,4,49.47,4.5795,30.094,0.2138,7.7353,18.0593,0.479113,16.2303,14.7592,34,1393.3876,1,0.167272
8.4311,130840,1103.1257,349.9076,4,19.7098,5.2932,29.1157,0.2251,7.9198,20.8395,0.215459,6.7268,4.8964,71,1840.5797,1,0.23303
7.3593,172183,1267.138,378.9573,2,55.4648,6.8259,30.8188,0.0472,7.9686,21.4409,0.08919,3.4937,1.349,38,3372.7003,0,0.524867
9.6512,168804,1629.1652,154.859,5,103.7078,6.7873,29.2868,0.1729,7.835,19.8418,0.227924,7.7793,5.7625,68,2916.8067,1,0.255431
9.6016,62949,604.4094,407.989,5,33.1422,5.3612,28.9529,0.1785,7.9947,20.6927,0.224523,7.5703,5.3871,71,1156.4822,1,0.277605
21.0181,62803,1319.9969,433.6642,4,24.05,6.0231,30.1468,0.114,7.7974,20.4678,0.456513,19.8394,18.228,15,1153.6428,1,0.130731
6.0654,165253,1002.3259,311.1606,4,53.1393,6.9249,28.3598,0.1041,7.6237,21.9143,0.073967,3.0727,2.3569,65,3239.9713,0,0.40898
20.2003,128725,2600.2782,104.906,5,128.6355,5.9464,30.3419,0.1739,7.958,19.3715,0.575147,19.2014,17.992,23,2342.1577,1,0.124872
16.0458,185374,2974.4725,321.9631,3,58.7619,5.7017,28.5234,0.1109,7.8792,18.2654,0.29391,13.9218,11.4806,34,3385.9983,1,0.276842
12.5019,80573,1007.3188,394.7202,4,74.8607,6.3686,28.3086,0.0837,7.7717,21.6175,0.214253,9.8106,6.8874,34,1735.9917,0,0.365261
19.4342,87437,1699.2712,386.2941,2,108.7393,5.0796,30.692,0.271,8.111,19.2216,0.600613,19.3915,18.9087,15,1339.3387,1,0.0
18.6407,87883,1638.2046,84.6167,5,34.754,5.0146,28.7294,0.1947,7.8108,20.6662,0.563759,17.5875,16.333,25,1491.0329,1,0.133482
12.6885,199202,2527.5823,91.8841,3,73.4301,6.2018,29.296,0.1203,7.834,21.1334,0.266297,10.5953,8.327,49,3865.6682,0,0.284528
17.0407,66898,1139.9876,158.3898,2,44.968,4.5336,28.5872,0.2919,8.119,14.527,0.663805,16.5035,15.7854,14,915.6855,1,0.061075
8.9878,50664,455.3586,179.5922,2,87.8545,4.4919,29.6401,0.2454,7.6878,19.0897,0.253322,7.4833,5.8449,2,382.6947,1,0.203816
10.273,174753,1795.2314,117.3711,3,18.8794,6.0917,27.3695,0.1783,7.8194,21.6745,0.253468,8.2726,6.1258,72,3289.4534,1,0.273657
6.6107,69650,460.4349,345.8652,4,74.3825,4.6056,30.3942,0.2758,7.8889,22.955,0.162584,4.8885,3.026,5,472.6101,1,0.234406
15.8379,184542,2922.7638,411.1999,5,29.6494,4.6759,29.6337,0.3047,7.8692,18.5304,0.496824,14.683,13.3524,6,2487.0418,1,0.150277
8.556,195325,1671.2073,228.3475,3,72.0324,5.4004,29.8788,0.2608,7.819,19.762,0.233686,6.8106,4.9293,4,1507.9351,1,0.23812
4.5375,194420,882.1876,162.529,5,102.313,4.2606,28.4806,0.2853,7.8967,18.1528,0.073673,2.2671,2.2671,5,987.4156,1,0.329124
15.069,124551,1876.8583,281.6801,5,34.5437,5.548,28.7971,0.2065,7.8468,19.016,0.328006,13.3441,11.336,30,1943.6192,1,0.222623
5.3998,89112,481.1891,145.1591,3,25.8738,5.1764,29.3772,0.2389,7.8751,20.1135,0.088467,3.0522,2.4768,77,1396.7255,1,0.322013
18.1251,176805,3204.6106,140.8773,4,129.1589,4.9585,29.5171,0.1996,7.9395,18.9397,0.42184,16.6336,14.8677,27,3161.9998,1,0.189947
14.1371,70308,993.953,325.7033,4,19.4993,4.8436,28.4448,0.2712,7.8006,19.5517,0.369255,12.6056,10.8888,15,992.613,1,0.203325
22.9752,108664,2496.5793,191.7195,4,70.6463,6.1415,29.3046,0.1357,7.9608,19.4646,0.454847,21.4651,19.5712,0,2413.6324,0,0.18298
12.7562,139983,1785.6505,221.1784,5,90.4323,5.6973,28.6626,0.1888,7.9634,21.192,0.305825,10.9158,8.8989,54,2482.5491,1,0.248271
4.4649,140328,626.5505,314.4043,2,102.1315,4.8217,30.1264,0.2761,7.8499,17.2033,0.107382,2.8984,2.3212,5,688.8755,1,0.216074
12.4952,160269,2002.5909,193.7368,5,101.259,4.7335,28.6094,0.2922,7.7724,18.4233,0.389627,11.1081,9.5924,1,1741.1028,1,0.187494
22.057,142254,3137.6917,224.8041,5,112.5844,5.7338,28.8713,0.1853,7.7356,19.0708,0.576305,21.9102,21.1875,0,3012.6019,0,0.0
8.9393,192530,1721.0846,312.1078,4,121.532,4.5203,29.7605,0.2664,7.7151,17.6253,0.157702,6.3148,3.4251,3,1496.4062,1,0.352874
18.1742,156031,2835.7451,367.7082,3,44.5387,5.2271,28.9487,0.1776,7.8159,14.3017,0.430356,17.0081,15.4772,15,2678.8666,1,0.135172
17.4771,63098,1102.7672,249.8773,2,30.3687,4.8476,28.7682,0.2587,7.783,18.3018,0.606387,17.0572,16.3467,15,890.1303,1,0.033206
10.4523,58354,609.9336,334.3145,5,126.5979,4.5008,29.2956,0.2447,8.1217,22.2564,0.312715,8.8833,7.1841,63,875.05,1,0.213343
18.8386,45877,864.2572,273.047,4,127.1062,5.4599,28.8967,0.195,7.9424,22.706,0.719395,18.7712,18.3842,15,715.0361,1,0.0
6.9853,91828,641.4462,258.1827,2,61.9177,4.3849,29.3702,0.2925,7.8103,15.3042,0.138384,4.4014,1.5482,29,1108.7605,1,0.346742
11.7953,107605,1269.2321,106.8769,4,62.9938,5.2037,29.2896,0.2542,7.8641,18.4398,0.22839,9.4959,6.8977,39,1678.225,1,0.303529
13.0119,137270,1786.1442,118.0805,4,98.604,6.4527,30.0915,0.1471,7.7274,21.7873,0.260617,10.8135,8.3271,39,2374.9893,1,0.290019
16.9216,65870,1114.6274,247.5305,4,87.5878,5.3803,28.706,0.2323,7.893,21.5332,0.526369,15.8156,14.5477,34,1038.4495,1,0.144456
24.5363,137314,3369.1825,204.8343,2,22.3134,7.2682,30.2798,0.0993,7.9942,20.5691,0.405598,22.5502,20.0414,0,2996.9282,0,0.239084
14.208,66247,941.2386,218.3453,2,20.0869,5.3756,28.5193,0.1751,7.7253,23.0373,0.341925,12.3662,10.3436,53,1162.1026,1,0.248106
20.3418,218173,4438.0398,425.6208,2,45.9502,5.2355,29.8021,0.1961,7.6739,23.1692,0.473799,19.339,17.8908,15,4013.3888,1,0.104005
12.7221,176781,2249.0324,408.4854,5,91.9087,5.4576,29.8417,0.2092,7.9515,22.7912,0.259661,10.7311,8.4773,39,2827.4607,1,0.262474
18.1314,106776,1935.9962,389.1506,3,88.9724,6.9109,28.4004,0.1227,7.8692,16.8634,0.409245,16.3752,14.3785,23,2248.4422,0,0.230786
5.2213,178085,929.8424,195.3754,5,87.428,6.6574,29.194,0.1144,8.005,16.1046,0.050213,2.4464,2.4464,63,3404.5476,1,0.469953
17.0641,165096,2817.2138,432.053,2,33.2221,5.8136,29.3371,0.1789,7.9643,20.8769,0.296232,14.5738,11.7148,20,3514.5802,0,0.324863
4.6221,133887,618.8442,99.6681,4,60.9524,5.2685,31.5708,0.224,7.9143,21.381,0.061825,2.2988,2.2988,67,1930.462,1,0.366575
11.1139,88565,984.2982,121.1006,2,21.3065,7.0408,27.768,0.0837,7.8797,20.4053,0.183754,8.5363,5.7274,49,1727.306,0,0.349048
16.9944,105835,1798.6074,186.5572,4,105.237,5.6537,30.3262,0.229,7.7849,20.9645,0.442918,15.8662,14.3979,15,1507.5819,1,0.131922
10.5867,69820,739.1665,84.7119,5,70.7995,5.252,29.4371,0.2664,7.9488,23.9625,0.27066,8.8882,7.0223,1,651.1992,1,0.228738
3.1478,95865,301.7594,164.4664,3,100.9138,6.9253,28.9354,0.1315,7.8563,23.0014,0.048967,0.9244,0.9244,73,2028.0018,0,0.386495
12.2191,103404,1263.5031,271.5975,5,29.7693,5.7296,29.1302,0.2022,7.8977,18.505,0.304752,10.398,8.4193,60,1857.1218,1,0.247108
17.6917,212092,3752.2605,316.3315,4,128.5201,4.4204,31.3427,0.2986,7.8311,19.9535,0.683866,17.1304,16.3745,13,3297.1837,1,0.0633
13.3414,126605,1689.0881,135.5843,4,96.0855,4.2596,29.0305,0.3243,7.6675,20.0205,0.378125,11.9925,10.4421,5,1435.3153,1,0.175826
12.7148,179554,2282.9974,137.3637,2,97.6217,6.2615,29.0195,0.1451,7.9292,21.872,0.261656,10.6163,8.2782,45,2918.3249,1,0.279851
14.713,203228,2990.0932,410.4224,4,78.1884,6.709,28.5506,0.0972,7.7585,21.3231,0.259768,12.095,9.2592,25,4049.8638,0,0.35596
19.888,181921,3618.0507,388.5254,2,31.0319,6.5931,29.6105,0.1016,8.1126,18.7647,0.617412,18.9565,17.8516,26,3343.8302,1,0.118448
18.5142,118660,2196.8954,359.6669,4,105.9442,6.0564,28.813,0.1566,7.5688,18.1817,0.383312,16.7443,14.6966,21,2451.0983,0,0.229528
4.567,217580,993.6957,119.6081,2,121.5645,3.8222,30.0929,0.242,7.8241,21.368,0.081819,2.4103,2.3098,22,1860.7133,1,0.296252
7.0183,77207,541.8586,166.9233,4,101.7765,7.2719,26.7646,0.0944,7.8074,22.1875,0.119372,4.4416,1.7047,60,1615.1641,0,0.354866
7.9314,212840,1688.1167,262.3967,4,65.2549,5.183,30.9279,0.2183,7.8105,19.2612,0.180273,5.8599,3.6278,68,3472.9936,1,0.282634
4.7503,153478,729.0733,95.7738,4,126.7065,6.4232,29.8957,0.1617,7.6946,16.6556,0.060149,1.3921,1.3921,63,2761.8215,1,0.471171
11.9797,170861,2046.8677,205.5377,3,51.7957,4.4849,30.8,0.2427,7.8774,18.962,0.309977,10.2161,8.2903,19,2318.3586,1,0.238487
19.6074,202464,3969.7965,144.3792,5,103.3514,5.5954,30.8775,0.1606,7.8404,18.539,0.675133,19.6074,19.4841,15,3367.3607,1,0.0
22.9711,218052,5008.888,292.2985,3,36.0686,6.4699,27.3982,0.0916,7.8012,19.3833,0.589087,22.8467,22.1766,0,4653.8094,0,0.0
14.3071,45916,656.9253,366.5227,2,60.902,4.0843,30.1323,0.2772,7.9146,20.2282,0.411725,13.1247,11.7118,19,636.9576,1,0.149463
20.7676,87244,1811.8493,271.5711,4,60.2181,6.1339,29.4459,0.1319,7.7995,19.4141,0.56909,20.5343,19.7924,15,1476.3159,1,0.0
20.2307,140740,2847.2629,351.5329,2,44.2262,6.04,29.1157,0.2022,7.8561,18.9093,0.72971,19.8257,19.1779,15,2337.4596,1,0.035861
23.7401,92338,2192.1134,95.4442,2,67.6175,7.5504,28.1244,0.0615,7.8181,15.4091,0.615847,22.5765,21.2164,0,1978.4361,0,0.149701
9.216,48166,443.8968,258.4041,5,114.4759,4.131,30.1542,0.3058,7.7178,22.0855,0.212483,7.2833,5.1782,11,476.0779,1,0.261799
19.2566,76603,1475.1165,96.1762,4,90.6675,5.0396,29.442,0.2276,7.6343,20.9228,0.707918,18.9082,18.3018,15,1267.934,1,0.025784
13.3841,195283,2613.687,244.1105,4,136.6198,4.4844,30.128,0.3101,7.9494,16.0645,0.534854,12.4399,11.3778,8,2494.6317,1,0.125064
10.4039,216134,2248.626,338.3865,5,118.2257,6.8863,30.2981,0.0949,7.9623,20.4483,0.194333,8.0002,5.4149,51,4196.384,0,0.32834
23.9899,84278,2021.8226,220.351,5,71.7586,6.8557,28.4262,0.0757,7.7538,21.4576,0.731807,23.9899,23.9579,0,1912.7256,1,0.0
22.6475,196504,4450.3194,369.5667,2,106.486,6.2125,30.5714,0.135,7.8776,19.5775,0.607525,21.6099,20.355,0,4162.5147,0,0.129831
17.7005,218707,3871.2326,168.144,2,48.2434,5.531,29.1011,0.1378,7.9805,19.4459,0.442738,16.0473,14.2204,25,4584.7389,0,0.221743
18.6271,160635,2992.1687,389.3199,3,62.0755,7.0607,29.3005,0.0488,7.6809,21.7073,0.469979,17.1125,15.437,20,3119.5246,1,0.202992
20.2225,122076,2468.6811,175.4626,4,45.7047,6.0791,30.8618,0.1703,7.5683,18.4273,0.396412,18.5285,16.4225,12,2505.4626,0,0.206905
11.3595,218594,2483.1234,440.8545,2,97.5201,4.9904,29.24,0.1936,7.9889,20.6799,0.20062,8.8833,6.1407,48,3933.285,1,0.33159
17.5095,188971,3308.7785,233.9088,5,108.6221,7.8365,27.8593,0.076,7.797,21.7127,0.301438,15.0779,12.3573,17,3743.6982,0,0.323276
18.059,151581,2737.394,378.9727,4,124.3965,5.733,28.655,0.2079,7.9266,20.3869,0.53065,16.8711,15.5034,33,2676.7401,1,0.15462
17.6847,155306,2746.5381,351.562,2,117.5008,5.3403,32.2948,0.1868,7.465,17.2037,0.613626,17.0036,16.1192,15,2445.7699,1,0.079828
18.6497,175932,3281.0842,122.7043,3,65.0489,6.3763,29.5438,0.1207,8.0548,18.5728,0.324863,16.4029,13.7654,15,3786.3684,0,0.288105
14.0286,207000,2903.9241,170.6293,5,94.0873,6.1388,29.2444,0.1524,8.0157,14.8081,0.277726,11.9254,9.5203,35,3499.5768,1,0.275181
7.4789,74184,554.8121,234.8915,5,100.5978,6.2997,29.9278,0.1596,7.7959,20.938,0.13014,5.0456,2.4372,74,1289.8905,1,0.333121
25.2247,142464,3593.6166,343.4339,2,51.6983,7.1777,30.548,0.0679,7.7758,21.6083,0.671619,25.2247,25.2247,0,3458.7538,0,0.0
4.4303,173352,768.0095,347.7718,2,36.693,5.0403,28.8535,0.2613,7.7219,20.1493,0.096981,2.1455,0.8048,1,681.5536,1,0.313502
7.5128,135593,1018.6853,274.3216,5,51.4479,4.6343,29.4718,0.2046,7.8123,20.0265,0.174208,5.5101,3.3583,71,2026.2855,1,0.273771
15.9642,95372,1522.5335,260.0552,3,127.0144,4.4732,29.9002,0.2668,7.7784,19.309,0.750456,15.6843,15.2349,11,1310.3436,1,0.024596
2.6293,190431,500.7046,189.1284,2,108.2476,4.5724,30.9153,0.2707,7.8337,17.5891,0.046665,1.6257,1.6257,2,538.7668,1,0.273445
10.1633,124356,1263.8669,352.143,2,101.1469,5.5187,27.7439,0.2085,7.8965,20.9998,0.250507,8.2313,6.1154,55,1891.4287,1,0.260737
22.6624,46394,1051.3972,130.6436,5,113.34,6.5745,27.7952,0.0951,8.016,20.6301,0.637315,21.6089,20.3563,0,948.3823,0,0.133707
18.5942,151963,2825.6261,342.6965,2,60.4594,7.189,29.2957,0.0867,7.7679,17.8718,0.414211,16.9016,14.9611,21,3040.1849,0,0.221044
21.664,113636,2461.805,212.1373,5,47.6761,6.8589,28.8104,0.1161,7.6367,20.3346,0.534372,20.4161,18.9219,3,2267.0481,0,0.15744
15.7138,199380,3133.0133,390.8447,5,81.9761,6.899,31.0349,0.1046,7.7561,19.1604,0.377046,13.9989,12.1234,38,4164.0065,1,0.231655
16.456,90622,1491.2743,100.2143,5,101.7444,5.7352,28.7074,0.1654,7.8958,18.0384,0.333823,14.3864,12.0256,36,1667.834,1,0.271294
18.8399,171390,3228.9722,376.8928,2,100.1745,6.1332,26.978,0.0831,7.7799,19.6829,0.471046,17.2905,15.5498,19,3448.1196,0,0.205391
7.9924,73245,585.3999,218.3356,5,41.6706,5.6577,29.6703,0.1607,7.83,18.3778,0.199514,6.003,3.8669,72,1213.3016,1,0.272043
21.7487,92680,2015.6702,125.7478,5,85.5223,6.7093,28.6784,0.078,7.9323,20.2116,0.746933,21.1348,20.3193,4,1821.2177,0,0.070279
16.787,173777,2917.1932,373.2694,3,117.9036,4.8041,31.2901,0.2312,7.7955,19.2972,0.557977,16.1434,15.2203,15,2544.8672,1,0.06735
9.7072,94774,919.9897,340.0654,3,65.6284,4.2389,29.1918,0.2561,7.8865,18.6557,0.268282,8.0425,6.2414,8,929.4466,1,0.226522
13.9547,148846,2077.102,111.0388,5,82.0239,6.9545,29.7824,0.1045,7.9253,24.6063,0.274624,11.7157,9.2448,42,3044.1322,0,0.300592
12.303,177131,2179.2351,374.0374,5,50.8484,6.5081,29.5882,0.1098,7.8011,23.0608,0.230685,9.7515,6.9773,38,3684.287,0,0.346029
22.6009,74084,1674.3652,241.9125,2,20.9781,5.8434,27.8951,0.1917,7.9546,22.8275,0.786233,22.4483,21.9878,0,1544.465,0,0.0
18.0249,110035,1983.3711,320.5817,3,49.1029,5.8132,29.3085,0.1744,7.7651,17.2638,0.45198,16.4669,14.7235,26,2303.9929,0,0.20711
16.5703,170139,2819.261,255.3321,4,61.185,6.5422,28.6849,0.0396,7.9146,19.4752,0.395749,14.7774,12.8164,29,3366.408,0,0.242192
16.6167,155043,2576.3056,423.3154,4,49.662,6.0593,29.5666,0.1886,7.9428,18.6661,0.562201,15.5743,14.3888,36,2690.5346,1,0.136935
16.4809,82877,1365.8848,145.9803,2,33.5928,4.4929,29.1975,0.2551,7.8033,19.4874,0.616908,15.9911,15.2739,12,1111.7297,1,0.049852
8.5263,178001,1517.694,169.086,5,62.2508,5.4299,29.2363,0.2211,7.7318,18.3289,0.141591,5.9207,3.0752,57,2852.5595,1,0.352334
14.8515,191978,2851.1573,287.3798,5,103.5287,4.7794,31.8779,0.241,7.9449,17.2723,0.439681,13.6033,12.1575,26,2702.8388,1,0.161717
18.8313,124534,2345.1319,144.2953,2,21.688,5.655,29.8036,0.2462,7.8863,17.3104,0.78847,18.7873,18.4863,15,1834.0574,1,0.0
24.4107,62058,1514.8763,281.3109,3,85.9921,6.9187,28.8503,0.0834,7.822,19.4545,0.694852,23.5378,22.4376,0,1444.8063,0,0.105268
7.4618,78764,587.722,361.6784,3,109.5972,4.399,29.8094,0.2664,7.743,19.6479,0.168577,5.5367,3.4694,1,513.6301,1,0.263254
8.3472,144430,1205.5799,337.6281,5,27.8802,5.0005,30.1959,0.2246,7.7851,21.4743,0.165658,5.8723,3.1676,56,2341.2135,1,0.334486
22.8955,164155,3758.4179,428.7832,3,93.8538,7.6415,28.6176,0.0247,7.9106,21.6075,0.471427,21.4679,19.6369,0,3584.8205,0,0.169386
18.538,121929,2260.3253,114.1925,4,82.036,5.936,28.9016,0.1643,7.9422,19.7988,0.465447,17.1988,15.596,25,2140.7184,1,0.16904
25.2879,184347,4661.7571,156.7554,4,24.7097,6.7697,29.3619,0.0757,8.0311,17.912,0.665464,24.5153,23.4519,0,4462.8908,0,0.085061
17.6036,167725,2952.5714,312.9047,2,35.2314,6.149,28.4979,0.1978,7.8232,19.7233,0.535416,16.6201,15.4028,20,2709.9087,1,0.12063
16.011,127875,2047.4127,170.1278,4,80.641,6.7491,27.6202,0.0759,7.7423,18.8926,0.305596,13.902,11.5359,32,2622.153,0,0.279859
15.7115,74117,1164.4881,191.2156,3,137.8882,3.867,29.5407,0.3061,7.7901,19.3391,0.638392,15.7115,15.6218,5,952.4543,1,0.0
13.2404,171723,2273.6828,137.031,4,16.9488,5.9763,29.6376,0.1568,7.9217,21.3422,0.338662,11.4709,9.5369,56,2935.3037,1,0.239138
11.0083,100712,1108.6687,426.0471,5,105.2788,5.5853,28.3406,0.1673,7.953,19.0128,0.181551,8.2295,5.1477,48,1872.792,1,0.371768
15.8632,104473,1657.2783,384.5981,5,112.6228,6.9714,27.2595,0.0806,8.0118,20.2148,0.337054,13.8752,11.7063,29,2177.4281,0,0.268984
13.1694,212739,2801.6486,236.0426,3,64.2443,5.0348,29.0693,0.2232,7.8638,19.52,0.275186,11.0378,8.6327,40,3411.2725,1,0.281683
18.8289,159418,3001.6704,327.9721,5,108.5845,5.4361,28.7322,0.2207,7.9533,19.881,0.525579,18.1746,17.1612,15,2451.4426,1,0.061255
21.8917,182461,3994.3864,442.8718,5,115.9632,5.89,28.1494,0.162,7.7384,19.584,0.61236,21.4849,20.6832,15,3267.1525,1,0.019593
13.2382,53762,711.7145,301.7514,4,45.7674,6.018,28.3493,0.1677,7.8575,21.4989,0.203412,10.4344,7.2819,41,982.8535,1,0.371445
9.4426,174269,1645.5509,171.9919,2,80.4868,5.0812,28.4013,0.1836,7.8295,20.4269,0.171015,7.0054,4.3425,57,2837.0576,1,0.329454
15.9951,102152,1633.9286,94.1663,2,60.1484,6.5781,27.9931,0.1945,7.7582,19.4773,0.274186,13.4733,10.6156,25,2202.6516,0,0.332174
3.2035,65374,209.4244,150.9081,4,142.1736,4.4966,28.4537,0.2351,7.9164,18.1777,0.058454,2.0236,2.0236,5,244.8613,1,0.255547
22.1164,181858,4022.0428,323.1687,4,44.6392,7.0185,29.0088,0.1077,7.9393,21.362,0.521623,21.1574,19.8424,0,3780.35,0,0.10601
14.748,102531,1512.1251,223.9446,2,51.6599,7.0291,28.1339,0.0376,7.705,18.5105,0.278973,12.3795,9.7371,34,2058.2901,0,0.315523
21.123,59541,1257.6822,356.764,4,48.519,6.3021,29.5461,0.0901,7.829,14.2268,0.401244,19.3656,17.2443,5,1259.2892,0,0.220261
18.9101,218194,4126.0661,218.8552,3,60.9189,5.704,29.3343,0.1511,7.8081,23.2273,0.509866,17.7238,16.288,23,4069.8916,1,0.14835
7.9016,202580,1600.6978,183.1855,4,85.8768,6.4967,25.9792,0.1487,7.8299,19.1618,0.115366,4.6675,1.3519,57,3813.5384,1,0.437063
16.4555,72469,1192.5156,403.1365,5,50.1055,5.9056,27.7543,0.1962,7.7883,24.4293,0.418395,14.9162,13.1912,42,1324.881,1,0.204419
20.6598,219809,4541.2072,301.8402,5,123.038,6.4816,28.7945,0.1262,7.724,21.7924,0.709744,20.6594,20.3966,15,3812.3519,1,0.0
7.3286,193804,1420.3191,139.7103,4,97.6549,6.5355,30.0283,0.122,7.6232,18.7178,0.106099,4.2118,1.6817,60,3860.2141,0,0.423491
5.4295,157241,853.7322,377.3642,4,107.2274,6.5998,28.9218,0.0528,7.881,20.9866,0.090276,2.5974,0.9796,63,3366.2716,0,0.389504
20.4924,199587,4090.0234,278.8163,2,66.0058,6.4112,28.0183,0.1531,7.9122,15.08,0.553184,19.2588,17.8068,12,4240.4786,1,0.157845
5.0889,146467,745.351,372.8989,3,57.751,5.8223,28.1977,0.1501,7.7954,21.9296,0.071597,2.4841,2.1738,72,3048.2748,0,0.359177
12.3574,165608,2046.4849,202.3446,5,100.7264,4.7744,28.9075,0.1803,7.8548,18.1704,0.274672,10.4079,8.2206,42,2530.9056,1,0.258671
12.6536,121975,1543.4274,189.1055,3,31.7284,6.3922,29.3954,0.1197,7.826,18.4861,0.257989,10.541,8.2375,58,2234.4169,1,0.285976
10.6323,116022,1233.585,308.8302,3,124.1977,6.0554,28.769,0.1586,7.8386,13.3386,0.200413,8.2721,5.6933,57,2085.1756,1,0.319047
11.6034,84344,978.6805,156.3788,3,52.414,4.8832,28.779,0.2443,7.8618,19.6424,0.325151,10.0674,8.371,16,987.032,1,0.206096
17.6737,174401,3082.3051,335.1886,3,45.7779,4.6449,30.7613,0.2609,7.8512,21.5382,0.521556,17.0801,16.1213,15,2547.4311,1,0.051624
22.6381,46680,1056.746,239.0096,2,91.9218,6.6237,28.9936,0.0977,7.944,18.6229,0.561305,22.1809,21.2556,0,976.7125,0,0.019009
24.4183,94657,2311.3616,318.7535,4,111.4026,6.3239,28.6185,0.1434,7.7846,22.0234,0.785845,24.4076,24.1002,0,2091.5562,0,0.0
16.8591,98312,1657.4517,422.3593,5,60.593,4.1529,32.0897,0.2563,7.8632,21.9493,0.774588,16.8484,16.6172,4,1338.0935,1,0.0
16.613,114341,1899.5469,143.5576,3,89.8906,5.4318,29.6903,0.2396,7.815,21.1679,0.384909,14.9418,13.005,31,1850.6701,1,0.216451
17.5224,106938,1873.814,355.7292,5,54.7248,5.3775,28.9729,0.2421,7.7698,21.1048,0.633228,16.7209,15.7765,27,1691.0285,1,0.102473
4.7048,80387,378.2073,324.9602,4,49.7107,6.3046,29.6952,0.167,7.8164,23.6524,0.083147,1.8098,0.6108,63,1623.251,0,0.398656
9.9057,127227,1260.2677,439.3193,2,101.2008,6.7012,28.385,0.1081,7.9564,16.8292,0.191256,7.4297,4.7756,50,2578.0823,0,0.33899
20.2692,199148,4036.5722,107.3758,5,108.9076,6.2573,27.8911,0.1346,7.8211,22.2078,0.481252,18.6916,16.8911,10,4261.4803,0,0.206736
12.6102,167368,2110.5453,353.4516,4,122.0647,5.0647,28.5131,0.1762,7.7887,20.5047,0.287548,10.6857,8.5742,54,2900.0852,1,0.259396
15.3499,65858,1010.9145,231.9882,5,106.2729,5.5651,28.681,0.1185,7.8496,19.5673,0.387269,13.6203,11.7238,44,1394.0704,0,0.233243
14.7624,58221,859.4842,114.0931,2,84.9405,4.6298,29.0579,0.2632,7.8264,19.6256,0.406607,13.6453,12.253,3,787.2608,1,0.136135
21.8579,57779,1262.9276,319.7007,4,68.0769,6.1062,27.0515,0.1672,7.8379,17.1072,0.617003,21.0221,19.9457,2,1220.6636,0,0.098763
10.334,138163,1427.7758,321.8367,3,107.7976,5.762,29.2957,0.2202,8.0414,17.0515,0.262027,8.6469,6.835,71,2244.9215,1,0.230683
8.6526,181406,1569.6348,279.8282,2,57.018,4.7332,29.5237,0.2342,7.6643,17.6937,0.155085,6.197,3.5289,61,2916.7061,1,0.333201
17.1084,110644,1892.9406,244.2624,3,57.9225,6.508,29.7426,0.1475,8.0451,16.4781,0.339387,15.0385,12.6604,29,2256.2375,0,0.269887
8.2721,130593,1080.2793,303.7939,4,60.6402,6.9554,28.6289,0.0885,7.8525,18.988,0.106063,4.5381,1.323,36,2594.0802,0,0.506632
25.3993,210539,5347.5498,321.2407,3,120.3566,6.3717,29.7491,0.0788,7.9167,19.7295,0.750339,25.3653,24.9621,0,4751.0047,0,0.0
12.5966,72257,910.1944,337.176,2,24.1979,5.507,29.7565,0.2141,7.7923,19.5869,0.247704,10.2792,7.7258,51,1369.9762,1,0.311464
15.4577,64143,991.5047,140.0783,5,37.5754,7.5948,27.6786,0.0928,7.6315,21.7126,0.352824,13.6067,11.5871,35,1299.8486,0,0.250443
4.5057,178437,803.9796,347.3334,3,31.7883,7.7742,28.4815,0.0552,7.725,21.3654,0.061039,1.889,1.7816,75,3473.1628,0,0.361158
13.0035,203004,2639.7588,127.4335,4,138.186,4.2635,29.5572,0.2537,7.7468,19.1522,0.35358,11.7049,10.1671,2,2292.7911,1,0.165333
11.5877,88711,1027.9605,172.7482,4,59.4068,4.7651,29.632,0.2482,7.8166,22.7067,0.427717,10.5151,9.3248,12,1041.1221,1,0.143448
8.475,187973,1593.0781,293.5645,5,133.0975,5.7345,29.9483,0.1672,7.7896,18.4336,0.178296,6.0976,3.5093,59,3056.5475,1,0.322162
20.8539,180101,3755.8047,248.8369,2,93.9022,6.1688,29.7594,0.1729,7.7184,23.4104,0.508749,19.7582,18.3317,15,3319.0257,1,0.128086
14.6763,121328,1780.6431,444.1953,2,139.7529,4.2361,29.8283,0.2641,7.8187,21.1983,0.523386,13.7782,12.6944,15,1658.5856,1,0.11258
11.0901,170315,1888.8042,280.104,5,108.4586,6.5413,27.3808,0.0652,7.8912,24.5691,0.166732,8.0652,4.8008,34,3431.6527,0,0.412306
18.605,206534,3842.5725,306.8534,2,25.0111,5.2392,31.3531,0.2718,7.8502,18.3766,0.770673,18.1575,17.5375,13,3363.5433,1,0.048902
15.5959,65526,1021.9343,195.1294,2,114.16,4.452,28.2331,0.2782,7.8512,19.7063,0.572053,15.0972,14.3545,13,891.9326,1,0.049545
8.6189,196389,1692.6639,169.2783,5,117.4549,4.9233,29.4178,0.2076,7.8426,19.4203,0.161296,6.1878,3.5298,56,3330.6703,1,0.328484
12.088,217040,2623.5711,110.7445,2,102.8899,4.2913,29.3564,0.2431,7.6502,21.8405,0.251819,9.951,7.5995,52,3640.1375,1,0.287469
8.6772,52367,454.4002,119.8851,2,90.4881,3.9308,29.8008,0.2544,7.7843,22.0372,0.240982,6.9695,5.1116,1,409.8946,1,0.23151
18.2174,136483,2486.3671,427.8729,5,91.9657,5.7197,27.9613,0.1755,7.9438,17.9099,0.356028,16.1837,13.8712,18,2660.7746,0,0.267218
16.9001,123051,2079.5755,97.6857,5,102.5844,5.1112,28.842,0.2441,7.7498,21.4917,0.624495,16.9001,16.7527,15,1734.8141,1,0.0
19.409,60552,1175.2535,210.1677,3,54.4902,5.3411,29.3143,0.1678,7.9164,22.0776,0.689279,18.7886,17.9651,15,1011.4935,1,0.071097
15.8131,72863,1152.1878,142.361,2,30.121,5.6135,31.1477,0.1826,7.8599,18.2486,0.508016,14.6148,13.2666,40,1221.1621,1,0.158673
18.9989,198463,3770.5772,229.7157,4,33.5678,5.8192,28.923,0.1659,7.9865,21.4545,0.609245,18.0477,16.9319,28,3493.6861,1,0.122048
18.5027,88033,1628.8524,137.3544,4,20.3841,5.2832,28.0683,0.2394,7.8306,20.5893,0.669452,18.34,17.8283,15,1301.3449,1,0.0
12.5309,142356,1783.8514,449.3979,3,69.9528,5.0465,31.6255,0.2713,7.7217,20.2256,0.371934,11.0749,9.4631,37,2148.2454,1,0.195036
9.4205,170802,1609.0425,290.8088,2,100.0006,5.9347,29.4989,0.1908,7.7998,19.6952,0.170173,6.7896,3.9441,57,3500.3335,0,0.35806
13.4611,70240,945.5086,279.6567,4,116.9566,5.5753,28.5165,0.2012,8.0564,16.6011,0.38075,12.0526,10.5151,57,1233.4339,1,0.190524
22.2997,50160,1118.554,423.6657,2,53.7764,6.2156,29.5323,0.1811,7.8238,23.7932,0.539482,21.7538,20.7235,0,994.86,0,0.031583
14.7411,89102,1313.4656,113.5718,4,62.5724,5.8282,29.4222,0.1801,7.9061,21.9049,0.327635,12.8181,10.709,42,1772.1858,0,0.259275
21.1928,45815,970.9501,222.3588,2,99.408,7.2643,28.4851,0.056,7.9021,22.3907,0.434567,19.29,17.1353,4,951.2712,0,0.250804
18.1038,75962,1375.1977,243.0581,3,75.5773,5.604,30.3857,0.1951,7.9155,21.5993,0.364566,16.2488,14.0249,25,1429.6538,1,0.233809
17.9897,78802,1417.6245,137.4435,4,136.1651,4.5534,29.5104,0.2691,7.7037,20.4548,0.707842,17.8874,17.4801,5,1220.0225,1,0.0
22.5915,204191,4612.9856,341.8259,2,107.9344,6.8119,27.3234,0.1361,8.0427,18.2641,0.644866,22.2398,21.4958,0,4101.384,0,0.010401
14.4673,110986,1605.6668,261.4722,5,29.8824,5.0422,29.9366,0.2279,7.7504,18.5728,0.432921,13.1184,11.6289,49,1790.8967,1,0.180994
19.6288,147807,2901.2711,413.1022,3,94.9857,4.7876,29.1377,0.2286,7.9471,19.4377,0.619722,18.8471,17.8364,15,2546.1754,1,0.092002
6.7968,204365,1389.0335,116.5008,3,130.4369,4.8021,28.5324,0.2676,7.8387,17.8662,0.182846,4.9327,2.9165,2,1235.9352,1,0.253697
21.4138,190478,4078.8581,444.2287,5,105.9844,7.0167,28.8339,0.1044,7.8633,23.6594,0.681514,21.4138,21.228,15,3441.7572,1,0.0
8.2913,173910,1441.9342,180.8675,2,66.5125,4.9255,29.9082,0.2255,7.7228,21.1491,0.226297,6.4805,4.5355,71,2578.2255,1,0.247571
17.9338,84020,1506.8017,315.9109,2,35.4903,6.2098,27.998,0.2109,7.682,20.9268,0.392057,16.2918,14.3729,29,1585.4979,1,0.2113
15.7216,114108,1793.9592,407.6719,3,136.7007,4.4281,28.876,0.2612,8.0799,19.7557,0.52063,15.191,14.337,6,1468.5489,1,0.04645
23.1052,208382,4814.7059,363.7124,3,100.3247,7.1137,28.2765,0.1174,7.8215,19.6685,0.646474,22.1159,20.9037,0,4585.9641,1,0.122416
14.6859,154762,2272.8154,204.2788,5,18.2774,6.8057,28.513,0.0633,8.0489,18.572,0.199606,11.1549,7.1918,20,3182.9998,0,0.468397
15.9364,101289,1614.1788,94.2191,2,96.1829,5.6874,28.958,0.1777,7.8145,16.8455,0.452009,14.6109,13.0949,35,1585.9004,1,0.173411
15.8592,112559,1785.0933,333.6757,5,72.8792,5.2293,29.8039,0.2855,7.8777,17.4247,0.39666,14.5318,12.8611,18,1530.6078,1,0.160296
18.3636,118699,2179.7357,234.5585,5,68.281,5.751,27.585,0.2012,7.6775,23.8073,0.574681,17.3156,16.0865,28,2056.6684,1,0.134464
22.6863,140935,3197.2903,362.6713,5,56.5943,6.7069,29.3603,0.1259,7.7244,16.8482,0.581389,21.8534,20.6835,0,2911.74,0,0.089469
16.8114,160439,2697.209,426.7351,5,40.4193,4.0133,29.0791,0.2773,7.718,23.5799,0.720174,16.7337,16.3786,15,2164.4643,1,0.0
16.5594,194205,3215.9251,195.9187,4,41.6565,4.8658,27.8096,0.224,7.8581,20.4268,0.50091,15.2894,13.8657,42,3160.7656,1,0.168628
19.7474,143330,2830.3899,413.3023,3,35.8926,5.4786,27.6597,0.1932,7.8363,20.8966,0.674505,19.7474,19.5138,15,2322.325,1,0.0
16.0565,51891,833.1894,405.6858,5,62.5091,5.3935,28.7215,0.2505,8.0391,20.7606,0.513179,14.896,13.5876,39,803.0065,1,0.153457
21.5442,199980,4308.4015,445.4917,4,24.8343,5.4769,31.287,0.1559,7.9966,19.1483,0.629698,21.5442,21.4006,15,3541.5698,1,0.0
17.1732,184880,3174.9856,85.9035,5,137.9741,5.2842,29.2389,0.2223,7.566,22.356,0.761551,17.1732,17.1732,15,2573.4913,1,0.0
27.6812,219326,6071.1991,204.8816,4,94.1893,7.3715,29.2504,0.0903,7.8213,18.5121,0.683017,27.6808,27.3026,0,5803.9237,0,0.0
18.486,166949,3086.2151,204.1849,5,64.9653,5.7924,29.3669,0.2135,7.7838,22.9099,0.679238,18.486,18.4814,15,2595.7409,1,0.0
16.6391,134038,2230.2735,122.0044,3,104.9688,6.5705,29.1873,0.1146,7.7972,18.4853,0.408289,14.9819,13.1644,32,2631.4371,0,0.223426
17.4438,125633,2191.5154,403.1585,2,95.1832,4.6478,27.8075,0.2714,7.8029,17.1563,0.625406,17.0052,16.2901,1,1806.09,1,0.037472
20.5459,154454,3173.3926,151.2763,3,91.0019,6.4388,28.3394,0.0675,7.8255,18.0641,0.580357,19.4303,18.1422,12,3163.6701,0,0.144905
21.9275,66701,1462.5843,361.8166,3,37.7058,6.7917,30.3273,0.1539,8.0954,18.847,0.687341,21.6236,20.9905,15,1227.9733,1,0.010288
16.0584,137846,2213.5838,322.2916,4,49.9123,5.4121,28.9892,0.2129,7.9383,17.089,0.485898,14.7318,13.2581,46,2347.5741,1,0.177277
5.7794,179992,1040.2526,418.3564,2,86.0655,4.7402,27.5063,0.1744,7.9599,19.2001,0.08066,2.4755,1.5385,58,3070.1108,1,0.44722
17.1617,165901,2847.1442,231.601,5,52.0046,6.0867,27.2755,0.1166,7.8601,21.2115,0.312592,14.803,12.1468,20,3528.6204,0,0.312131
8.1168,108999,884.7234,240.7211,3,35.413,5.8102,28.7528,0.227,7.7358,20.7801,0.15618,5.8668,3.4274,62,1765.3073,1,0.30575
13.7429,78240,1075.2447,304.5252,5,62.8408,6.5014,29.7624,0.1351,7.9088,18.7181,0.230567,10.8792,7.6958,30,1687.7704,0,0.382492
5.0302,98901,497.4869,138.6829,4,92.4399,6.2321,29.5979,0.1649,7.7745,19.7205,0.091846,2.283,0.7135,63,2019.587,0,0.37936
18.5697,81654,1516.2919,200.6942,3,129.6732,4.8089,29.8918,0.2488,7.7322,20.6782,0.580941,18.257,17.536,15,1260.0556,1,0.002123
22.4476,210750,4730.8354,349.2959,2,66.0951,6.1742,29.2532,0.1183,7.9826,15.8216,0.709584,21.7823,20.8906,0,4530.926,0,0.075457
6.2362,92732,578.2987,198.4132,4,82.3724,6.6842,27.9254,0.1473,7.783,20.123,0.083989,2.5236,0.8719,43,1912.9809,0,0.505829
6.907,46909,323.9984,176.5655,3,52.8516,5.359,31.0649,0.2142,8.0578,16.7288,0.131938,4.7447,2.4296,75,735.8115,1,0.296245
15.5412,208958,3247.454,248.699,3,106.8682,4.7205,29.2605,0.2863,7.7522,20.5971,0.623514,14.9228,14.1316,16,2990.5969,1,0.073532
15.263,86127,1314.5537,359.224,4,60.6079,4.486,29.9678,0.2904,7.8785,15.3026,0.403542,14.0297,12.4834,12,1275.7567,1,0.149481
22.8774,71710,1640.5388,402.0788,4,49.4232,6.9346,28.6081,0.0774,7.8669,21.428,0.438692,21.1024,18.9581,0,1567.6928,0,0.222303
18.6492,146777,2737.2723,216.2037,3,64.61,5.7004,29.6695,0.2201,8.0034,23.1082,0.464491,17.694,16.3594,15,2240.7389,1,0.10327
13.8288,202137,2795.3103,225.274,4,67.0962,6.1764,29.8003,0.1135,7.8469,21.3192,0.208347,10.8664,7.5307,31,4122.8468,0,0.392052
5.6712,148820,843.993,192.2471,5,24.301,4.9342,31.1644,0.2493,7.7493,19.4866,0.126187,3.7894,2.063,22,1253.6316,1,0.258068
3.2914,158010,520.0712,439.2479,4,25.7849,5.2724,28.8899,0.1432,7.9442,21.0992,0.048675,0.6593,0.6593,60,2452.6439,1,0.453623
16.4038,50314,825.3404,424.4859,5,35.0824,6.9419,27.6479,0.1304,8.1085,19.8909,0.232703,13.3561,9.9031,17,987.6201,0,0.401532
15.3816,111049,1708.1142,93.7496,5,102.6585,6.6075,29.9417,0.0768,7.876,21.9662,0.246518,12.692,9.7418,22,2256.6239,0,0.362588
20.2964,123398,2504.5349,80.721,2,112.7136,5.7892,29.0718,0.1375,7.8646,21.0149,0.618816,19.5027,18.4607,15,2299.6914,1,0.091991
8.9305,160255,1431.1586,217.3707,3,58.4096,4.2155,28.7991,0.2672,7.7793,20.2059,0.215307,7.1532,5.212,13,1572.7247,1,0.240311
17.3116,155722,2695.803,355.5737,3,130.2926,5.9373,28.5612,0.2283,7.6821,21.1204,0.344079,15.4398,13.2536,30,2823.0359,1,0.240988
17.2272,209900,3615.9905,353.6932,4,79.5106,4.6795,28.3895,0.2747,7.8455,22.5279,0.702209,16.6892,15.982,11,3208.4826,1,0.062279
12.907,116070,1498.1157,385.3358,2,114.9265,7.0312,28.4872,0.0649,7.8866,21.4157,0.182915,9.7723,6.369,26,2305.2351,1,0.425559
25.4955,149573,3813.4403,206.9727,4,37.3815,6.932,30.3463,0.1075,7.8408,19.7523,0.534059,24.2891,22.6812,0,3519.2425,0,0.137628
18.5989,165503,3078.1788,309.4857,4,115.3806,7.645,28.8388,0.0796,7.7596,19.1188,0.410167,16.9032,14.9644,20,3455.2576,0,0.221894
7.331,104041,762.7268,303.3352,5,20.5624,5.6893,29.8164,0.151,7.9474,21.0888,0.106788,4.5013,2.4293,68,1906.3929,1,0.385916
13.625,112931,1538.6801,422.2428,2,45.4882,6.0443,26.7651,0.141,7.8985,16.9911,0.349622,12.0335,10.2891,54,1864.3799,1,0.214662
24.8165,129375,3210.6406,172.1458,5,97.2208,7.2126,27.1826,0.0823,7.897,19.8431,0.681833,24.325,23.4815,0,3084.399,0,0.037664
10.5299,174562,1838.1261,430.2688,2,69.3332,5.3381,30.3946,0.1969,7.5982,20.8797,0.296719,8.8539,7.0322,60,2677.6804,1,0.227366
15.2595,90985,1388.384,431.005,4,77.5037,4.5787,29.4418,0.3,7.8111,20.3446,0.562026,14.3817,13.3382,5,1159.4146,1,0.111402
18.6962,97560,1824.0022,356.2576,5,17.9785,6.1423,28.9028,0.174,7.8206,21.3035,0.416857,17.1386,15.2526,23,1683.2411,1,0.19472
21.3111,78016,1662.6034,255.661,5,37.5493,7.2334,29.9777,0.0961,7.9881,17.2384,0.480846,19.5945,17.6543,4,1553.1886,0,0.226538
13.8096,154484,2133.3682,426.9152,4,69.2053,3.5,30.1234,0.2908,7.8817,18.557,0.541978,13.0442,12.1317,2,1814.8001,1,0.09695
15.7333,134170,2110.9319,230.4168,3,43.97,5.6817,29.3849,0.2021,7.5593,20.6316,0.321928,13.597,11.2024,33,2752.6777,0,0.283639
17.0971,104759,1791.07,389.4401,4,127.2432,5.2418,29.0628,0.2122,7.946,16.5502,0.406773,15.7435,14.0646,20,1758.8347,1,0.165681
21.2022,103988,2204.7745,335.8269,4,79.302,4.7164,28.6484,0.1651,7.8646,18.9406,0.671297,20.8038,20.0954,15,1847.6183,1,0.02789
21.9138,103624,2270.8,330.157,4,47.7883,5.8132,28.8205,0.1916,7.928,21.2857,0.606737,21.8865,21.4003,15,1926.9873,1,0.0
7.4145,184655,1369.1311,295.2471,3,31.5119,5.0048,29.0592,0.2119,7.7482,19.5326,0.146125,5.1759,2.7766,74,3243.7784,1,0.306512
21.497,104744,2251.6784,174.2485,2,44.3175,6.3794,28.0024,0.1095,7.97,22.0206,0.499111,20.2518,18.6726,4,2255.6206,0,0.1493
15.6726,79858,1251.5858,98.8674,5,95.9734,4.4424,30.9349,0.2626,7.8237,22.5519,0.742258,15.1905,14.5689,2,1031.0574,1,0.056926
15.2019,51989,790.3332,324.3099,2,19.2419,4.7382,30.4738,0.2863,7.8887,19.908,0.596087,14.7556,14.0596,15,705.2164,1,0.041309
25.0335,192941,4829.9895,161.7602,5,80.4495,6.5778,29.3952,0.0779,7.7964,20.0774,0.757522,24.5079,23.7179,0,4681.1703,0,0.051549
14.2755,200420,2861.0893,394.717,5,20.4168,4.5495,29.7743,0.2612,7.7493,18.9278,0.354204,12.5997,10.6758,7,2585.3606,1,0.218608
9.4434,106821,1008.7528,181.4325,4,111.0291,7.0521,28.3456,0.0659,7.7807,20.7954,0.150053,6.51,3.3301,46,2167.8497,0,0.39865
20.9412,119224,2496.6986,241.8241,4,39.5031,7.4703,28.7561,0.0716,7.8689,18.0002,0.525775,19.5088,17.896,6,2406.6368,0,0.189585
19.8251,60745,1204.2736,418.8645,2,89.1627,5.6706,30.7959,0.146,7.7162,22.5432,0.525423,18.6602,17.2365,21,1125.9763,1,0.144454
9.7816,153665,1503.0893,291.8653,3,46.5477,6.9582,28.2051,0.081,7.889,23.7022,0.147249,6.7199,3.3795,44,3149.4264,0,0.414263
24.9754,141851,3542.7916,216.5043,3,31.5137,7.2733,28.3837,0.1117,7.6462,19.2642,0.452046,23.2396,21.0532,0,3447.898,0,0.209509
23.2857,190998,4447.5156,292.3299,4,63.8159,7.3186,28.7131,0.0757,7.8709,22.6812,0.363942,21.0909,18.4196,0,4116.1508,0,0.273151
3.2521,172091,559.6517,408.8533,5,139.2252,4.9143,28.5587,0.2758,7.8541,17.4723,0.073372,1.1529,0.908,22,1310.6788,1,0.28897
19.4482,126611,2462.3567,252.1257,3,73.1835,5.0181,30.1083,0.2391,7.8588,17.8574,0.63456,18.7069,17.7409,15,2081.916,1,0.086583
21.3771,107085,2289.171,269.6478,5,21.7002,5.5733,28.1606,0.2187,7.7019,21.0978,0.634177,21.3771,21.1979,15,2059.9904,1,0.0
9.7308,123462,1201.3838,203.5951,5,59.0087,5.1201,28.1011,0.2444,7.9026,18.687,0.274423,8.0256,6.1841,66,1824.6444,1,0.232332
19.0449,133540,2543.2573,449.4985,3,130.0953,4.8294,27.9343,0.2243,7.6595,19.0125,0.702245,19.0118,18.6686,15,2065.5877,1,0.0
13.2637,79036,1048.3116,290.6391,5,101.7587,7.0889,29.2146,0.0867,7.8716,18.3828,0.241996,10.7269,7.9767,33,1697.9959,0,0.344713
19.1571,162707,3117.0021,122.2677,5,111.8851,6.3913,29.36,0.1743,7.9122,19.3882,0.784937,19.1554,18.9501,15,2621.8096,1,0.0
20.1864,170398,3439.718,272.4179,4,111.1503,6.0533,28.2359,0.1749,7.7715,21.6922,0.759059,19.885,19.3418,15,3037.0251,1,0.020304
10.268,185292,1902.5743,175.3276,3,87.0516,5.0075,32.6638,0.2563,8.0023,20.8478,0.23404,8.3766,6.2771,6,1807.8525,1,0.252872
16.3764,187635,3072.7932,136.997,5,119.6379,6.1747,28.8684,0.0937,7.8922,21.6423,0.288751,13.9889,11.3287,22,3770.9951,0,0.318359
24.1063,103819,2502.6963,301.2534,5,112.8763,5.8504,28.3129,0.1534,7.8592,23.6104,0.716824,24.1063,23.9232,0,2227.5648,0,0.0
16.6924,192626,3215.3992,331.1337,4,100.8085,4.5185,29.0783,0.287,7.893,21.6252,0.714103,16.2673,15.6569,1,2568.3651,1,0.044441
6.564,91782,602.4605,187.8285,2,112.9064,5.8137,29.6439,0.1322,7.9126,17.9256,0.101635,3.267,0.7899,52,1834.5783,0,0.448957
23.501,107781,2532.9657,268.2841,4,85.2238,6.8975,28.3787,0.0989,7.7078,18.7628,0.566624,22.2731,20.7741,0,2435.3548,0,0.152427
21.4451,70843,1519.2321,449.3435,3,31.9712,6.0102,28.6733,0.1011,8.0783,21.472,0.541358,20.0705,18.51,4,1392.0566,0,0.180828
18.048,50921,919.0228,137.9165,3,52.4904,7.2717,28.1997,0.0469,7.7021,20.5663,0.368168,16.0069,13.748,17,993.9627,0,0.273471
12.678,168792,2139.953,323.6098,3,18.8317,4.8773,30.37,0.256,7.9297,16.9708,0.389295,11.2996,9.7797,19,2219.5657,1,0.185173
10.6785,121114,1293.3155,431.4323,2,71.0389,4.9253,29.2519,0.2538,7.606,17.9062,0.291055,9.0444,7.2741,63,1891.3255,1,0.222166
5.4086,207583,1122.7421,418.2189,3,119.3697,5.9559,27.6625,0.1078,7.6069,20.6543,0.075052,2.35,1.6237,58,4419.8048,0,0.419707
20.8791,45393,947.7647,97.6726,2,112.5196,5.3028,29.359,0.2089,7.9343,20.642,0.62419,20.5708,19.8813,15,791.3222,1,0.004026
12.4567,218051,2716.193,158.9634,4,115.3207,4.2997,29.0982,0.2564,7.8186,19.6181,0.417981,11.2574,9.928,7,2441.3031,1,0.160488
5.5494,108250,600.7198,363.0843,4,56.3414,4.7347,30.3435,0.2643,7.9212,17.1065,0.114729,3.1867,1.0666,3,610.7916,1,0.321535
8.0688,66251,534.5659,363.4199,5,79.3201,5.272,31.8686,0.2136,7.9495,21.4322,0.22133,6.5225,4.8645,73,946.8212,1,0.211668
7.3049,60124,439.1968,103.4702,3,52.7171,6.4511,28.4985,0.1428,7.8804,21.1899,0.110689,4.5751,2.0924,58,1234.8276,0,0.37426
16.7315,82162,1374.6941,150.3532,5,102.7597,5.6619,28.9281,0.1255,7.6313,19.715,0.284023,14.3352,11.6256,22,1732.5797,0,0.316161
20.8976,107198,2240.1778,445.4351,4,91.3333,5.4345,30.0263,0.1706,7.8834,19.8348,0.726329,20.2016,19.3257,17,1974.5994,1,0.08407
5.5698,219323,1221.5913,348.5844,4,32.2232,4.8484,29.0505,0.2417,7.9422,21.7594,0.105586,3.4961,2.4422,7,1296.4773,1,0.285598
17.3144,174259,3017.196,230.5422,2,137.2872,4.7856,31.3898,0.2934,7.8118,18.4601,0.563597,16.2688,15.0734,35,2811.518,1,0.136828
16.4932,76958,1269.2837,158.5549,2,46.0045,5.126,30.1693,0.2562,7.7237,23.6214,0.493846,15.3306,13.9982,15,1214.3081,1,0.151873
6.2604,91249,571.2577,298.6159,3,23.9356,6.8661,28.3321,0.0528,7.8695,18.3933,0.080707,3.0853,1.85,52,1800.4743,0,0.434311
4.9378,218188,1077.3664,81.956,4,78.8529,6.9234,29.9806,0.152,7.9439,18.1973,0.054301,2.2467,2.2467,58,4602.4086,0,0.423662
19.4952,152867,2980.1691,409.14,5,45.0203,6.0621,29.4879,0.1658,7.8297,18.6036,0.50161,18.2178,16.6906,25,2873.959,1,0.161387
19.5479,169436,3312.1202,165.4166,3,106.1,5.1333,29.8486,0.1879,7.9388,19.6902,0.508769,18.8961,17.787,15,2923.0588,1,0.050923
19.2405,171754,3304.628,370.6711,4,54.7833,5.4565,27.3468,0.1959,7.8549,20.3026,0.761217,19.018,18.5403,15,2801.2268,1,0.00554
8.8873,130734,1161.8749,431.1829,5,22.6957,5.61,28.0424,0.2319,7.9611,17.7072,0.192828,6.8264,4.6061,68,2000.9451,1,0.281228
5.3606,182496,978.2919,275.9492,5,56.2508,5.2973,30.1192,0.1712,7.9251,19.7022,0.086361,2.2012,0.7167,59,3811.8699,0,0.432433
15.7365,83302,1310.8834,430.9507,3,27.383,6.7768,28.8462,0.0932,7.8635,22.2961,0.334613,13.654,11.3653,29,1747.5545,0,0.280365
16.4228,142292,2336.8376,307.0298,3,97.0674,4.5949,29.208,0.2725,8.064,20.1444,0.641263,15.7924,14.9831,2,2116.582,1,0.074728
23.1022,185803,4292.4547,296.8912,5,85.3577,6.6765,29.166,0.0711,7.8581,18.4849,0.458614,21.4793,19.5222,0,4189.7165,0,0.203549
23.1542,165702,3836.6971,118.1812,3,41.8384,5.9235,30.2102,0.1086,7.8216,17.6677,0.703985,23.1301,22.734,0,3708.763,0,0.0
14.7133,89879,1322.4188,419.7353,5,33.0219,4.6569,30.748,0.2994,7.8607,20.8851,0.552387,14.0593,13.2155,7,1188.8607,1,0.077146
23.8958,82862,1980.0498,232.3693,4,25.7352,6.5811,28.1795,0.069,7.8372,22.0151,0.61235,22.7726,21.419,0,1842.179,0,0.140942
19.4996,161777,3154.5799,151.2415,3,45.5584,4.5505,30.2445,0.2539,8.0051,19.685,0.742658,19.3522,18.898,15,2469.4514,1,0.0
15.0926,178191,2689.3672,388.8562,5,31.5445,6.9634,28.4019,0.0686,7.6597,17.7507,0.243682,12.4742,9.5444,27,3485.0492,0,0.348101
15.8484,63976,1013.9201,164.8251,3,48.8233,5.7209,30.6415,0.232,7.8665,21.1225,0.441439,14.4902,12.9154,31,999.06,1,0.175849
19.0186,211883,4029.7162,237.2079,5,52.2807,5.4093,29.3748,0.2955,8.1939,17.4662,0.740706,18.9034,18.4956,5,3273.4753,1,0.0
26.5205,64803,1718.6091,257.349,3,21.0213,6.7842,29.2252,0.0769,7.7598,15.3483,0.69771,26.4404,25.8976,0,1543.2753,0,0.0
15.3762,52703,810.3714,261.4881,3,35.0422,5.0345,30.1982,0.2721,7.9018,16.4225,0.685394,14.8596,14.1892,3,646.884,1,0.060574
5.5734,47017,262.0458,90.1091,2,121.6576,4.8729,28.0995,0.1702,7.8337,20.4422,0.101784,3.0399,1.402,71,791.1169,1,0.346212
24.6119,155398,3824.6404,438.3982,2,91.9862,6.3444,28.8152,0.0385,7.9452,19.5878,0.457576,23.1,21.1048,0,3743.7121,0,0.174304
12.9171,95257,1230.4417,273.2222,2,32.6108,6.2859,28.3079,0.1211,7.7764,17.83,0.259063,10.7513,8.3989,45,2019.4164,0,0.293918
3.3651,135280,455.2312,276.113,5,63.5644,5.1919,29.491,0.2397,7.9604,18.97,0.071954,1.0493,0.6807,81,1898.5101,1,0.318285
19.6311,51890,1018.659,253.8146,5,41.7121,5.6229,29.9252,0.2288,7.8305,17.4844,0.784667,19.6311,19.6198,15,831.6821,1,0.0
24.1253,53222,1283.9964,125.2919,5,41.6868,6.6105,26.7362,0.0751,7.815,21.4512,0.631559,23.039,21.7321,0,1197.7858,0,0.136533
14.4152,78924,1137.7044,345.7271,3,84.035,4.615,28.5717,0.265,7.9164,18.967,0.59163,13.6493,12.7599,1,936.551,1,0.099055
22.1875,118464,2628.419,345.2867,4,96.1983,5.9043,28.2086,0.1224,7.7281,20.8102,0.460545,20.7423,18.8931,0,2535.1206,0,0.17183
19.7964,110391,2185.3459,187.5264,2,34.874,7.3049,29.88,0.0595,8.0105,24.0267,0.346424,17.7289,15.2964,10,2337.3749,0,0.264641
8.0433,212995,1713.1818,276.2313,2,112.6919,4.5838,28.5559,0.2378,8.0488,21.5648,0.18504,6.0603,3.8974,11,1924.7975,1,0.268362
21.3411,90100,1922.833,196.5773,2,59.1416,6.2131,29.2208,0.1455,7.7118,22.9668,0.585444,21.2556,20.6646,15,1595.9761,1,0.0
17.684,79648,1408.4967,160.2094,5,91.3184,5.8287,27.912,0.1653,7.8005,17.648,0.444853,16.4458,14.8832,18,1375.0191,1,0.149183
7.1479,61678,440.8703,435.4738,5,98.4093,6.6918,28.6842,0.0551,8.2095,18.5296,0.090696,3.5024,1.3726,48,1295.3023,0,0.492476
4.5404,165469,751.3022,203.5252,5,49.6327,4.7464,30.3655,0.2021,7.7797,19.6786,0.058347,2.3319,2.3319,59,2288.1561,1,0.38861
16.5362,55140,911.808,195.1543,2,99.9553,7.1829,28.7203,0.0793,7.8668,18.9648,0.3533,14.3918,12.0653,22,1175.3938,0,0.291251
9.6133,82727,795.2836,302.7269,3,25.1252,5.9054,29.2262,0.1897,7.8485,20.465,0.215179,7.4305,5.0634,62,1402.3249,1,0.296572
17.7508,190177,3375.7902,313.2768,4,45.5099,5.0646,29.0043,0.2363,7.6839,21.8253,0.729609,17.7508,17.6391,15,2911.7131,1,0.0
21.899,199864,4376.8178,213.6892,5,109.9476,6.3246,29.4777,0.1256,7.742,20.4769,0.431171,20.1262,18.0659,1,3930.9853,0,0.229126
10.9423,134088,1467.2359,147.8594,2,79.1298,4.3225,30.1157,0.3214,7.7135,22.903,0.244815,8.9096,6.5983,10,1496.728,1,0.267094
23.9409,157898,3780.2252,307.3682,2,22.0191,6.7439,27.2348,0.1333,7.7033,18.8464,0.626849,23.1191,22.0102,0,3578.749,0,0.092524
12.0011,219188,2630.4949,447.0008,3,63.7685,5.7522,29.4469,0.1687,7.8589,20.3244,0.317849,10.39,8.6255,54,3531.499,1,0.21741
16.0958,178189,2868.0953,396.0548,2,125.8735,4.573,27.9003,0.2165,7.6925,19.9249,0.51003,15.1029,13.9296,27,2579.2776,1,0.126657
22.7556,153287,3488.1444,440.6959,3,120.8086,5.9798,28.9633,0.1171,7.7467,19.9953,0.755618,22.7125,22.3318,0,3380.2001,0,0.0
16.3677,72125,1180.5175,316.8886,5,109.978,4.207,28.4373,0.257,7.9065,22.5288,0.627063,15.6456,14.7761,23,1094.6661,1,0.090693
11.7886,108315,1276.885,170.2659,3,99.8574,4.6238,28.9315,0.2657,7.7716,17.6185,0.238254,9.5852,7.0865,2,1149.693,1,0.29009
14.1562,116090,1643.3925,362.3489,3,68.626,5.7117,28.5514,0.2015,7.8619,21.1776,0.335006,12.3477,10.2882,36,1836.9221,1,0.237349
15.9617,164992,2633.5484,133.9155,3,101.212,6.419,29.7292,0.0782,7.6899,21.3398,0.34686,13.9546,11.7567,29,3327.016,0,0.270878
18.0748,73742,1332.8741,358.3632,2,18.1148,5.1289,27.5034,0.2246,8.1045,22.3106,0.624581,17.17,16.1024,27,1248.6267,1,0.115554
6.9513,187504,1303.3907,203.8912,2,20.2521,6.5218,28.6647,0.0485,8.0088,21.3499,0.08862,3.3121,1.3423,39,3663.6539,0,0.497683
14.8504,157362,2336.89,311.9817,2,107.3712,4.2207,30.0297,0.2645,7.7394,23.3857,0.496567,13.8057,12.589,3,1969.2751,1,0.134804
16.767,142206,2384.3722,114.0657,5,105.1566,4.4275,30.3966,0.2068,7.7593,18.9542,0.577403,16.0588,15.1239,15,2106.629,1,0.081633
14.1697,124426,1763.0744,112.9991,3,138.2283,5.2136,30.0344,0.2729,7.7666,21.3071,0.465733,13.0168,11.7353,6,1610.1846,1,0.15398
22.0488,134826,2972.7492,327.7642,3,71.1015,5.6304,29.643,0.18,7.8502,18.5255,0.627335,22.0488,21.701,0,2778.365,0,0.0
20.4217,96452,1969.7173,95.9105,2,66.8437,5.2029,28.2703,0.1928,7.9877,23.8172,0.710217,20.4002,20.0515,15,1646.2857,1,0.0
22.728,134843,3064.7081,418.6131,2,17.7837,6.2914,30.9278,0.1286,7.8419,17.6502,0.576338,22.5308,21.7659,0,2746.4311,0,0.0
9.1783,165186,1516.1305,242.0345,5,119.3094,5.7719,28.8131,0.1818,7.8018,21.6829,0.178461,6.9206,4.4754,63,2748.5024,1,0.306994
14.3127,174287,2494.5212,262.3457,5,63.5198,5.1404,28.3895,0.1895,7.7322,19.0393,0.428142,12.9417,11.4192,46,2975.8953,1,0.183248
19.2558,70135,1350.5077,323.7969,3,37.3179,5.1786,28.8877,0.1715,7.8337,20.1772,0.613879,19.1898,18.7008,15,1171.544,1,0.0
17.8224,71309,1270.8989,106.959,3,26.9861,4.1732,31.9982,0.2679,7.8027,18.121,0.540069,16.9756,15.8561,6,1104.4385,1,0.097442
18.8856,150904,2849.9059,349.9656,5,124.1557,6.5958,28.9061,0.1279,7.8291,19.7444,0.498388,17.4868,15.8933,23,3121.1729,0,0.183546
20.8493,124076,2586.8973,281.9062,5,123.894,6.3347,27.5002,0.1321,7.791,18.6953,0.703535,20.5825,19.9994,15,2273.6907,1,0.005166
21.5266,124101,2671.4694,220.7659,2,121.6365,6.1638,29.1509,0.0599,7.7716,21.804,0.62997,21.5266,21.3491,15,2178.4237,1,0.0
15.174,190965,2897.7009,198.443,3,77.1777,5.7919,30.449,0.2177,7.8364,18.8662,0.440815,13.9296,12.5167,37,3118.6381,1,0.163691
3.0207,177224,535.3434,224.3571,4,98.1857,5.4864,28.347,0.1877,7.6158,17.921,0.042158,1.6111,1.6111,91,3123.6876,1,0.341329
15.7775,148879,2348.9334,152.5597,4,117.6237,4.4178,28.8978,0.242,7.9598,19.1972,0.385805,14.358,12.6079,20,2199.2,1,0.174679
19.9004,145204,2889.6169,118.148,5,37.0352,5.2919,27.5616,0.2309,8.1308,15.8739,0.511178,18.9469,17.6411,15,2348.4281,1,0.105561
10.0971,115638,1167.6134,297.976,3,61.1505,4.2141,30.4736,0.2682,7.9277,22.2755,0.295083,8.543,6.8462,3,1095.3455,1,0.210176
15.2901,130359,1993.2008,331.6381,4,38.7395,6.2587,28.2339,0.09,7.8022,21.7495,0.31859,13.0383,10.6024,27,2599.7764,0,0.306448
15.1694,146845,2227.5447,179.5795,2,28.8373,4.4302,29.3916,0.2806,7.6643,19.5785,0.425344,14.0566,12.6713,3,1911.4196,1,0.135755
12.3076,123282,1517.3065,197.4085,2,119.7968,6.795,29.7252,0.0914,7.5585,22.9319,0.184802,9.4069,6.1895,38,2461.0381,0,0.388024
15.2857,148553,2270.7411,254.9685,2,94.239,4.76,28.368,0.2874,7.908,19.6724,0.754457,15.0781,14.6853,3,1916.1663,1,0.011905
22.0164,196206,4319.7437,295.9198,5,106.0894,6.4842,28.4768,0.178,7.742,15.6872,0.581116,21.4178,20.4321,0,3995.6677,0,0.050145
14.9996,213793,3206.815,374.7429,4,104.2893,6.6951,28.2985,0.1124,7.7647,22.2539,0.286485,12.6484,10.0153,34,4543.3683,0,0.312396
8.5633,98697,845.1723,316.4911,3,23.0143,7.0467,28.5788,0.0803,7.8445,21.1291,0.13066,5.4002,1.9963,42,1977.2653,0,0.431956
12.3304,119494,1473.4071,353.1174,2,47.6549,6.3613,28.3678,0.1503,7.6816,19.6133,0.286151,10.5489,8.6204,64,2092.9406,1,0.242325
14.5688,96216,1401.7537,232.9134,2,34.3468,4.0991,27.5139,0.2421,7.9694,20.7701,0.506638,13.6538,12.5629,7,1221.3072,1,0.115859
7.8799,154709,1219.0844,310.9051,2,56.0617,6.2841,29.6184,0.1089,7.9749,18.0117,0.121063,5.0729,2.0857,49,3022.7446,0,0.386105
17.4907,129013,2256.5276,198.7141,4,84.5644,4.7879,29.5694,0.2356,7.9189,20.9865,0.548671,16.8082,15.8318,15,1850.4618,1,0.071651
4.4081,87190,384.3464,117.8325,2,81.2239,4.8244,30.2127,0.1632,7.7201,21.9721,0.063579,1.0281,0.894,63,1479.3736,1,0.459448
4.7443,207065,982.3771,200.5544,3,35.5981,5.406,27.7545,0.2373,7.7713,24.9017,0.089158,2.104,0.8298,72,3443.7208,1,0.361104
8.6919,141798,1232.4872,133.233,3,50.1264,6.7351,27.7092,0.1169,7.9408,20.7752,0.170061,6.1998,3.5439,54,2863.1361,0,0.342472
9.9965,113789,1137.4971,171.4401,2,89.0474,4.9734,30.743,0.2346,7.8956,18.8138,0.281819,8.4761,6.8285,14,1135.3219,1,0.206663
15.574,205121,3194.5462,169.9201,3,20.9808,4.8436,30.2181,0.235,7.7154,18.7742,0.414342,14.3087,12.8013,7,2701.3103,1,0.16032
16.1887,171357,2774.0431,405.0507,4,39.9656,4.5252,29.7268,0.2525,7.7526,18.7539,0.353395,14.4357,12.335,25,2744.5771,1,0.221029
17.4146,157946,2750.5672,381.4289,4,31.7816,3.9149,29.9369,0.2949,7.7627,24.2835,0.604622,16.8423,16.0086,1,2443.1913,1,0.058681
17.3159,97988,1696.7468,256.8484,3,25.1428,3.8618,28.8897,0.2766,7.6917,19.7447,0.652076,17.3151,17.0438,5,1480.892,1,0.0
13.1177,213019,2794.3244,231.7413,3,23.2293,5.4897,29.6976,0.2071,8.0324,16.6271,0.340031,11.5322,9.7631,44,3381.1128,1,0.2112
14.7052,177991,2617.3956,424.9889,3,115.0811,7.2431,29.7572,0.0582,7.9134,17.5992,0.343689,12.779,10.666,42,3738.3402,0,0.259668
12.2707,71185,873.4932,370.4504,3,25.6167,6.4843,27.6513,0.0389,7.8037,22.3008,0.192314,9.1807,5.7915,31,1431.2416,0,0.416585
14.4656,167609,2424.5609,215.6891,4,90.924,7.3739,28.4461,0.0595,7.9113,21.4337,0.294533,12.34,10.0198,36,3572.8421,0,0.287498
9.4037,62004,583.0654,438.4876,2,33.8853,4.9371,30.3672,0.2289,7.8277,20.008,0.20263,7.2977,5.0335,70,1023.2724,1,0.287765
10.2676,54417,558.73,125.5518,3,78.3931,4.3919,30.094,0.2795,7.7801,21.4525,0.332193,8.9133,7.4453,7,531.4455,1,0.184049
19.1018,198752,3796.5247,313.7419,2,42.3599,6.0237,29.8235,0.1878,7.9175,19.6573,0.686675,18.6632,17.985,15,3348.2712,1,0.04116
14.9567,56354,842.8676,243.8405,4,63.8733,3.8822,29.6399,0.2475,7.7614,21.3437,0.485379,14.0318,12.8744,5,741.0243,1,0.112304
15.3106,183692,2812.4261,284.922,2,71.7443,4.8593,29.143,0.2287,8.1105,20.7339,0.434954,14.1358,12.7171,23,2538.1882,1,0.14718
4.2922,55640,238.8166,111.2409,2,62.8946,5.8814,29.3725,0.1212,7.717,21.425,0.073634,1.9381,1.5291,94,971.6855,1,0.325208
17.6435,115107,2030.8926,122.2562,3,20.4652,5.1252,31.9122,0.2296,7.77,20.0668,0.664551,17.6435,17.628,15,1681.3205,1,0.0
15.3783,197629,3039.1967,154.1353,5,34.1196,6.0054,29.2565,0.1552,7.8586,20.94,0.285275,13.0897,10.4973,38,3810.5137,1,0.301558
19.3615,48321,935.5694,101.3049,4,65.8276,5.6155,30.0739,0.2292,8.002,22.9936,0.708894,18.7273,17.9286,17,793.6983,1,0.076556
16.684,140178,2338.7272,428.3463,2,121.389,4.3097,29.254,0.2799,7.8739,18.5093,0.59178,16.1808,15.4075,13,2042.2562,1,0.047693
18.4425,121828,2246.8172,124.5028,5,63.7707,4.6223,28.7291,0.233,7.9728,20.8876,0.726099,18.129,17.5874,15,1865.0061,1,0.023653
7.7333,77027,595.6767,352.6781,4,79.4969,6.9757,29.1068,0.1061,7.937,20.8089,0.113615,4.5439,1.3807,50,1655.1103,0,0.433624
25.0224,135224,3383.6312,383.3311,3,26.9595,7.012,30.1636,0.0941,7.9828,20.3693,0.72497,24.9658,24.494,0,3116.5753,0,0.0
21.3212,152661,3254.9148,269.7934,5,115.2748,6.8323,28.0854,0.1253,7.8416,17.879,0.536997,20.0568,18.565,5,3268.6453,0,0.161459
17.6841,140658,2487.4116,227.6306,4,52.4479,5.953,29.0737,0.1851,7.8696,19.3082,0.419404,16.038,14.1401,33,2497.1118,1,0.21403
13.7024,187077,2563.3997,176.0153,2,65.025,5.4231,28.6504,0.1515,7.8445,21.2278,0.308705,11.7139,9.547,47,3757.6344,0,0.269279
16.8808,132444,2235.7646,382.3426,4,103.9811,6.3768,28.9956,0.0963,7.9814,19.0383,0.464238,15.4409,13.8279,42,2453.7992,1,0.191278
19.9462,169841,3387.6835,175.701,2,105.6445,5.7759,27.2681,0.143,7.817,21.8035,0.586321,19.213,18.2176,15,2953.4014,1,0.081965
24.234,111042,2690.987,119.5933,5,78.6997,6.792,29.916,0.08,7.7491,19.3561,0.519046,22.8827,21.1711,0,2599.2226,0,0.162237
17.5771,49483,869.767,247.6321,4,36.6565,4.5076,30.954,0.2525,7.9105,19.744,0.705242,17.1876,16.5806,12,757.2669,1,0.036103
11.6202,71484,830.6618,445.3835,5,89.1007,5.7287,30.3706,0.2187,7.9698,19.8114,0.341765,10.1908,8.641,62,1072.5236,1,0.194247
5.1623,188630,973.7674,155.6913,5,31.603,4.6643,29.6726,0.2487,7.5496,19.2394,0.088368,2.7499,2.1827,6,1107.0077,1,0.325773
24.1837,66799,1615.4465,116.0237,4,83.6453,6.9775,29.1985,0.0559,7.8284,21.0586,0.664211,23.5304,22.5612,0,1562.6282,0,0.065304
20.9556,145316,3045.1792,282.2498,2,79.2106,6.5289,27.6636,0.1855,7.9077,19.1727,0.646947,20.7957,20.2295,15,2733.3261,1,0.0
17.7565,153945,2733.5167,420.0732,5,123.1108,5.6937,25.6997,0.1362,7.9033,16.2773,0.455031,16.3249,14.71,40,2906.3274,1,0.189202
9.1238,60801,554.7365,205.9054,4,140.758,4.192,28.94,0.2923,7.8002,18.3871,0.228399,7.2894,5.3003,2,473.8583,1,0.249247
17.3687,64842,1126.2188,255.5579,5,100.2323,5.6963,29.4893,0.2778,7.8778,19.6129,0.60763,17.2557,16.7535,15,882.8153,1,0.0
23.5013,54766,1287.0702,259.638,2,18.3304,6.154,29.5843,0.1225,7.9525,19.8799,0.647295,22.5267,21.3315,0,1217.0618,0,0.120496
12.9712,195773,2539.4185,306.9545,5,67.8693,7.4057,30.0709,0.0701,7.8111,24.2716,0.22933,10.2615,7.3465,30,3838.403,0,0.370127
14.4971,100813,1461.4957,161.6711,2,64.6936,6.0265,28.0975,0.1735,7.7523,20.3486,0.263032,11.9171,9.0366,31,2007.4838,0,0.343529
7.5231,150638,1133.2665,208.3987,2,17.9838,5.1317,28.8329,0.2135,7.9819,21.7821,0.134674,4.8785,2.0001,59,2612.9508,1,0.35841
9.5341,100300,956.2721,104.9129,2,26.8211,5.8303,29.4854,0.0709,7.8738,19.6007,0.155784,6.9247,4.0988,60,1983.9605,0,0.354839
15.8479,216400,3429.4955,85.5552,5,91.5224,4.6962,28.6622,0.2683,8.0386,21.2441,0.373031,14.2928,12.4305,6,3087.5691,1,0.196223
18.0927,70773,1280.4737,121.0359,3,24.4528,4.9619,30.8106,0.2752,7.6235,18.6446,0.714616,17.527,16.7913,10,1090.7898,1,0.066201
9.8445,198763,1956.7145,213.9508,4,22.0018,5.479,30.0288,0.191,7.8511,17.6335,0.240212,8.0132,6.0525,75,3529.1924,1,0.250924
18.3681,179706,3300.8649,307.4673,5,96.9815,5.6508,28.8845,0.2023,7.8263,19.4971,0.530822,17.3702,16.1247,19,3059.0966,1,0.121475
17.1274,50373,862.7579,401.0156,5,100.2199,4.6894,29.0306,0.2557,7.8432,17.6842,0.621832,16.3138,15.3323,23,791.0499,1,0.102011
11.4043,219007,2497.6191,442.1785,4,108.6175,5.037,29.2608,0.279,8.04,20.6773,0.448843,10.3871,9.2587,7,2394.8644,1,0.136054
15.0157,105434,1583.1665,143.7325,4,47.6773,5.5227,28.5471,0.22,8.0408,17.8384,0.427693,13.633,12.1023,48,1838.2257,1,0.185234
14.3468,157312,2256.9176,320.8371,4,46.9012,4.7556,28.4318,0.2243,7.7604,20.2035,0.437716,13.184,11.8112,27,2167.3272,1,0.148399
16.9813,135036,2293.085,137.3513,2,55.3788,4.5896,29.9794,0.2279,7.7077,21.1977,0.487247,16.0846,14.8834,5,2001.984,1,0.101746
16.3102,142430,2323.0677,163.7621,5,37.6179,3.9151,28.8873,0.2466,7.7778,20.9105,0.649335,15.7199,14.9499,3,2029.4555,1,0.068888
11.1844,53640,599.9293,293.8874,3,37.9463,5.0871,26.8641,0.2165,7.7065,19.7424,0.33559,9.7447,8.1869,64,801.424,1,0.195897
23.4225,162507,3806.3227,286.5001,5,90.3541,6.8729,29.2203,0.0966,8.0237,17.1779,0.708389,22.7084,21.7551,0,3395.888,0,0.081334
6.3914,210095,1342.8009,298.1641,2,98.7517,7.0026,29.2358,0.0637,7.8121,21.3561,0.111372,3.6155,0.9598,57,4197.3607,0,0.382063
11.5665,124982,1445.5996,358.0908,3,16.6245,5.8427,30.3635,0.1513,7.8559,19.3247,0.277813,9.7214,7.7209,62,2244.2038,1,0.250707
13.6305,113238,1543.4916,179.4088,2,19.1001,3.74,29.7527,0.24,7.6166,21.7458,0.313918,11.7767,9.6794,39,1787.6536,1,0.244489
4.2867,206419,884.8578,298.8481,5,22.6685,4.8909,30.313,0.2538,7.7099,22.2271,0.109389,2.488,1.1683,14,1244.111,1,0.24799
20.1562,109924,2215.6493,298.8039,3,58.1366,6.1624,28.4519,0.1445,7.7641,18.7472,0.465981,18.6887,16.9522,12,2332.8261,0,0.18697
4.9164,77685,381.9284,85.4362,2,87.7153,4.429,28.7614,0.2965,7.7124,16.6648,0.136545,3.0729,1.113,1,360.035,1,0.253739
4.7838,168561,806.3624,328.2568,3,72.379,5.6011,28.065,0.2076,7.7215,20.5419,0.096296,2.5893,1.3002,89,2829.54,1,0.302656
17.8373,128567,2293.2866,269.5239,2,73.0244,4.6745,28.5593,0.2622,7.9219,21.4176,0.589069,17.4745,16.7495,15,1809.4664,1,0.016225
11.5194,206934,2383.7649,412.4363,5,51.176,5.2807,31.1143,0.2464,7.9617,20.7829,0.317043,9.8298,7.9944,60,3123.8676,1,0.229297
15.9243,129958,2069.4872,321.2214,3,38.2238,4.8436,29.0248,0.3099,7.6877,19.87,0.631462,15.8739,15.5007,3,1856.5296,1,0.0
16.7825,55325,928.49,122.9824,4,140.6323,4.5411,30.2318,0.2317,7.7235,17.4029,0.646188,16.7825,16.6739,4,817.9986,1,0.0
17.3109,57404,993.7172,239.1695,4,99.3126,5.3712,27.7701,0.2482,7.9012,20.1609,0.617017,17.2957,16.9301,15,774.4628,1,0.0
17.4622,158025,2759.4719,375.056,5,68.6304,4.8296,28.9516,0.2821,7.8229,18.6375,0.531901,16.5218,15.3676,8,2454.543,1,0.116201
17.5035,103150,1805.4853,136.8798,5,45.7711,4.3009,30.8266,0.2829,8.0504,20.079,0.647408,17.5035,17.3654,15,1488.9529,1,0.0
8.7763,140753,1235.2838,438.039,4,109.873,5.5726,31.2624,0.1796,7.9788,19.0053,0.186984,6.419,3.8692,65,2416.5155,1,0.320803
9.9192,123572,1225.7345,204.1585,2,62.9869,4.5818,29.8866,0.2798,7.5989,19.4382,0.265103,8.2922,6.5462,9,1198.6679,1,0.222598
14.5302,217599,3161.7562,87.0657,4,119.4856,4.0641,31.1048,0.3004,7.9,19.6788,0.491733,13.4941,12.3057,24,3254.5841,1,0.135274
11.9412,122027,1457.1478,409.5208,4,19.5974,6.9461,27.984,0.1137,8.026,18.9633,0.281297,10.1104,8.1238,62,2090.9648,1,0.248624
16.3723,109077,1785.8388,90.3786,3,99.3275,4.4059,27.319,0.2313,7.8085,17.4208,0.569805,15.3877,14.2618,2,1567.3642,1,0.128818
11.5667,52981,612.8138,306.2826,4,24.9028,5.3206,29.0635,0.2169,7.9114,21.3628,0.26088,9.6633,7.5441,45,819.3233,1,0.253925
24.5026,87635,2147.2849,218.3059,4,32.43,6.3047,30.8772,0.1022,7.7216,22.6145,0.784531,24.4554,24.0785,0,1967.202,0,0.0
18.3875,128562,2363.9365,96.3129,3,134.9986,4.6981,30.2353,0.2048,7.8127,16.9577,0.414095,17.0444,15.3561,18,2122.2627,1,0.162406
11.3413,48589,551.0635,225.2733,5,56.6987,6.4962,28.1917,0.1317,8.0879,19.6641,0.20502,8.6011,5.6487,37,1036.1847,0,0.373912
25.4968,77159,1967.3092,102.6249,3,85.6876,6.8007,29.1146,0.0863,7.8046,21.9544,0.650045,25.1685,24.37,0,1843.8964,0,0.000206
7.9302,53119,421.2459,170.3856,5,68.8048,7.4253,27.2244,0.0509,8.0288,17.6075,0.108145,4.3328,1.0205,40,1062.5558,0,0.48821
9.8869,219303,2168.2251,285.8989,5,50.2762,6.715,30.1399,0.1337,7.7785,16.7735,0.206625,7.5106,4.9689,52,4518.8948,0,0.325811
15.2225,46482,707.5726,336.8595,5,58.1117,6.2515,29.5501,0.1296,7.8751,18.8151,0.254235,12.647,9.7544,28,957.7858,0,0.34148
20.6711,120503,2490.9299,434.251,2,82.9569,7.4675,28.9976,0.0768,8.0116,18.8,0.488545,19.2952,17.6534,9,2497.1581,0,0.174109
8.4847,64611,548.2023,241.5163,4,55.6094,5.5267,30.1418,0.1865,7.8972,20.5306,0.122277,5.484,2.3231,53,1138.0438,1,0.404268
12.5176,205504,2572.4148,257.1376,3,26.3433,4.3512,28.754,0.2428,7.8302,20.0089,0.389479,11.2458,9.8361,16,2489.9665,1,0.170208
15.3642,159595,2452.0571,350.5226,2,26.3209,3.7972,30.1015,0.2831,7.7862,25.8194,0.686827,15.3642,15.2431,15,2177.4721,1,0.0
16.1173,116252,1873.6706,226.473,2,103.9549,4.6582,31.7078,0.2814,7.7083,16.3715,0.663644,16.1173,16.0055,9,1609.537,1,0.0
7.886,111171,876.6955,305.0038,3,85.2208,5.8849,30.3495,0.1713,7.8435,17.7501,0.149978,5.2494,2.3512,53,1823.3818,1,0.354929
8.987,209305,1881.0325,235.3258,2,80.6686,4.4181,31.0313,0.2635,7.8931,23.517,0.214661,7.2258,5.2754,13,2066.1358,1,0.235864
10.8036,164850,1780.9815,303.7239,3,104.0976,5.4076,28.8153,0.21,7.5456,22.3301,0.256871,8.8949,6.7885,50,2552.0014,1,0.256251
10.5391,182520,1923.5948,326.2219,4,118.1068,6.3881,29.4314,0.1061,7.8054,21.5074,0.165383,7.4581,4.1035,38,3784.1638,0,0.417461
12.8995,153985,1986.3237,230.7986,3,109.2687,4.3474,30.9749,0.2716,7.8291,19.161,0.426595,11.6699,10.2871,22,2110.9083,1,0.162851
15.6439,132391,2071.1153,374.5444,5,91.8413,4.3433,31.6767,0.2821,7.7325,18.8929,0.476734,14.8486,13.7556,15,1846.7293,1,0.087698
9.3388,206926,1932.4338,426.6332,4,76.3184,5.0789,28.3526,0.2064,7.9812,18.5785,0.198133,7.3592,5.2105,61,3394.9483,1,0.268763
20.5835,93332,1921.1001,168.651,2,46.0829,6.0382,29.9757,0.176,8.0268,24.0263,0.581844,20.1206,19.2608,15,1627.1624,1,0.028347
21.2094,97674,2071.6079,197.1919,4,42.2857,5.4383,29.3101,0.2458,8.056,18.6647,0.756909,20.6609,19.9151,15,1798.7881,1,0.061221
19.7653,107346,2121.7211,141.7945,2,23.8237,6.9791,28.4847,0.0632,7.6959,17.5404,0.38509,17.7228,15.4018,10,2268.9524,0,0.268479
7.4382,125614,934.3436,178.8119,5,23.3835,4.9279,29.4363,0.227,7.9593,18.4777,0.198503,5.739,3.9237,77,1812.7208,1,0.23316
25.3213,146028,3697.6132,228.1129,4,57.9996,7.3354,26.5768,0.0716,7.773,17.9344,0.653568,24.4616,23.3077,0,3325.9953,1,0.097334
21.16,208808,4418.3774,200.4289,2,21.187,5.5688,29.8737,0.216,7.8239,19.8972,0.705711,21.16,20.9805,15,3951.4047,1,0.0
6.88,183558,1262.874,364.6186,3,98.6661,6.8099,28.183,0.0767,7.9238,20.3808,0.090951,3.6694,1.8966,47,3774.7312,0,0.439501
13.3767,171148,2289.3967,302.3452,3,78.4286,7.0974,28.3945,0.1129,7.8619,18.7715,0.171449,9.9662,6.1888,24,3571.4281,0,0.456697
16.4024,84696,1389.2192,307.901,3,17.656,4.5697,27.4925,0.2488,7.9051,18.7176,0.47676,15.3583,14.0453,18,1211.5807,1,0.126199
19.8732,127169,2527.2507,113.9061,2,84.275,4.4086,29.5925,0.2529,7.5294,19.7556,0.665364,19.4676,18.7811,15,2078.2691,1,0.03205
18.669,106988,1997.3573,392.7691,3,125.3887,5.1717,28.8317,0.2315,7.8549,21.4239,0.761373,18.6621,18.4148,15,1653.9071,1,0.0
21.9527,90197,1980.0635,228.9388,3,53.8893,6.0678,27.544,0.1354,7.8612,17.5351,0.76441,21.915,21.5729,15,1740.3672,1,0.0
10.9126,219499,2395.2969,208.0593,3,102.8021,6.0165,28.6658,0.1836,7.8411,20.0458,0.186562,8.0704,4.9222,48,4034.5149,1,0.380566
20.4991,159815,3276.0571,413.0807,3,110.7784,5.7751,29.585,0.1241,7.9326,19.94,0.760432,20.2706,19.7879,15,2844.7903,1,0.006842
20.0911,142805,2869.104,192.8095,2,90.8378,6.0604,28.2463,0.1565,7.8381,19.297,0.682979,19.5019,18.7066,15,2462.8141,1,0.066284
12.8516,108940,1400.0487,103.4053,4,114.4325,4.6369,29.1326,0.2317,7.9141,18.0023,0.284262,11.0242,8.9091,32,1450.7772,1,0.236917
20.7632,119946,2490.4611,86.2556,2,85.4662,4.8501,29.9884,0.2284,7.9178,21.5947,0.726587,20.7632,20.6457,15,2025.8814,1,0.0
11.6374,161666,1881.3728,106.3146,5,30.1078,4.2427,29.7718,0.2765,8.0105,24.7761,0.414155,10.4808,9.2141,2,1618.3564,1,0.156096
11.7167,73870,865.5153,261.5033,5,46.7275,4.0543,29.3478,0.2468,7.9364,18.6209,0.364164,10.3339,8.8282,26,967.5022,1,0.187377
11.2415,186321,2094.5232,180.7464,4,76.2647,6.7593,27.8752,0.0822,7.96,20.2729,0.216548,8.8923,6.361,48,3807.3771,0,0.32051
13.7886,206587,2848.5372,407.381,2,65.7095,5.4403,30.5521,0.1649,7.8981,17.5907,0.357315,12.2599,10.543,41,3161.0376,1,0.202676
10.4421,112571,1175.48,180.7879,5,89.3578,5.3029,28.9454,0.2058,7.9002,22.5318,0.234365,8.3482,6.1013,70,2419.7838,0,0.286484
8.2836,73264,606.8929,139.6078,5,97.7586,5.3989,30.8168,0.1866,7.744,20.798,0.132545,5.4162,2.2702,54,1234.7015,1,0.386509
12.2158,94296,1151.9029,323.2599,3,51.2083,6.0245,30.0437,0.1468,7.7652,18.8041,0.245598,9.8799,7.2774,45,1588.3103,1,0.311507
24.3515,176771,4304.6333,169.7095,4,46.6602,7.008,29.8122,0.1123,7.7721,22.3991,0.572521,23.5895,22.4323,0,3982.1691,0,0.073553
14.1067,118522,1671.9488,304.0123,5,103.2722,5.1031,28.7904,0.2045,7.9523,20.5271,0.436035,12.8663,11.4926,47,1824.3109,1,0.16609
20.8062,55710,1159.1132,144.1347,5,106.0442,5.7347,29.5428,0.2564,7.7647,20.1398,0.703419,20.4422,19.8093,15,957.4936,1,0.027017
11.6244,51526,598.9569,83.7594,4,50.4793,4.8334,28.4217,0.2469,7.9906,22.5569,0.249919,9.6487,7.457,47,783.1399,1,0.264263
17.6699,125757,2222.11,397.6345,4,78.5113,5.9744,30.4491,0.178,7.9011,22.4437,0.48549,16.6299,15.3369,19,2068.2624,1,0.127036
17.3218,210266,3642.19,176.6038,4,87.0933,4.8773,28.0163,0.2874,7.9955,18.7196,0.619668,17.1786,16.6638,5,3199.573,1,0.0
22.3994,91396,2047.2116,156.9275,2,17.6116,7.1913,28.055,0.1167,7.869,19.3869,0.709353,22.062,21.3998,0,1849.0396,0,0.016556
22.2818,158946,3541.5958,342.9796,3,80.6776,6.3614,29.1014,0.1427,7.9425,14.2205,0.642414,21.5561,20.5623,0,3215.9743,0,0.080342
5.0193,55227,277.2,164.5009,4,129.631,5.4426,29.0613,0.2004,8.2297,18.7658,0.10892,2.7557,0.8907,90,944.9168,1,0.312296
14.691,68358,1004.2444,447.786,3,16.5575,7.3288,28.5058,0.0666,7.8544,18.6698,0.334799,12.8132,10.7647,42,1331.1626,0,0.25409
3.5042,108910,381.64,381.8405,5,105.3305,6.822,29.114,0.0638,7.7889,22.8414,0.049137,0.8048,0.8048,61,2150.3873,0,0.4439
24.0231,85395,2051.451,295.2368,4,101.8279,6.6844,28.3352,0.0774,7.919,19.5574,0.71565,23.619,22.9125,0,1840.2803,1,0.029583
5.9638,124488,742.4256,140.3264,3,93.6306,6.2799,28.5573,0.1919,7.6505,20.3155,0.075047,2.8411,2.344,67,2236.1741,1,0.425711
21.5494,190546,4106.1457,256.2262,5,52.7468,6.0104,28.3262,0.1297,7.8114,14.9969,0.606103,21.5312,21.069,15,3422.7246,1,0.0
16.9023,104408,1764.7396,402.7176,2,40.6647,3.9805,29.3792,0.2902,7.8167,18.7633,0.611012,16.8505,16.4324,2,1583.9107,1,0.0
14.5288,77834,1130.8361,292.1593,2,112.4414,4.7619,29.2658,0.2056,7.8515,21.5137,0.441999,13.2221,11.7609,43,1149.4678,1,0.173808
15.9929,200899,3212.9647,412.5588,5,115.5423,5.4572,30.3702,0.1343,7.9853,17.7573,0.34075,14.2974,12.3017,28,3456.364,1,0.216934
21.3383,149681,3193.9307,352.0309,2,74.8702,5.1824,28.0339,0.1771,7.8487,21.8727,0.741066,21.3041,20.9523,15,2636.542,1,0.0
13.3776,101087,1352.3058,380.0363,5,108.8432,6.7543,29.5742,0.1057,7.915,18.6186,0.212803,10.5226,7.3432,33,2009.7046,0,0.380863
10.7248,132341,1419.3258,301.7115,4,17.1743,6.628,30.2053,0.0974,7.7725,23.6085,0.193434,8.2231,5.5357,45,2707.3491,0,0.342007
17.1193,119749,2050.0161,323.4351,3,137.4012,4.1615,31.3243,0.2654,7.8796,19.6238,0.523025,16.6494,15.7801,14,1817.7537,1,0.029179
24.4975,83214,2038.5313,136.1049,4,49.613,6.5658,30.7274,0.1129,8.0472,19.0464,0.662691,24.4975,24.3142,0,1929.4374,0,0.0
20.3824,161067,3282.9337,310.6959,2,93.564,5.1809,28.6914,0.2032,7.7747,19.2774,0.612377,20.0484,19.314,15,2825.1598,1,0.005848
14.6441,188311,2757.6454,110.9719,3,29.8895,4.4581,27.7942,0.2716,7.8302,18.8787,0.472045,13.8224,12.7186,14,2534.5948,1,0.092963
6.2599,205224,1284.6771,264.1964,5,43.1943,6.7792,30.2881,0.1636,7.8513,22.0146,0.080361,2.5674,1.2208,48,4132.5435,0,0.500669
21.4335,160238,3434.4677,121.3634,3,97.2523,6.8035,28.9399,0.1209,7.8364,18.6168,0.750965,21.0642,20.4469,15,2929.245,1,0.030002
14.8671,205481,3054.9061,290.2902,2,24.7678,6.6916,27.7811,0.0769,7.7937,19.49,0.247446,12.0815,8.9512,27,4395.6672,0,0.369183
23.4064,141171,3304.2996,101.0948,5,62.6314,5.6028,29.3199,0.1278,7.8314,19.081,0.77424,22.9992,22.3416,0,2914.7018,0,0.035429
16.9985,76405,1298.7705,170.3806,3,83.6132,5.228,30.339,0.2258,7.8425,18.7972,0.679279,16.9985,16.8979,15,1011.8215,1,0.0
21.6692,167063,3620.1239,140.6852,5,106.0404,5.246,27.9757,0.1847,7.9625,20.7377,0.667967,21.4721,20.8834,15,3241.7765,1,0.0
17.2994,175722,3039.8775,267.0935,2,126.7499,5.1398,28.6267,0.264,7.7956,20.8075,0.708818,16.7503,16.0337,10,2692.6383,1,0.064009
12.5925,106132,1336.4708,149.1289,2,73.6573,6.2393,29.7836,0.1242,7.5314,19.7294,0.180099,9.4043,5.8923,29,2143.8215,0,0.428556
18.6001,136463,2538.2316,396.8312,4,46.7588,5.2425,27.7451,0.2209,7.7855,16.909,0.713406,18.1457,17.4938,15,2021.6653,1,0.047559
7.1592,88216,631.5552,336.3283,4,99.8733,4.017,28.7974,0.2835,7.72,18.8166,0.119614,4.3841,1.7527,14,845.1701,1,0.374917
24.489,68888,1686.9985,398.8117,2,63.7368,6.3272,27.8007,0.0939,7.8383,18.4199,0.659247,24.4779,24.0589,0,1590.4012,0,0.0
11.7927,125024,1474.367,333.8206,5,48.1513,5.1603,29.2512,0.2307,8.0593,20.0844,0.270051,9.7925,7.6101,57,2071.0926,1,0.270613
5.6766,210151,1192.9446,207.0442,5,101.3369,5.9922,27.2757,0.1889,7.9368,19.4631,0.098118,3.183,1.6849,78,3711.9346,1,0.342173
21.2204,114037,2419.9113,83.6677,3,27.5714,7.4977,29.8938,0.0678,7.7749,17.9462,0.479877,19.7767,18.0872,5,2440.9479,1,0.185561
14.0137,83751,1173.6635,285.8243,3,118.6851,6.088,29.3056,0.1768,8.0754,19.4079,0.341828,12.4296,10.6443,40,1383.9886,1,0.209497
18.6808,117798,2200.5594,400.2327,2,34.4825,5.5948,29.0958,0.2353,8.0023,19.9177,0.446678,17.2402,15.5187,25,2162.9579,1,0.182078
8.2253,48025,395.0209,438.2491,4,63.2456,5.3188,28.3013,0.1757,7.7175,17.6339,0.201307,6.5108,4.6709,72,695.8354,1,0.234553
20.8138,204946,4265.699,417.5385,2,80.1435,5.0512,28.9988,0.2273,8.0424,21.082,0.738555,20.8138,20.8081,15,3388.7337,1,0.0
18.034,150254,2709.6875,427.1127,5,68.5004,6.5871,28.456,0.1026,7.9496,21.4488,0.514934,16.8118,15.4284,38,2812.3408,1,0.161153
22.3247,204278,4560.4455,306.1743,5,114.5629,6.0693,29.4858,0.145,7.8605,19.0186,0.655542,21.3533,20.192,0,4075.6368,0,0.122737
8.4136,202634,1704.8823,192.3224,4,87.0346,7.6377,27.91,0.0519,8.0546,19.9072,0.13533,5.3313,2.0426,41,4088.2194,0,0.423289
21.1873,172514,3655.1133,160.7197,3,92.7688,6.8506,30.6606,0.1124,7.947,19.6859,0.659734,20.5536,19.6649,15,3308.7754,1,0.068238
6.125,131564,805.8233,237.4715,4,80.4909,5.9418,28.5277,0.2049,8.0577,23.2923,0.137461,3.8382,1.3841,72,2121.8895,1,0.312838
19.0747,169740,3237.7402,195.6723,5,30.1522,6.3739,28.4288,0.1733,7.8037,18.3252,0.519053,18.1509,16.9163,15,2881.0373,1,0.105092
4.411,85306,376.2871,215.4649,3,62.0558,4.4173,28.88,0.249,7.7958,18.4813,0.082721,2.1808,1.7684,6,446.9687,1,0.305502
19.4449,130457,2536.7262,277.6968,3,39.5544,5.6798,28.6582,0.2274,7.8813,21.7238,0.646,18.9564,18.1928,15,2118.398,1,0.045033
8.3438,187114,1561.2376,286.0221,4,114.6603,4.7097,29.115,0.2637,7.7939,15.8041,0.192446,6.4899,4.471,59,2546.727,1,0.251163
16.1678,207151,3349.1684,349.7073,5,111.7179,5.575,28.3804,0.1913,7.7682,22.6062,0.367763,14.2922,12.178,40,3965.918,1,0.248027
14.8164,148685,2202.9753,227.0715,2,134.8937,5.2178,30.2865,0.2303,7.9217,19.775,0.270255,12.4758,9.7966,35,2468.2153,1,0.306028
10.7516,147521,1586.0913,90.7275,2,28.7914,5.333,28.7876,0.1861,8.001,20.8647,0.234381,8.5153,6.1089,57,3037.3974,0,0.305389
9.0024,74785,673.2421,189.0793,4,109.4801,4.8747,30.9545,0.245,7.8191,15.706,0.217131,7.119,5.0663,19,824.232,1,0.255011
17.5629,137542,2415.6345,149.3866,5,121.1504,5.5865,28.4091,0.1544,7.9084,20.4879,0.358527,15.6116,13.332,30,2541.5843,1,0.251151
22.6386,219109,4960.3175,443.3557,2,24.961,6.6882,29.2729,0.1366,7.7933,20.0782,0.728595,21.9749,21.1126,0,4725.2577,0,0.077732
23.1278,205376,4749.8851,293.282,2,99.651,5.908,30.1242,0.1433,7.7566,19.613,0.631644,22.9789,22.3409,0,4473.0595,0,0.0
9.3607,189044,1769.5856,218.2575,4,95.1374,7.1966,28.8799,0.0636,7.8033,18.792,0.16686,6.8966,4.2752,50,3904.5429,1,0.339045
17.4232,58968,1027.4123,171.9893,3,117.8621,5.5282,29.2518,0.1899,7.6623,18.3893,0.668768,16.8721,16.1468,15,951.2485,1,0.063705
6.3093,102354,645.7787,405.3483,4,44.2962,3.9221,29.2659,0.2787,7.6244,19.879,0.12988,4.1391,1.828,18,885.3075,1,0.294738
17.5713,112520,1977.1209,218.9622,5,89.5806,4.2988,29.3148,0.3086,7.9429,20.9277,0.594822,17.0263,16.2039,3,1682.9895,1,0.053143
17.6174,158777,2797.2421,231.6479,4,129.5895,4.6346,29.6186,0.256,7.8624,14.386,0.508326,16.745,15.6001,15,2350.0577,1,0.101163
4.834,211038,1020.1593,314.8042,3,57.2191,4.5634,29.8051,0.2171,7.9836,19.9885,0.093183,2.4793,1.3177,75,3305.8838,1,0.322557
4.3412,81492,353.7714,129.6987,2,48.0194,5.42,29.2377,0.1847,7.855,19.7963,0.073807,1.6539,1.1693,82,1436.8099,1,0.369402
12.4669,115373,1438.3401,337.2138,2,79.5582,6.715,29.9011,0.1325,7.8866,18.009,0.206102,9.519,6.2723,33,2283.2326,0,0.396299
16.3683,124393,2036.107,392.9676,2,73.5292,4.3538,31.1328,0.2547,8.0757,18.4236,0.615612,15.6068,14.7012,2,1776.4212,1,0.096624
19.3085,98386,1899.69,157.0579,2,78.6045,5.5909,30.1527,0.1954,7.8532,19.4678,0.633294,18.4965,17.5051,21,1672.1651,1,0.1008
15.2989,47179,721.7888,417.8634,4,40.4301,5.0654,30.4881,0.2363,7.858,20.0285,0.425644,13.987,12.4757,33,741.3216,1,0.170713
8.0081,74817,599.1439,401.8596,2,81.2873,6.8722,28.8016,0.0942,7.8368,22.9104,0.137454,5.6975,3.2392,67,1569.0768,0,0.317898
6.347,181637,1152.8532,390.8698,2,21.4877,6.7933,26.7937,0.0689,8.0033,21.0368,0.09138,2.754,0.6139,42,3720.8097,0,0.49159
19.0653,217018,4137.509,400.2536,5,40.4623,5.961,27.7618,0.1627,7.6543,20.5236,0.535544,18.4787,17.5135,15,3442.4306,1,0.049232
9.387,54033,507.2061,151.195,5,74.2802,6.7777,27.9298,0.1284,7.9719,22.9251,0.135516,6.1561,2.6023,51,1057.9746,0,0.434722
13.4492,113411,1525.2861,376.9574,3,26.8299,4.8121,29.7461,0.275,7.7414,23.0502,0.32959,11.7952,9.8481,4,1359.5189,1,0.211597
17.9494,181271,3253.7032,322.1089,3,32.6953,6.7668,28.6031,0.0942,7.7701,18.7413,0.412866,16.2775,14.3632,29,3557.958,0,0.21855
19.6893,206358,4063.0359,366.1854,5,111.0619,5.4201,29.3746,0.2083,7.8967,18.4395,0.705116,19.6489,19.2686,15,3662.7822,1,0.0
19.9315,182640,3640.2854,413.8848,3,60.7966,5.1009,29.7336,0.2622,7.8196,20.1002,0.680095,19.9315,19.9039,15,2865.1412,1,0.0
17.5785,174833,3073.3042,245.0487,5,124.0419,4.7917,30.6738,0.2111,7.945,20.1699,0.725194,17.5737,17.3231,15,2495.6206,1,0.0
21.1503,214839,4543.9123,330.5371,4,121.7766,6.5606,29.629,0.1137,7.7172,19.2095,0.437323,19.8208,18.0661,7,4553.5161,0,0.153248
4.619,139586,644.7458,229.7033,4,110.2959,4.8248,27.501,0.2696,8.0327,21.9566,0.120993,2.7216,0.8127,11,827.3104,1,0.259536
18.1207,144269,2614.2513,111.729,4,20.4827,6.413,28.6247,0.0868,7.7883,17.2236,0.425046,16.4855,14.6165,27,2925.9355,0,0.214025
24.8043,85330,2116.5475,279.923,5,45.1436,6.664,28.6775,0.094,7.8846,21.6805,0.748457,24.3431,23.6173,0,2062.4801,1,0.042027
19.1173,209290,4001.0567,134.9022,2,55.617,6.421,28.6928,0.1314,7.8791,19.9047,0.31962,16.615,13.735,10,4204.4474,0,0.325804
15.7725,152132,2399.5058,81.2427,2,29.8293,5.7379,28.8271,0.0789,7.6958,20.7742,0.453074,14.3705,12.7949,41,2502.8111,1,0.185809
23.1812,146845,3404.0369,276.815,5,99.8297,5.6729,27.6284,0.1596,7.9574,23.0123,0.679463,22.3568,21.2955,0,3205.8457,0,0.097452
16.3462,87865,1436.2619,98.745,4,103.3695,4.3045,30.4836,0.2505,7.758,20.1934,0.783411,16.3462,16.198,2,1145.3387,1,0.0
5.0879,213499,1086.2615,194.347,2,41.0082,4.4957,28.4748,0.2436,7.918,16.625,0.113758,3.3843,2.4109,3,998.9547,1,0.23451
4.5443,196065,890.9764,239.8187,3,95.9941,6.2947,28.2926,0.1213,7.6871,18.4621,0.063635,1.2477,1.0544,64,3838.9462,0,0.450441
7.0173,95572,670.6599,80.4176,5,34.3632,4.9685,28.8914,0.2386,7.9148,15.7283,0.141112,4.8064,2.3986,59,1329.934,1,0.299529
14.2682,211431,3016.7404,162.2396,5,17.2842,7.0793,29.8784,0.0751,7.8866,21.6172,0.285238,11.9441,9.3832,35,4243.3868,0,0.312338
21.9982,48132,1058.8188,326.2567,5,28.8082,5.95,26.723,0.1087,7.6978,21.8195,0.403869,20.2189,18.0319,1,944.4507,0,0.219553
4.6339,175486,813.188,145.039,3,75.8911,6.9099,27.506,0.0757,8.0391,20.5934,0.05773,0.7052,0.7052,45,3782.7008,0,0.543612
15.4788,172839,2675.3454,440.2149,4,56.8081,5.119,29.7538,0.2519,7.8921,23.3064,0.627643,15.4788,15.263,11,2254.1316,1,0.0
19.6153,142708,2799.2588,236.0866,5,134.9244,5.2822,29.119,0.1746,7.9021,21.178,0.588873,18.9597,17.99,15,2440.1904,1,0.065811
16.1535,208615,3369.8719,424.7965,5,134.0386,5.0436,30.4947,0.2617,7.8529,16.8286,0.503239,15.3697,14.2972,15,2974.9859,1,0.086872
19.0846,96354,1838.8737,252.8202,2,99.4976,5.038,28.4142,0.2477,7.9684,17.0685,0.672158,19.0481,18.6549,4,1586.6497,1,0.0
17.1252,111220,1904.6609,136.3733,2,34.3628,6.0188,27.8087,0.1798,7.9462,17.1349,0.361313,15.3709,13.2905,26,1906.032,1,0.223113
23.3202,185180,4318.4259,317.8427,2,98.598,7.0205,28.7377,0.0924,7.7014,21.8067,0.605074,22.335,21.0988,0,3843.8634,0,0.119332
14.9812,186101,2788.0127,347.8858,4,89.8421,4.8061,30.2478,0.2345,7.6601,16.0049,0.440064,13.7022,12.2245,2,2315.9159,1,0.166055
7.7888,59395,462.6167,348.6967,3,112.5665,6.2794,29.2772,0.1145,7.9164,23.1398,0.111641,4.7928,2.0708,62,1066.6707,1,0.406986
22.7849,80461,1833.298,103.1183,3,26.0504,7.0272,28.5147,0.0558,7.6085,15.5593,0.437586,20.8994,18.6908,0,1695.1997,0,0.242187
6.7551,63714,430.397,335.2478,2,81.1641,7.1118,29.3907,0.1641,7.7909,20.1569,0.108766,4.3352,2.3336,77,1140.5277,1,0.331886
6.3949,53912,344.7618,267.7109,2,85.6855,5.9662,28.5108,0.2269,7.7829,17.5231,0.120388,3.9121,1.3884,77,910.7616,1,0.34047
16.4373,73988,1216.1611,124.1705,5,132.4889,4.2293,31.8359,0.2861,7.7912,21.5285,0.692168,15.8145,15.0532,5,980.0821,1,0.077222
13.6774,163448,2235.5468,405.2726,5,49.6656,4.3377,29.2485,0.2392,7.6324,22.3887,0.392628,12.3458,10.8313,10,2200.8917,1,0.174923
15.6074,96303,1503.042,375.4089,3,40.027,6.8267,28.75,0.1374,7.7463,17.579,0.316419,13.5112,11.1938,31,1952.1816,0,0.281061
20.4138,122434,2499.3434,332.5765,2,65.5586,5.8823,29.589,0.1252,7.8831,18.0452,0.633673,19.4048,18.2186,16,2556.8311,0,0.12924
14.761,112969,1667.5301,81.6324,2,45.4158,4.4605,29.5298,0.2419,8.0263,17.7106,0.603093,14.0431,13.1945,18,1610.5869,1,0.091534
23.1037,141258,3263.5856,223.6099,4,61.0847,6.5158,29.6456,0.1501,7.9091,17.6035,0.652202,22.2465,21.1537,0,3131.1454,0,0.102294
12.1168,179523,2175.253,137.5232,5,111.0324,6.849,30.0994,0.148,7.9567,18.9036,0.27406,10.1565,8.0416,62,3525.4137,0,0.267243
25.4319,143487,3649.1467,267.4752,4,54.4908,7.4509,27.4469,0.0857,7.898,20.1911,0.689837,24.923,24.0696,0,3267.7249,0,0.041073
18.6298,218385,4068.4638,365.5297,5,100.5505,6.9002,29.7743,0.1389,7.6696,21.2978,0.388062,16.7187,14.5854,16,4478.3994,1,0.254499
4.8477,55710,270.0663,116.15,4,54.9246,4.8738,30.9267,0.2113,7.8162,20.3727,0.081201,1.8262,0.7933,58,836.4386,1,0.409013
17.7946,143458,2552.7757,202.9624,5,101.5685,5.3597,29.0096,0.2647,7.8661,20.5803,0.559368,17.5963,16.9277,15,2178.6268,1,0.0
13.2532,128157,1698.4934,99.2837,2,116.9009,4.5034,28.726,0.2924,8.0299,17.8494,0.453034,12.1984,11.0063,6,1450.7896,1,0.139229
17.413,59666,1038.9633,414.778,5,68.3065,5.4491,28.8807,0.2044,7.8886,21.9795,0.631644,17.017,16.3438,15,869.5787,1,0.031002
14.8068,58470,865.7537,340.6516,2,43.9618,5.216,29.0378,0.1409,7.8501,19.9369,0.243657,12.0525,8.915,33,1235.3175,0,0.36143
23.7776,129375,3076.2275,119.3742,2,105.4482,7.2099,29.3203,0.117,7.9278,22.5629,0.603851,22.5732,21.1475,0,2962.4478,0,0.153395
8.7541,141855,1241.8114,91.9813,3,117.4377,7.1374,30.4296,0.0847,7.9214,21.0596,0.121623,5.4817,1.9622,39,3034.9473,0,0.447049
9.2172,219454,2022.7556,409.4789,3,101.7535,4.3801,32.4514,0.2558,7.8556,19.6783,0.159145,6.5256,3.5347,3,1860.0916,1,0.359614
16.9684,209738,3558.9128,187.746,3,43.7147,5.3147,30.704,0.23,7.9198,22.3207,0.611272,16.1215,15.1192,16,3111.9015,1,0.107881
10.0842,84351,850.6164,250.9464,3,136.4388,4.8162,28.918,0.2173,7.6937,18.0157,0.304012,8.5585,6.9104,65,1276.9879,1,0.207844
7.6014,118461,900.4749,226.1992,4,109.3973,7.0226,29.7678,0.1257,7.8008,21.4964,0.130071,4.6252,1.4273,51,2421.8373,0,0.406849
14.3904,121098,1742.653,381.9439,5,105.2248,5.7177,28.4785,0.2128,8.0876,20.0142,0.408606,12.9763,11.3897,42,2049.2523,1,0.187628
5.6163,203220,1141.342,367.3529,4,107.8424,7.8784,30.0447,0.0773,7.7162,21.7329,0.075113,2.987,2.2083,69,4054.5592,1,0.362152
8.555,107566,920.2293,95.0727,4,129.9096,5.203,29.8191,0.2704,7.9227,20.05,0.201842,6.6514,4.5551,4,878.29,1,0.255923
16.5616,78887,1306.4911,367.033,3,126.0765,4.3444,30.244,0.2333,7.7985,19.5383,0.544503,15.9172,14.9901,7,1100.6395,1,0.067147
5.8053,103334,599.8847,301.4244,4,131.615,4.2704,29.5838,0.2843,7.7359,18.958,0.136411,4.1074,2.4997,4,567.5366,1,0.233026
13.2846,202795,2694.0476,206.5022,2,82.2143,6.4459,28.4,0.1086,7.7142,18.3635,0.273409,11.0365,8.5645,48,4008.9032,0,0.302542
21.8786,155172,3394.95,227.4975,5,26.4641,6.491,29.7326,0.0813,7.9868,23.1852,0.583577,20.7377,19.3619,1,3316.5945,0,0.143127
22.8507,78434,1792.2729,340.9057,2,52.4283,7.4396,29.912,0.0503,7.8304,21.12,0.616506,21.724,20.3921,0,1618.4711,0,0.14368
23.1546,129895,3007.6635,298.7735,3,43.2485,6.7219,28.167,0.1103,8.0731,21.192,0.526656,22.547,21.3835,0,2828.8472,0,0.033236
19.5016,76558,1493.0055,423.2382,2,51.4561,6.001,27.824,0.1564,7.6838,19.0668,0.769728,19.309,18.8562,15,1283.3328,1,0.000727
24.2103,107000,2590.4997,212.4483,2,33.7083,6.6032,28.7974,0.1158,7.7203,18.6361,0.663803,23.6657,22.7842,0,2400.686,0,0.047162
15.569,167407,2606.3559,342.9225,5,32.8863,5.1461,30.2106,0.2117,8.0338,21.6295,0.416736,14.2458,12.6815,27,2672.3704,1,0.168692
7.977,173994,1387.9465,109.6566,5,36.5463,6.0963,28.9641,0.2017,7.8961,15.995,0.120749,4.8915,1.565,52,2850.5185,1,0.414858
20.5311,78023,1601.8963,361.3772,3,88.6857,6.5392,28.5111,0.1402,7.4905,17.602,0.4076,18.7653,16.6406,8,1531.9306,0,0.221908
10.1552,190508,1934.6448,244.0521,3,64.6965,5.739,29.5111,0.1596,7.7825,18.3424,0.257272,8.296,6.288,66,3003.6083,1,0.253292
5.1064,53732,274.3744,361.2955,3,45.5264,5.7321,30.2424,0.1865,7.8832,19.4345,0.081128,2.7758,2.2945,92,1022.0036,1,0.32174
22.8248,48721,1112.0494,275.6843,5,67.251,6.4648,28.9523,0.1191,7.8075,18.037,0.668932,22.2642,21.3988,0,982.7483,0,0.052748
26.2154,145177,3805.8751,164.4596,3,36.383,7.2854,27.8413,0.0769,7.9937,20.2675,0.664882,25.8386,25.048,0,3510.4095,0,0.012029
5.227,90320,472.1047,343.644,5,55.6008,4.4288,29.7918,0.2667,7.7174,17.2258,0.12516,3.1528,0.9155,6,540.3701,1,0.282803
16.2628,76510,1244.2689,440.6309,4,115.176,6.6466,27.905,0.1125,7.9368,20.678,0.332938,14.1959,11.8858,29,1620.2267,0,0.275005
3.6584,52205,190.9867,142.419,3,62.825,6.496,27.6622,0.0614,7.9369,22.7321,0.056496,0.7902,0.7902,62,1044.7707,0,0.412722
14.5516,96348,1402.0183,278.3445,3,58.4129,6.4657,27.7365,0.1017,7.9144,21.8817,0.362967,12.7881,10.8493,52,1820.3654,1,0.237375
18.2031,149233,2716.505,164.0405,4,83.9052,6.6683,28.639,0.0966,8.1505,20.3811,0.392375,16.431,14.403,23,3002.9227,0,0.231732
10.2529,53734,550.93,260.8296,5,106.8061,5.0613,29.2152,0.2361,7.716,22.6377,0.20914,7.8622,5.2271,51,836.5781,1,0.321217
12.7485,194824,2483.7095,405.034,4,119.0619,6.1653,28.1635,0.1782,7.6838,20.8739,0.248522,10.5723,8.1845,54,3720.8685,1,0.293297
13.8973,175645,2440.9958,291.3637,2,36.331,4.6783,28.6714,0.2545,8.0267,16.3447,0.311947,12.1439,10.1248,4,2197.533,1,0.228225
16.4269,51388,844.1441,341.1785,5,51.6431,4.3214,28.6074,0.3053,7.7519,20.7891,0.65384,16.273,15.7937,7,714.837,1,0.0
22.0181,179942,3961.9824,247.2851,5,51.3692,6.1033,29.7743,0.1246,7.7589,20.4507,0.741429,21.6574,21.0456,0,3685.5871,0,0.028366
19.0809,193368,3689.6436,359.6974,5,19.5348,5.12,28.927,0.175,7.6843,19.7383,0.605239,18.3064,17.319,16,3419.1383,1,0.092434
20.3971,167527,3417.0645,108.7673,5,97.7346,5.5296,29.6482,0.1851,7.8759,21.2997,0.674549,19.6856,18.776,16,3014.9087,1,0.084663
23.0459,210113,4842.2336,294.6801,3,103.1904,5.786,30.3451,0.1359,7.949,18.4432,0.613569,22.3351,21.2841,0,4507.6208,0,0.071359
9.5858,174069,1668.5886,421.1603,5,103.7799,6.5962,26.1612,0.0906,7.645,20.0908,0.16147,6.8771,3.9707,46,3511.0308,0,0.370602
17.8347,212587,3791.4267,191.9202,2,30.0371,5.6958,27.8432,0.144,8.026,21.7871,0.580139,17.1315,16.1769,15,3288.6663,1,0.078635
17.2879,92522,1599.5093,287.7221,4,99.3252,4.4573,29.4251,0.2131,8.1459,15.0452,0.78708,17.2877,17.1154,2,1262.7127,1,0.0
15.2445,157156,2395.7633,325.4298,2,56.5982,5.5232,26.8563,0.178,7.7618,21.2739,0.391098,13.6355,11.8688,53,2958.236,1,0.216744
5.9297,102499,607.7925,153.8939,5,103.6594,6.4785,28.0678,0.1416,7.7846,21.4052,0.08052,2.9512,2.0356,57,2020.4963,1,0.408845
3.6178,213164,771.1859,104.2683,3,67.2908,4.3976,28.3149,0.2515,7.595,19.5286,0.073565,1.2616,0.8965,10,1218.0167,1,0.323677
17.5415,164949,2893.4549,346.116,5,125.1592,4.2376,28.5155,0.287,7.9162,24.7032,0.766122,17.5415,17.4229,4,2291.3981,1,0.0
16.3695,94106,1540.4718,160.7866,5,91.4912,5.4316,30.3079,0.1991,7.7339,16.343,0.347148,14.4706,12.2477,29,1579.5701,1,0.244018
17.1615,82616,1417.8159,300.7682,2,136.2873,4.3855,27.8765,0.2901,7.8218,22.1432,0.662389,17.1241,16.776,4,1219.7774,1,0.0
26.5566,87399,2321.0189,197.7507,4,19.6413,7.6457,27.9236,0.0554,7.9859,22.4691,0.703205,26.5566,26.3491,0,2124.8602,0,0.0
16.9419,198506,3363.0618,268.7077,3,29.896,6.4621,28.4865,0.1967,7.8056,20.7419,0.441258,15.5862,14.0017,29,3496.2263,1,0.174433
11.062,111702,1235.6522,378.515,5,53.2009,4.3238,30.0092,0.2774,7.9384,21.5148,0.318746,9.662,8.1161,1,1026.7894,1,0.187863
21.3441,143643,3065.9262,127.66,5,66.6163,5.3254,26.8414,0.2162,7.9846,22.0394,0.664742,21.2195,20.6929,15,2502.672,1,0.0
8.2116,72005,591.2735,418.4809,3,44.324,5.5188,31.7496,0.2523,8.0163,19.0603,0.174357,6.1789,3.9747,14,727.6563,1,0.27618
7.6099,201940,1536.7384,187.1494,2,86.8413,6.8601,30.3196,0.157,8.0369,19.6008,0.113401,4.8782,2.3009,52,4223.371,0,0.375861
17.7088,208762,3696.9161,106.1653,4,32.6563,4.5707,29.2338,0.2587,7.9459,20.3443,0.749588,17.7088,17.6004,15,3236.9979,1,0.0
16.8511,185069,3118.6207,310.2825,4,86.9782,4.5375,30.2058,0.238,7.791,17.5465,0.691452,16.8511,16.8372,13,2551.8198,1,0.0
18.2825,159036,2907.5825,351.0397,4,112.7301,6.268,28.1748,0.1576,7.6495,20.4159,0.501276,17.2194,15.9034,20,2540.6966,1,0.130358
9.5524,131835,1259.3466,263.4712,3,23.4353,6.9491,28.9853,0.0866,7.7616,19.7355,0.126948,6.3607,2.889,40,2844.4002,0,0.432759
16.0782,79698,1281.3982,259.1833,3,75.9124,4.4316,28.3308,0.2536,7.8123,19.5582,0.506102,15.231,14.1109,11,1175.5987,1,0.097469
16.263,127462,2072.9139,92.6229,4,24.753,7.6823,28.6403,0.0676,7.8747,20.0341,0.278077,13.7639,11.0199,21,2689.7223,0,0.336691
12.8321,45254,580.7052,208.1372,2,98.5579,5.9916,30.7447,0.1528,7.7453,19.3298,0.224026,10.2673,7.4089,45,856.3903,1,0.34196
18.6251,53851,1002.9783,84.1839,3,122.1462,5.47,30.7247,0.2017,7.8325,17.7399,0.567463,17.9464,16.9925,15,905.5001,1,0.07284
12.7697,59251,756.6165,279.6622,3,91.9245,4.463,29.7009,0.3219,7.8338,18.8939,0.446349,11.6531,10.3953,15,728.7181,1,0.147717
21.134,208194,4399.9626,303.8135,5,49.125,5.8411,27.6552,0.119,7.7418,18.839,0.652279,21.1339,20.8346,15,3906.2885,1,0.0
15.9813,52179,833.886,331.4146,2,91.1648,4.9416,28.6105,0.2325,8.0086,19.4754,0.618133,15.4354,14.686,8,713.4406,1,0.06026
5.9743,159834,954.8973,91.969,5,109.4861,5.3985,28.8025,0.1828,7.7653,19.4695,0.113853,3.865,2.1404,87,2813.6998,1,0.290728
18.4025,167189,3076.698,372.285,3,126.5608,5.1587,30.2211,0.2035,7.8255,22.2514,0.655225,18.4025,18.1469,15,2744.3432,1,0.0
17.2677,68147,1176.7398,230.7547,3,57.4197,4.8361,28.1876,0.2098,7.9511,22.325,0.527726,16.7196,15.8254,15,1043.1226,1,0.046757
2.4698,46039,113.7083,415.5343,5,24.1008,3.5,30.6627,0.282,7.9508,15.9756,0.051874,0.6053,0.6053,2,118.9696,1,0.320988
18.1017,46916,849.2594,160.0516,2,79.1942,6.5187,27.537,0.0541,7.9488,18.1036,0.31989,15.631,12.8635,14,1015.5347,1,0.328211
6.645,126810,842.6524,301.0586,3,117.8128,5.1697,28.5869,0.1622,7.7381,20.4782,0.143108,4.6192,2.4544,77,2040.4793,1,0.277916
12.8125,92837,1189.4744,313.1609,3,23.4945,3.6606,30.1987,0.3225,7.7593,19.1855,0.509127,11.9549,10.9803,7,1078.4136,1,0.112724
13.3126,216561,2882.9999,138.0531,3,87.4756,5.2085,28.8571,0.2358,7.8279,21.7522,0.333634,11.5221,9.547,50,3655.6196,1,0.240457
11.4939,96858,1113.2725,399.5663,3,111.5546,4.1491,30.5713,0.2669,7.7629,18.0706,0.25416,9.5076,7.2721,8,1121.2466,1,0.262954
14.9365,145114,2167.4946,218.1653,3,49.8042,4.7141,29.9569,0.253,7.9884,20.8135,0.586043,14.1759,13.2516,1,1768.6224,1,0.094796
15.6659,54522,854.1388,347.3923,2,89.685,4.383,30.0007,0.2847,7.6789,22.2385,0.562411,15.047,14.1913,15,767.8598,1,0.067761
18.2914,218918,4004.3116,336.804,5,106.9866,6.0604,28.1837,0.1631,7.8939,14.7397,0.461341,16.7969,15.1047,27,4290.8784,0,0.196979
9.7101,82222,798.3863,332.5666,3,74.7597,6.8843,28.5795,0.0722,7.796,19.1633,0.180873,7.4233,4.9797,57,1751.4755,0,0.313736
13.807,148904,2055.9239,149.1277,3,70.455,4.5414,31.3662,0.2109,7.6889,20.6862,0.247303,11.4492,8.7699,37,2589.9002,1,0.309951
15.6984,78057,1225.3666,361.6238,3,77.2242,5.5497,29.0022,0.2128,7.952,22.0984,0.442855,14.3957,12.9147,37,1255.5573,1,0.171169
19.8323,59718,1184.343,391.8142,4,31.2929,5.7295,30.6224,0.1773,7.7983,21.5349,0.462386,18.5172,16.8691,18,1083.1586,1,0.159467
17.0366,82352,1403.0014,137.2484,5,134.0972,5.632,29.1168,0.2347,7.8554,21.3886,0.558961,15.9878,14.787,34,1369.8397,1,0.137117
15.7865,97279,1535.697,256.9127,5,17.4199,4.3425,26.7675,0.2054,7.9668,19.4336,0.356884,14.0489,12.0102,29,1559.6388,1,0.222913
20.4564,97064,1985.5804,99.8489,5,44.8463,6.5605,30.0327,0.1294,7.9637,17.7493,0.436366,19.0965,17.332,15,1843.939,1,0.159503
16.7587,72982,1223.0836,391.8248,3,96.8271,5.5235,27.4385,0.1872,7.9194,18.2237,0.421421,15.1289,13.328,34,1447.1351,0,0.218596
18.1452,147584,2677.9466,118.6603,3,138.8382,5.2606,29.0206,0.2498,7.978,19.0832,0.749544,17.6342,16.9679,12,2313.5851,1,0.059645
9.1433,67322,615.5465,355.7616,4,124.0625,5.6042,29.9899,0.2307,7.92,18.7944,0.253238,7.6016,5.9437,70,923.4587,1,0.21064
21.0856,47849,1008.9238,338.9272,3,96.2093,5.2961,27.2826,0.1695,7.9369,21.3123,0.657182,21.0856,20.9608,15,857.3817,1,0.0
16.8958,200663,3390.3709,315.6807,4,66.0275,4.8103,29.2331,0.2234,7.7761,20.0177,0.723881,16.5592,16.0362,15,2794.0858,1,0.031341
21.7368,215192,4677.5783,187.3455,5,77.1771,5.9904,29.9232,0.1578,7.7142,22.7359,0.62243,21.0075,19.9973,4,4351.2835,0,0.079666
18.2093,113497,2066.7053,358.6242,4,74.6478,6.2597,30.3225,0.1447,8.1609,19.0945,0.523492,17.0485,15.7049,31,2066.4507,1,0.150499
9.0388,191896,1734.5116,101.961,3,66.781,5.7882,29.3464,0.2193,7.8159,19.2034,0.186265,6.7992,4.3847,68,3336.1942,1,0.305486
18.3034,210728,3857.0436,199.3153,4,124.1525,5.2573,28.7079,0.2301,7.5756,20.0212,0.64447,18.3034,18.0276,15,3125.3118,1,0.0
11.9342,55060,657.0971,106.3777,5,52.1258,6.78,28.9091,0.0747,7.6468,21.0238,0.247615,9.605,7.1108,41,1109.4225,0,0.319119
17.7201,137624,2438.7087,417.4953,5,18.76,5.3231,29.0473,0.2002,7.8965,18.9042,0.619047,16.8906,15.9089,26,2338.1195,1,0.105667
20.8384,134721,2807.3697,232.1485,3,21.5361,5.843,29.2097,0.1334,7.6981,19.5033,0.589309,19.7563,18.4841,10,2818.4395,0,0.138581
17.5593,120820,2121.5205,104.499,5,89.6794,5.7995,30.1505,0.2376,7.71,18.7477,0.779006,17.5592,17.379,15,1814.4334,1,0.0
8.493,205015,1741.1843,251.6943,4,99.2526,6.2778,28.6635,0.1022,7.9751,18.3383,0.142864,5.9892,3.3275,53,4140.3674,0,0.344647
20.7416,189967,3940.2176,361.6693,2,32.7008,5.7557,29.2274,0.1846,7.958,20.214,0.456957,19.2646,17.4724,8,4092.1787,1,0.184312
16.3255,151841,2478.8792,402.2716,5,41.0865,5.1225,29.3496,0.1951,7.788,21.5469,0.695601,15.8675,15.23,15,2115.505,1,0.049736
21.5125,99033,2130.4465,269.9896,5,101.1842,6.2076,27.7362,0.1704,7.9067,19.7298,0.466343,20.3272,18.6915,5,2139.2565,0,0.130084
22.7773,118549,2700.2231,170.5363,3,33.517,6.9354,27.4755,0.0693,7.9374,20.8749,0.607628,21.7065,20.3965,0,2616.9213,1,0.13267
19.6812,216883,4268.5105,151.2138,2,58.4117,6.3528,29.2757,0.1075,7.7956,19.9065,0.5087,18.398,16.9023,19,4286.947,0,0.165446
11.2994,111759,1262.8069,213.8711,4,88.683,4.918,28.6235,0.2529,7.8776,19.6864,0.320315,9.7852,8.1224,10,1266.351,1,0.203951
6.8824,100362,690.7342,180.9111,5,22.8064,6.0691,30.5376,0.1747,7.9459,14.6935,0.170114,4.8351,2.6554,82,1773.7689,1,0.281539
15.1149,196356,2967.8949,280.0912,2,108.8864,6.0876,29.207,0.1066,7.9982,23.2668,0.273721,12.6961,9.9924,31,4147.9788,0,0.321783
18.4446,115872,2137.2176,283.4734,4,80.924,5.9403,27.8025,0.181,7.8219,18.0653,0.431564,17.1843,15.5705,16,1950.1719,1,0.149746
3.0665,193701,593.9778,353.1443,2,35.9304,4.9637,29.6845,0.2463,7.9618,19.7655,0.053382,0.6434,0.6434,67,2814.8192,1,0.387441
15.8636,205196,3255.1564,223.5689,2,122.9389,4.9929,30.6272,0.2548,7.7675,18.1364,0.533414,14.8486,13.6787,32,2934.9855,1,0.132017
21.9482,98162,2154.4841,413.7845,2,41.6396,6.9923,28.231,0.1115,7.7695,21.937,0.483776,20.3234,18.435,1,1982.8585,0,0.209993
16.0088,130196,2084.2777,167.3665,2,109.3483,4.9968,30.2726,0.2176,7.8428,19.6957,0.422449,14.6645,13.0817,28,2155.2708,1,0.171948
11.2931,153126,1729.2722,329.9357,3,77.9945,5.4717,28.1883,0.2146,7.7866,18.4891,0.288619,9.6593,7.8751,57,2451.7819,1,0.220936
19.4875,205955,4013.5511,117.889,3,118.0433,6.2789,28.428,0.122,7.8112,20.0677,0.407397,17.6943,15.5818,14,4440.4109,0,0.229288
15.3952,197724,3043.9917,308.6268,2,113.6627,6.5469,27.319,0.1049,7.7319,18.1371,0.374644,13.59,11.6112,39,3894.1178,0,0.24347
17.0347,85582,1457.8664,365.6959,5,121.8696,6.1959,27.0533,0.1304,8.0507,20.5241,0.351134,15.1629,13.023,35,1653.3614,1,0.244974
14.5023,73029,1059.0888,416.7045,3,88.2652,6.2172,27.0485,0.0786,8.0782,17.9138,0.248294,11.8739,8.8952,38,1326.3868,1,0.346202
13.1046,157443,2063.2282,448.494,3,39.09,7.5029,29.6315,0.0818,8.0058,18.6098,0.19795,10.2381,7.1276,28,3153.4919,0,0.38927
18.9164,193147,3653.6424,342.337,5,35.2584,6.171,29.2116,0.1574,7.7634,18.9025,0.511788,17.5099,15.9374,21,3805.6084,0,0.187092
21.7764,103917,2262.9405,430.8727,3,25.3248,6.4287,30.3003,0.1544,7.7346,20.9844,0.73285,21.5643,21.0331,15,1970.3994,1,0.0
17.048,188027,3205.4794,155.2564,5,120.1685,4.3138,30.4604,0.2493,7.8739,22.4946,0.748761,17.048,16.9293,15,2697.7476,1,0.0
15.6457,149962,2346.2576,219.695,5,66.7222,5.3885,28.7442,0.211,7.7546,21.5482,0.480524,14.3287,12.8607,44,2694.8,1,0.175549
24.133,92016,2220.6204,297.7017,2,23.8549,6.5877,28.5797,0.1272,7.799,17.6367,0.614167,24.133,23.8883,0,2173.6693,0,0.0
12.7904,187494,2398.1165,124.5101,4,21.2453,3.6338,29.2816,0.2734,7.9102,21.3769,0.407833,11.4785,10.0422,4,2072.1911,1,0.177097
7.6158,181901,1385.3286,211.9805,5,126.4399,5.2001,30.0982,0.2275,7.8541,20.5143,0.146751,5.1119,2.3998,63,2979.1919,1,0.340465
18.4269,207276,3819.4557,438.4361,4,16.5993,6.4159,28.9912,0.1653,7.8284,19.7103,0.403067,16.7606,14.8277,26,4101.816,0,0.215673
20.2613,138790,2812.0659,291.8853,4,74.2687,4.8837,30.9104,0.2463,7.7643,21.566,0.656679,20.0243,19.4283,15,2248.8843,1,0.0
11.6324,90625,1054.1862,369.217,5,84.2739,4.7342,29.2047,0.3163,7.8814,20.7102,0.307308,10.0101,8.1694,13,1091.843,1,0.213513
18.897,138600,2619.1298,143.2072,2,125.2335,5.6791,30.2988,0.1444,8.1027,19.9977,0.563962,18.0819,16.9879,15,2197.1906,1,0.092283
3.617,54253,196.2331,317.6565,2,34.0201,5.693,28.9448,0.223,7.7859,21.924,0.07567,1.2906,0.7475,88,858.001,1,0.320662
22.6691,132885,3012.3848,403.4831,4,118.776,6.0955,28.3102,0.1365,7.8724,20.4316,0.582781,21.5903,20.2406,0,2656.5821,0,0.131017
4.5476,144118,655.3966,87.0645,5,71.4763,4.6108,30.5469,0.284,7.8425,23.2735,0.113545,2.5772,0.9196,7,772.8593,1,0.27123
7.4576,138482,1032.7473,157.3581,2,39.2954,6.1306,28.7979,0.1896,7.6164,21.0302,0.173742,5.5399,3.4929,79,2292.1894,1,0.263286
9.2679,103319,957.5553,160.134,3,70.4636,6.7556,28.0185,0.0968,7.9653,17.675,0.128781,5.8995,2.2546,37,2087.2775,0,0.458326
10.0738,124417,1253.3481,327.9078,3,48.5678,5.7024,30.7584,0.1693,7.6925,18.6685,0.239448,8.1561,6.0728,61,2027.2979,1,0.260216
22.3847,115749,2591.0109,381.2074,2,46.1584,6.4968,30.2058,0.1551,8.1897,19.9032,0.66445,21.6963,20.7476,0,2478.0508,0,0.075668
18.4788,167144,3088.6231,138.924,5,108.6073,5.3797,29.9922,0.2002,7.7372,20.0192,0.387834,16.8118,14.8217,25,3211.4916,1,0.210869
19.8725,199121,3957.0377,293.3371,4,99.8575,6.934,28.4147,0.1049,7.6799,21.8563,0.541859,18.56,17.0686,15,3931.5207,0,0.17254
20.1475,140734,2835.4324,163.1041,4,40.9931,6.0334,30.0132,0.1399,7.6291,23.15,0.734501,19.5896,18.852,15,2527.4087,1,0.064172
11.5325,148291,1710.1677,167.4548,2,65.3762,5.4066,30.4962,0.2064,7.9433,22.0613,0.22643,9.1393,6.5166,55,2664.768,1,0.322846
12.8512,55312,710.8237,335.7193,2,131.8362,4.9602,29.0335,0.2327,7.9906,20.2748,0.317171,11.28,9.4892,36,754.9227,1,0.206089
27.5456,66435,1829.9923,185.6257,3,77.4709,7.3255,27.9159,0.0747,7.8666,21.0266,0.719544,27.0987,26.3018,0,1664.8995,0,0.031045
7.6957,149623,1151.45,250.2035,4,18.0638,5.9257,30.8452,0.1776,8.0415,21.0241,0.149779,5.2361,2.5712,63,2461.7911,1,0.334353
25.3127,153573,3887.3498,247.0542,2,59.507,7.511,28.3428,0.0654,7.8151,22.1434,0.786774,25.3106,25.0296,0,3766.4558,0,0.0
22.2933,147392,3285.8493,361.7249,2,36.2037,6.9113,28.3951,0.0577,7.961,18.548,0.743843,22.2933,22.2389,0,2967.6555,0,0.0
15.1354,140461,2125.9389,335.8015,2,106.1175,4.8446,29.1969,0.2712,7.806,23.6646,0.377553,13.703,12.0234,29,2188.9849,1,0.183833
5.5289,180040,995.4183,97.5974,4,88.1089,6.5374,28.8891,0.1092,8.0212,17.5305,0.097102,3.0993,1.5379,88,3536.8098,1,0.334897
20.6376,57661,1189.9831,309.7124,2,44.288,5.7563,30.632,0.1821,8.0492,19.9844,0.664762,19.7781,18.7268,21,1039.0092,1,0.106504
15.7239,128659,2023.0253,444.2169,2,78.3295,4.5691,30.2023,0.2819,7.8887,20.6349,0.713156,15.2111,14.5661,5,1669.5518,1,0.061971
25.9518,187959,4877.8704,448.6527,4,112.708,6.9315,28.7317,0.0766,7.7362,15.8458,0.634703,25.2154,24.1382,0,4618.8588,1,0.075069
5.8991,151325,892.6848,438.8085,5,113.5771,6.1092,28.3639,0.1745,7.9546,18.8789,0.107865,3.4927,1.5894,75,3053.8939,0,0.332085
11.751,181930,2137.8657,449.5397,3,49.4375,3.8305,28.8528,0.3303,7.7858,18.3676,0.457247,10.7196,9.5696,4,1858.417,1,0.137463
15.7147,177590,2790.7803,263.8338,4,118.2396,5.7133,29.6784,0.155,7.9602,20.8782,0.489276,14.4653,13.0677,43,2836.5405,1,0.166153
4.7981,107805,517.2615,224.4579,4,77.8535,5.4871,28.2194,0.1999,7.5858,19.427,0.09042,2.301,1.1377,80,1941.6627,1,0.342926
5.3248,133351,710.0708,408.0097,3,74.3611,4.2199,30.611,0.3193,7.75,20.494,0.121142,3.6021,2.4642,7,775.8593,1,0.235948
9.5162,158449,1507.8321,435.5768,3,50.8363,4.7246,30.2418,0.2889,7.9666,19.8389,0.226238,7.5402,5.3026,4,1350.1123,1,0.260445
18.5924,78630,1461.9181,346.4426,2,52.4854,7.6167,28.2752,0.0483,7.8632,22.0443,0.447788,17.01,15.264,19,1661.3186,0,0.212456
19.2129,151049,2902.0886,300.3333,2,15.9947,6.4224,26.8676,0.1297,7.7385,19.6937,0.431723,17.7477,15.9728,23,2660.2593,1,0.18308
22.2638,100023,2226.8886,197.9132,5,117.5322,6.7002,29.0694,0.1109,8.0279,22.2198,0.643567,21.4101,20.328,0,1996.346,0,0.102419
20.7058,149789,3101.4987,251.8137,3,19.1124,5.6398,29.7156,0.1163,7.5139,20.3745,0.738777,20.5119,20.0331,15,2775.3785,1,1e-05
8.4005,134344,1128.5572,415.3643,4,47.8332,6.6389,28.5849,0.1392,7.9003,20.1999,0.106207,4.3159,0.7383,34,2783.2405,0,0.55025
6.0154,105261,633.1866,443.0954,2,87.1949,6.3478,27.3118,0.0693,7.9342,20.2003,0.067918,2.7689,2.2792,55,2094.7389,0,0.44304
17.6522,100813,1779.5674,202.8155,4,129.9152,4.7012,30.0334,0.2271,7.7234,17.8574,0.659597,17.0116,16.1992,16,1596.2396,1,0.076812
18.5359,120236,2228.6847,315.9241,4,58.4692,5.9383,27.7026,0.1648,7.9322,17.6532,0.617784,17.6971,16.6801,22,1965.5283,1,0.104731
6.0456,100710,608.8554,244.339,2,113.365,6.8172,28.7409,0.0714,7.7345,20.6536,0.091675,3.2736,1.6321,66,2050.5224,0,0.380458
12.896,152252,1963.4489,227.1748,4,52.5588,5.3317,29.8099,0.2298,7.797,19.2117,0.300871,11.1768,9.2436,41,2341.3052,1,0.227756
24.5282,50584,1240.7327,109.6061,3,47.4071,7.4065,30.0225,0.0721,7.8067,19.9379,0.698996,24.2153,23.548,0,1181.1957,0,0.00847
15.6207,143542,2242.2296,220.1647,3,46.9267,6.3495,31.0889,0.117,7.6802,22.5217,0.4426,14.1927,12.6159,49,2534.439,1,0.191632
18.1324,186825,3387.5901,274.3835,3,22.3019,5.1951,28.6916,0.2318,7.752,18.9116,0.465848,17.1837,15.895,15,2753.6581,1,0.106016
18.5495,69296,1285.4044,128.4781,4,27.4679,5.6585,28.9005,0.2151,7.8302,21.1214,0.720282,18.0419,17.3541,15,1118.1251,1,0.056858
16.0362,188396,3021.1516,358.064,3,30.989,5.3694,29.6706,0.2138,7.6733,15.3474,0.555039,15.0091,13.837,35,2928.8047,1,0.134582
22.4406,86887,1949.7966,170.1019,4,85.7268,6.8184,29.3595,0.1413,7.8011,19.5173,0.676715,22.4406,22.3144,0,1811.2458,0,0.0
8.4851,131140,1112.7339,270.2254,4,58.2281,5.7307,29.5271,0.1986,7.7522,19.6751,0.179522,6.0781,3.4833,68,2368.7214,1,0.328315
22.2982,59497,1326.6745,222.4762,5,71.2944,5.2953,28.1907,0.2177,7.8905,23.2266,0.549766,21.9978,21.1142,0,1271.1983,0,0.0
11.8226,59048,698.1014,247.0031,5,67.9261,4.6996,27.7085,0.1887,7.9942,19.7058,0.24897,9.6707,7.2809,47,932.3147,1,0.287628
13.0114,167551,2180.072,198.8263,2,68.0576,4.5342,30.8129,0.2819,7.8773,20.7188,0.394865,11.6879,10.1737,1,1856.1253,1,0.173116
7.0432,68709,483.9281,153.4163,5,30.5982,5.9296,28.9769,0.1496,7.7508,18.3764,0.115113,3.9777,0.8509,54,1124.697,1,0.413232
17.6409,193015,3404.964,304.3214,3,19.753,5.3217,28.8889,0.2289,7.8,20.0106,0.47193,16.6413,15.342,15,2808.8306,1,0.117025
19.5385,105301,2057.4283,323.7211,5,61.1551,5.7707,28.8735,0.1867,8.0353,20.4122,0.722915,19.0797,18.4094,15,1724.584,1,0.046862
10.1982,217450,2217.5914,411.3412,3,21.2285,6.0871,29.4614,0.1458,7.8246,20.6443,0.235058,8.2865,6.2407,75,3783.5781,1,0.262008
25.4921,185959,4740.4874,260.5051,4,49.7487,6.6429,29.7203,0.1232,7.6666,21.3265,0.617688,25.0321,24.1262,0,4335.3778,0,0.022214
20.673,96363,1992.1085,237.5684,3,47.0414,6.0782,26.7954,0.093,7.8417,22.1536,0.546148,19.3429,17.8267,9,2044.7314,0,0.174423
20.2939,70024,1421.0599,328.7021,5,101.4308,5.4994,27.6184,0.1121,7.9076,23.5677,0.509231,19.0999,17.6114,19,1342.9588,1,0.145482
17.4517,92125,1607.7379,131.2387,3,86.5895,4.8293,28.3876,0.2053,7.8892,22.9681,0.75016,17.0394,16.4631,15,1366.09,1,0.044554
7.9857,46094,368.0944,416.9619,5,105.2375,4.5532,29.4971,0.2624,7.6306,18.9852,0.181202,5.9884,3.8549,78,752.2907,1,0.274093
10.8258,124237,1344.9667,331.8347,3,108.9102,4.827,29.7028,0.2319,7.7977,19.8355,0.260147,8.8792,6.7834,69,2084.9743,1,0.265735
19.9677,116224,2320.7235,161.2926,3,118.663,5.972,30.2241,0.1797,7.8651,18.111,0.736515,19.6849,19.1529,15,2048.9608,1,0.016553
5.3569,171007,916.0629,271.6572,4,29.0649,6.9311,29.7429,0.1207,7.9868,16.4566,0.092189,2.8612,1.41,86,3313.3755,1,0.343764
22.2189,150919,3353.2581,264.5432,2,91.9673,6.4507,27.8804,0.1293,7.8032,22.8405,0.786305,21.9705,21.4675,0,3078.6901,0,0.010322
19.0054,170158,3233.9141,99.2395,3,35.5952,4.543,32.4258,0.2616,7.9344,19.1945,0.709656,18.6062,17.9705,3,2685.9219,1,0.035632
23.5034,55502,1304.4839,404.7768,3,121.8301,6.0501,29.5761,0.1318,7.7064,18.8609,0.661743,23.4896,23.0632,0,1243.6621,0,0.0
18.6587,82375,1537.0119,202.1639,2,46.7418,5.7531,28.3283,0.1495,7.8024,19.9552,0.52021,17.4469,16.0517,33,1544.1137,1,0.157746
5.9002,187737,1107.6797,283.0985,2,24.7839,7.3658,29.1638,0.0871,7.8009,17.8142,0.079121,2.6594,1.4704,51,4029.7105,1,0.443916
13.384,63673,852.2023,270.9041,5,66.772,5.6336,28.8161,0.1827,7.8116,17.9575,0.345266,11.7497,9.9706,59,1164.0338,1,0.221491
12.358,52294,646.2477,198.7136,2,58.2556,4.3856,28.7444,0.2469,7.9264,18.0501,0.394184,10.9706,9.4557,56,827.3966,1,0.187629
17.2609,86897,1499.9167,171.5621,3,49.8906,5.7587,28.676,0.1936,7.7719,21.392,0.415883,15.8034,14.0492,24,1445.5777,1,0.183122
18.7024,187587,3508.3179,367.2561,2,35.4941,4.8614,29.1939,0.2002,7.9184,18.9194,0.566966,17.6769,16.4424,23,3278.3378,1,0.128809
18.2978,186926,3420.3365,342.7445,3,52.3276,5.9779,29.2265,0.1314,7.7804,22.6046,0.373688,16.5373,14.4731,29,3644.5363,1,0.225963
9.1186,192414,1754.5413,316.3962,3,85.124,5.2336,31.5326,0.2117,7.8161,15.8968,0.220233,7.1839,5.061,53,2846.7506,1,0.260751
15.1901,166326,2526.5147,257.8706,5,41.1869,5.2368,30.6214,0.2476,7.8222,21.6912,0.351957,13.5276,11.5879,30,2643.1028,1,0.214198
5.1836,106039,549.6585,323.6993,5,138.0749,4.8425,30.1379,0.2315,7.7261,23.9464,0.088906,2.5186,1.4409,57,1386.0288,1,0.360401
18.3973,106226,1954.2696,227.5416,5,59.0941,6.2804,28.3185,0.0794,7.7413,22.0612,0.362062,16.3664,14.1101,16,2080.7194,0,0.271374
10.1593,169713,1724.162,152.6224,5,91.4883,5.7687,31.2339,0.2353,7.6056,21.948,0.257346,8.3866,6.4624,61,2701.6764,1,0.240691
23.5266,87568,2060.1775,98.5255,2,52.5755,6.488,28.9992,0.114,7.8022,17.862,0.563013,22.8655,21.7799,0,1975.4199,0,0.055713
22.3663,145068,3244.6405,157.3059,4,104.6025,7.1725,28.0485,0.0933,7.858,21.2286,0.499813,21.44,20.0943,0,3150.46,0,0.095334
11.2758,144829,1633.0601,254.6377,2,111.1557,6.0212,27.7764,0.2047,7.8037,19.4379,0.28065,9.5862,7.7615,66,2416.4627,1,0.230182
23.5375,166217,3912.3248,382.3961,5,64.0497,6.43,27.3717,0.1587,7.8618,24.5741,0.78038,23.0065,22.2666,0,3500.0646,0,0.057592
16.6448,165611,2756.5586,351.8159,3,20.2817,4.3724,29.0575,0.2585,8.069,20.0599,0.689246,16.6286,16.3407,2,2214.3988,1,0.0
16.487,198843,3278.3276,337.5474,3,132.0676,5.6837,29.7086,0.1976,7.7655,18.1267,0.483588,15.275,13.8973,37,3299.787,1,0.159295
15.998,148133,2369.8314,274.7396,3,25.2708,4.6031,29.5791,0.2198,8.0294,21.1452,0.490371,14.9803,13.7524,23,2138.5538,1,0.127599
19.076,150023,2861.8387,146.4929,2,94.5557,4.9607,29.4877,0.2506,7.7579,17.898,0.607597,18.9835,18.4397,6,2417.3011,1,0.0
14.3986,178180,2565.5506,192.1469,5,130.6603,5.0211,28.8999,0.2618,7.6491,24.6838,0.42555,13.1741,11.7469,9,2510.5635,1,0.157898
24.7017,147292,3638.3566,126.173,4,29.7424,6.941,28.5219,0.0394,7.8957,20.884,0.597928,23.5907,22.2269,0,3355.3619,0,0.137226
3.6311,128775,467.5955,401.8012,3,96.3658,5.1395,28.2369,0.2223,7.9459,18.2281,0.063253,1.9935,1.9935,97,1965.9449,1,0.273072
12.4023,115265,1429.5487,299.0861,3,70.4438,5.2217,29.8357,0.2318,7.9756,18.5837,0.450227,11.2926,10.0667,4,1254.1982,1,0.148857
12.5837,214304,2696.7475,80.25,4,88.3977,4.6132,28.1203,0.2308,7.7648,17.1711,0.314299,10.9773,9.1414,35,2863.9195,1,0.210294
13.4548,204623,2753.1518,216.6623,2,52.8978,4.998,30.1661,0.1749,7.7493,23.773,0.291228,11.487,9.2845,43,3610.6252,1,0.261527
21.5503,211844,4565.2921,131.4578,4,108.3974,6.9981,27.7578,0.099,7.7144,18.7066,0.621572,20.5441,19.3578,4,4272.8259,0,0.128567
15.4242,76665,1182.4937,430.7208,5,61.9178,4.3679,29.9138,0.2747,7.7751,19.6133,0.774413,15.4233,15.2454,2,976.1121,1,0.0
5.9473,93166,554.0818,291.4996,2,68.589,4.9419,30.7953,0.2893,7.8667,19.5341,0.119534,3.4525,0.8685,8,680.5152,1,0.335471
15.9651,145488,2322.7245,214.4876,5,134.3469,4.7208,30.17,0.2299,7.9751,21.9997,0.755836,15.9651,15.9093,3,1970.2739,1,0.0
19.4814,203955,3973.3203,174.6135,5,75.9782,6.8412,28.1337,0.0979,7.9971,18.2494,0.523167,18.3846,17.0529,22,3692.8831,1,0.136763
16.0583,207308,3329.0117,270.2219,4,71.6709,6.3898,30.2378,0.1592,7.6522,18.9131,0.300464,13.8626,11.37,34,4378.0364,0,0.288864
15.8124,190227,3007.941,271.5065,3,37.0914,4.2437,30.7885,0.2379,7.9209,25.4197,0.532852,14.7792,13.5993,5,2603.3672,1,0.135327
17.5961,149486,2630.3767,204.7701,2,60.4655,5.1695,31.2687,0.2295,7.9397,22.0974,0.5295,16.5076,15.2155,26,2479.8773,1,0.138342
23.0155,125129,2879.9073,183.7347,3,75.0255,7.0535,28.4044,0.0892,7.8483,19.745,0.787561,22.7264,22.1689,0,2735.0315,0,0.015344
20.8412,118799,2475.9162,203.9805,4,28.2144,6.7768,28.1804,0.1312,7.8478,19.5547,0.770749,20.3814,19.7257,15,2038.0318,1,0.04849
22.8377,69372,1584.2966,251.6782,4,96.4816,7.103,27.729,0.0585,7.7119,23.4615,0.705837,22.8377,22.8377,0,1502.9691,0,0.0
18.4302,74202,1367.5555,212.4488,5,115.8577,5.2494,29.1246,0.2256,7.9616,26.2659,0.665993,17.7496,16.8971,18,1132.7071,1,0.082554
24.0804,163456,3936.0866,208.9678,4,123.1553,6.4404,27.7551,0.1322,7.6999,19.5468,0.64626,23.532,22.6349,0,3565.915,0,0.04656
17.5612,83485,1466.0986,247.8895,2,125.0947,6.0196,29.9014,0.2049,7.7988,17.9006,0.511024,16.303,14.8946,42,1526.2464,1,0.167219
16.7081,190329,3180.0274,218.5842,5,94.9892,6.9658,30.3865,0.1362,7.9509,17.5532,0.383387,15.0011,13.0672,38,3598.8946,1,0.224872
4.973,55361,275.3078,291.2774,2,94.0419,5.1017,31.5481,0.2688,7.7509,22.7767,0.117794,3.2275,2.046,2,267.7126,1,0.239842
13.2879,205594,2731.9228,126.2658,5,71.0145,5.0179,29.0785,0.2038,7.9149,17.7554,0.368537,11.7445,10.0614,57,3588.3021,1,0.208899
14.9784,96056,1438.7623,136.3338,3,56.2408,6.9353,28.1809,0.1333,7.8839,20.5128,0.226257,11.8725,8.3885,22,2043.7787,0,0.412166
7.3106,151116,1104.7508,103.6516,4,54.8838,4.2797,28.0191,0.2859,7.7244,20.8049,0.172933,5.4919,3.5117,1,953.9866,1,0.246422
19.3346,72437,1400.5376,443.0893,5,74.2935,5.6392,28.6285,0.2096,7.8244,22.8274,0.544699,18.5747,17.512,15,1251.2278,1,0.082062
14.4982,56240,815.3814,247.2084,3,81.4613,4.6645,28.8529,0.2565,7.872,18.215,0.427897,13.401,12.025,9,728.1466,1,0.132978
16.1483,122362,1975.9385,188.0465,2,61.544,4.6981,29.4876,0.1931,7.9699,19.0479,0.373657,14.4992,12.6203,36,2002.0519,1,0.216363
23.0043,152260,3502.6399,408.2101,4,82.0813,6.8149,27.2064,0.0866,7.8553,22.3341,0.743051,23.0043,23.0043,0,3390.7297,0,0.0
4.5602,154450,704.3257,278.4937,3,47.0546,4.9358,27.7913,0.2428,8.0304,18.2106,0.076164,1.831,1.3596,3,748.7351,1,0.372493
4.5437,72944,331.4369,81.0811,3,83.6301,4.8422,29.5778,0.2679,7.9901,20.9262,0.09542,2.596,1.8636,4,337.3584,1,0.268345
21.5619,60041,1294.5986,427.2123,5,131.4329,5.5741,28.5894,0.183,7.7757,17.2784,0.505873,20.5133,19.1035,5,1263.9679,0,0.118495
20.8926,62451,1304.7627,98.631,5,120.4012,5.7931,29.9148,0.1592,8.0124,21.506,0.527679,19.723,18.2854,10,1275.4736,0,0.144301
20.5881,181689,3740.6348,358.7857,4,112.1186,5.2256,29.875,0.184,7.8877,20.8439,0.609436,20.1551,19.3528,15,3140.0555,1,0.02674
9.0139,86357,778.4126,245.0745,2,94.1506,6.1751,29.5717,0.1227,7.715,20.6765,0.142537,5.976,2.6656,50,1802.3449,0,0.41139
14.5598,131523,1914.9514,249.7436,3,73.7074,6.9338,27.6516,0.0876,7.7017,21.7943,0.307448,12.5741,10.4097,38,2793.57,0,0.26887
7.8156,96995,758.0729,224.6635,5,38.0719,5.1509,29.3841,0.1948,7.8168,20.5144,0.142385,5.5317,3.0466,60,1489.4729,1,0.309574
5.6468,64721,365.4684,226.8094,5,42.6787,5.1863,29.9473,0.2307,7.8103,20.9427,0.124504,3.2932,0.7814,79,1108.5223,1,0.323168
12.5164,141461,1770.5758,368.3816,3,16.9637,6.0768,27.3482,0.1547,7.9251,19.3813,0.264758,10.3204,7.8676,44,2324.575,1,0.292293
11.16,217870,2431.432,299.7279,3,75.2418,5.4421,29.8112,0.2531,7.8195,23.053,0.200765,8.6439,5.8663,50,3512.3953,1,0.337689
22.9149,67449,1545.5882,138.0449,5,28.3077,7.7488,28.0419,0.0468,7.9645,21.0798,0.70888,22.9147,22.621,0,1389.8825,0,0.0
20.7331,89107,1847.4666,293.3239,4,85.9915,4.8521,29.4666,0.1715,7.8187,21.2544,0.668932,20.7331,20.6536,15,1571.9894,1,0.0
6.7642,61611,416.7486,309.3301,2,139.8744,4.4449,28.7637,0.2577,7.7243,21.195,0.142783,4.4665,1.9996,2,356.9467,1,0.314246
24.2796,190740,4631.0927,245.9936,3,99.0509,6.6193,29.45,0.1347,7.786,15.1665,0.643384,24.1981,23.6337,0,4424.2192,0,0.0
15.994,200235,3202.5634,99.8142,3,105.1841,4.7267,30.1226,0.309,7.8074,17.1972,0.727059,15.7824,15.356,1,2597.8053,1,0.009036
17.2562,191576,3305.8669,108.4462,4,44.7405,6.8362,29.6013,0.1114,7.676,19.1069,0.41198,15.5488,13.6598,27,3730.2744,0,0.228809
18.0886,166597,3013.5028,414.408,3,89.2315,6.8265,28.3538,0.119,7.8074,21.2383,0.38859,16.3664,14.3682,31,3268.3525,1,0.222839
15.3609,92657,1423.2979,388.4419,3,58.6487,4.2698,29.2852,0.2575,8.1249,18.8266,0.679625,15.0345,14.5132,2,1252.8471,1,0.02898
14.828,116017,1720.3022,93.8094,5,42.8186,6.3359,30.702,0.1379,8.0377,19.832,0.411815,13.4119,11.8615,54,2074.5948,1,0.19114
21.7584,149617,3255.4259,272.8871,4,101.2451,6.3994,29.4468,0.1295,7.8791,22.8362,0.616711,21.18,20.254,15,2843.0113,1,0.051142
12.145,176120,2138.9801,303.9801,3,102.7705,4.6067,29.9769,0.2456,7.8301,17.4502,0.313439,10.4315,8.5513,53,2746.5501,1,0.230951
16.658,124243,2069.64,256.941,3,32.8374,4.4782,29.5917,0.2776,8.1465,15.413,0.750948,16.4947,16.1105,15,1759.65,1,0.000612
20.3313,95783,1947.3903,142.2325,4,34.0233,6.1358,31.1199,0.1593,8.0218,22.0776,0.515112,19.6186,18.4923,15,1771.8927,1,0.06448
21.1045,119514,2522.2858,104.0965,4,63.0567,6.0423,29.9041,0.1268,7.58,22.4066,0.573253,20.9544,20.2804,15,2105.6161,1,0.0
17.1659,190393,3268.2586,129.667,4,123.5402,7.047,28.1574,0.0612,7.7468,20.3566,0.412911,15.5589,13.748,40,3642.5476,1,0.212534
17.6792,146133,2583.512,446.3283,2,82.8299,7.0023,28.3608,0.0829,7.9621,19.0592,0.330824,15.3712,12.8257,16,2888.7251,0,0.309962
20.7931,88758,1845.5573,388.8628,3,88.3976,5.3722,28.5594,0.1858,7.7983,19.7947,0.7909,20.6716,20.264,15,1496.921,1,0.0
6.8901,80275,553.1009,190.9659,3,130.0223,5.2763,30.2227,0.1927,7.7225,20.7825,0.136779,4.4129,1.7571,74,1391.2035,1,0.339096
19.6241,95394,1872.0237,185.1832,3,60.1138,6.3112,28.8865,0.1323,7.8685,18.1293,0.436774,17.9185,15.9449,13,1980.6085,0,0.221167
11.4748,218021,2501.7471,305.2481,5,120.8225,4.3245,31.7118,0.2603,7.7141,23.3377,0.29156,9.683,7.6793,43,3210.1157,1,0.238313
23.4571,52840,1239.4727,249.4255,3,16.7817,5.7699,28.808,0.1609,7.929,18.4455,0.660117,23.3996,22.8923,0,1185.1866,0,0.0
13.656,148082,2022.2034,306.1775,4,74.7558,4.5518,28.2511,0.2497,7.9175,22.0622,0.377885,12.2068,10.5407,2,1753.9396,1,0.188841
18.2718,184723,3375.2254,176.4627,5,30.2224,4.6992,29.15,0.2528,8.0496,20.5551,0.683003,17.596,16.7429,5,2778.7077,1,0.081402
22.3815,109389,2448.2861,408.409,5,81.2239,6.0744,31.0439,0.139,7.7759,18.1868,0.556335,21.2265,19.8027,0,2234.7138,0,0.142156
3.4645,99401,344.3706,130.2143,4,116.9783,5.3924,29.7179,0.1132,7.9809,19.2665,0.054146,1.1287,1.1287,74,2101.4474,0,0.368605
16.8604,168501,2841.0008,261.4859,3,113.2018,4.5754,28.9576,0.3101,7.8276,20.1031,0.716298,16.7661,16.3956,4,2407.5693,1,0.0
8.7799,83628,734.2487,346.4335,2,19.8699,5.4128,30.4068,0.2027,7.898,22.2589,0.225037,7.0013,5.0851,68,1231.5794,1,0.242706
20.9379,196939,4123.4841,342.0018,5,52.6497,6.9531,28.5564,0.0662,8.1099,20.7181,0.492478,19.38,17.6074,6,3993.0892,0,0.204586
4.9134,115519,567.5931,368.9267,5,97.0887,6.5034,28.6978,0.1329,7.8889,22.6104,0.080371,2.2802,1.3359,70,2424.6313,0,0.363393
10.0864,123137,1242.0127,183.578,4,68.9796,5.3033,29.3071,0.1746,7.7745,20.1939,0.208429,7.942,5.6146,62,2205.068,1,0.291189
11.536,200133,2308.7293,260.7024,5,46.1822,6.2781,28.5781,0.1238,7.9744,18.528,0.208927,9.0032,6.1924,47,3495.1376,1,0.338679
11.8066,89406,1055.5845,385.5561,2,121.5985,6.2139,28.7735,0.0795,7.7283,17.9067,0.256807,9.6852,7.3923,56,1886.4782,0,0.288863
13.0641,106378,1389.7327,190.2776,2,49.7462,6.9081,27.567,0.0959,7.9915,21.3063,0.24052,10.6325,7.9699,39,2175.0372,0,0.328186
15.8817,95838,1522.0731,177.4549,3,84.1921,4.3548,27.9208,0.2669,7.9309,18.5117,0.633241,15.1829,14.3224,11,1390.3019,1,0.086093
4.7247,98841,466.9982,446.152,4,111.0443,5.8838,28.6941,0.1591,7.9338,20.552,0.069281,2.2039,2.0491,77,1936.268,0,0.348177
12.9835,119617,1553.0474,195.4248,4,73.1299,5.1743,28.5158,0.2204,8.1491,20.3763,0.340993,11.3354,9.5305,55,1935.2498,1,0.222427
17.389,181845,3162.0938,221.858,3,101.3126,5.0531,28.0175,0.2135,7.7092,21.707,0.376964,15.7664,13.8148,24,2963.5478,1,0.203955
16.4496,168265,2767.8873,263.6605,4,125.3303,4.9669,30.3323,0.2661,7.6744,21.2615,0.774433,16.4496,16.4438,7,2229.3121,1,0.0
17.0157,124412,2116.952,354.0403,4,34.6148,6.3417,29.3364,0.1176,7.8061,19.5302,0.285156,14.6214,11.8708,22,2537.3334,0,0.312163
11.2976,191702,2165.7693,447.0815,5,59.635,6.8992,27.1306,0.0951,7.8069,17.1222,0.238508,8.9496,6.423,47,4122.9841,0,0.320661
9.4229,202622,1909.2855,439.0831,4,76.3367,6.1595,29.1498,0.1508,7.7711,19.8831,0.194333,7.0365,4.4445,61,3382.6245,1,0.323878
17.5228,136440,2390.8074,341.1763,2,125.4396,4.9403,29.3594,0.1848,7.9893,17.3458,0.415559,16.0928,14.3734,24,2442.2063,1,0.179796
13.8931,80968,1124.8995,395.9114,3,56.116,4.2806,28.9066,0.268,7.7894,19.0417,0.430789,12.6637,11.2604,5,927.867,1,0.161094
21.6797,175298,3800.4116,169.6002,2,115.036,5.7236,28.3951,0.2025,8.003,21.8631,0.63962,21.6107,21.0989,15,3333.9738,1,0.0
17.2794,157194,2716.2231,214.104,2,124.6322,5.7051,28.9326,0.1438,7.8504,21.7977,0.352772,15.3629,13.0986,27,2764.6663,1,0.244488
3.0203,179409,541.8651,198.3137,5,108.7194,5.1876,28.6679,0.2636,7.7706,18.7174,0.048214,0.7119,0.7119,6,806.6466,1,0.417128
11.6362,208613,2427.4704,419.4236,2,19.5423,5.286,29.1756,0.2065,7.692,21.5137,0.346624,10.1993,8.6413,62,3457.7579,1,0.19526
11.1457,185010,2062.0577,125.6942,3,70.5928,4.9202,28.4418,0.2759,7.6811,20.8127,0.327068,9.6715,8.0734,13,2073.502,1,0.200334
8.8216,210757,1859.2091,210.1272,3,94.8803,7.4133,28.6857,0.0901,7.6694,16.6233,0.103436,4.9226,1.6886,31,4336.653,0,0.530236
17.7831,209373,3723.3038,133.5568,4,27.4888,5.3145,30.1988,0.1949,7.8526,20.8648,0.761789,17.5552,17.1003,15,3131.3177,1,0.010283
16.9137,114900,1943.3803,378.225,2,53.2482,4.3033,31.842,0.2613,8.0996,17.488,0.788554,16.6121,16.1488,1,1648.0696,1,0.02858
13.3542,49076,655.3711,402.1311,4,64.3933,5.7558,29.4065,0.1164,7.6966,18.2769,0.310626,11.3888,9.2544,50,1055.8718,0,0.266777
17.8672,111660,1995.0492,237.4601,3,26.3572,5.4678,28.2523,0.2341,7.6568,19.7882,0.57718,17.7571,17.2151,15,1621.511,1,0.0
14.924,148096,2210.1784,326.2014,5,131.7214,4.861,30.628,0.2868,7.9604,22.0246,0.737275,14.4814,13.9084,1,1913.4142,1,0.051999
7.1283,88031,627.5133,142.3407,4,54.1715,4.9924,30.6942,0.2178,7.9557,19.8928,0.118073,4.3297,1.567,52,1366.349,1,0.376385
16.5016,82634,1363.5964,100.8293,4,109.0314,4.1023,30.1169,0.2354,7.7188,21.9774,0.589974,15.6468,14.6237,24,1295.8725,1,0.10792
10.4993,209871,2203.4901,236.29,5,85.5527,6.5178,27.8371,0.105,7.7515,19.6311,0.225769,8.2295,5.7844,60,4306.1654,0,0.309739
18.9631,209084,3964.8806,199.2796,4,91.4519,6.2384,29.9862,0.115,7.892,19.1636,0.401389,17.1423,15.0456,16,4378.7564,0,0.236972
11.8964,137148,1631.5738,333.0446,3,68.499,5.399,30.6503,0.2317,7.8227,18.4046,0.227771,9.5408,6.9113,44,2175.4037,1,0.313703
18.3216,121270,2221.8617,408.0866,5,67.3037,5.8979,30.4515,0.1577,7.9328,20.3812,0.452097,17.1826,15.719,16,2046.4353,1,0.134894
4.9149,78542,386.0259,93.9265,4,89.8538,3.9207,29.0096,0.2698,7.9114,18.2718,0.07675,2.212,1.973,13,621.444,1,0.368082
18.938,191738,3631.1286,203.4482,3,70.8801,5.2232,29.3193,0.2406,7.7736,19.9381,0.757855,18.6072,18.0637,15,2915.0921,1,0.027815
22.1777,71992,1596.6195,225.3918,5,67.2529,6.9412,28.5521,0.1037,7.9395,20.1484,0.60182,21.088,19.7855,0,1447.7066,0,0.137717
6.1312,71802,440.2328,276.3648,4,65.2085,5.011,30.2011,0.2059,7.6883,22.4959,0.143691,4.2948,2.3462,87,1163.5581,1,0.253069
17.6442,191725,3382.8369,160.4779,3,118.7808,5.6042,28.7123,0.2135,8.0087,17.6998,0.595064,16.6603,15.5178,30,3312.9587,1,0.127247
7.9997,114199,913.5538,244.9501,2,105.5214,6.704,31.0751,0.0792,7.9492,18.3543,0.108672,4.9516,2.262,47,2430.5273,0,0.416434
6.2811,97313,611.2285,373.5822,3,55.71,5.7646,28.84,0.1764,7.6856,18.6556,0.116708,3.9054,1.6689,82,1803.9384,1,0.326666
16.519,181523,2998.5785,295.4691,2,74.3702,5.3763,28.4187,0.1936,7.8091,18.252,0.431677,15.1012,13.4534,31,3006.6526,1,0.183224
19.8605,103849,2062.4896,231.8951,3,129.4957,5.522,30.3245,0.1984,7.7126,20.4258,0.555937,19.073,17.9808,15,1854.56,1,0.085907
21.1205,218969,4624.7324,325.6764,2,30.6412,5.7351,28.294,0.1776,7.9036,18.1355,0.714863,20.5016,19.6727,15,3978.0079,1,0.070226
9.8888,68361,676.0087,210.3871,4,76.5043,4.2914,31.5618,0.2899,7.8384,22.4729,0.245697,8.0909,6.0908,3,596.716,1,0.239991
6.431,214179,1377.3759,209.3217,2,113.5226,5.5341,29.6343,0.1716,7.7907,21.5892,0.11309,4.0257,1.9893,77,3859.6558,1,0.329957
21.184,182797,3872.3749,416.681,4,85.827,6.0229,29.2695,0.1223,7.8196,20.3265,0.601795,20.3326,19.2447,12,3591.758,0,0.101385
20.6779,170355,3522.5843,174.1596,5,96.1759,5.291,30.3282,0.2,8.0676,22.1686,0.577588,20.2078,19.3215,15,3016.7965,1,0.027311
10.6393,209295,2226.7568,217.9594,5,20.9942,5.6363,26.255,0.154,7.7667,19.8405,0.259801,8.8793,6.9792,66,3478.6721,1,0.239834
6.8735,183351,1260.2689,179.7928,2,70.9484,6.1722,28.6793,0.1629,7.9723,22.065,0.095267,3.9105,2.1668,62,3214.5711,1,0.402252
19.5071,161301,3146.5167,365.1407,5,66.6559,5.9432,30.357,0.1703,7.6658,18.3545,0.551595,18.4897,17.2599,23,2972.9048,1,0.127366
21.9037,139207,3049.1541,179.9335,2,125.1167,5.9048,29.9038,0.1216,7.9263,18.9756,0.784207,21.9037,21.9037,15,2533.2511,1,0.0
2.9105,84674,246.4425,229.9198,3,53.8052,5.5377,29.6098,0.1854,7.6342,15.9064,0.047071,0.8023,0.8023,73,1394.6691,1,0.389507
17.638,204980,3615.4323,329.2114,3,118.3977,4.7631,29.4897,0.2751,7.5288,18.5371,0.704996,17.1723,16.5141,6,2945.3829,1,0.049647
12.3985,200112,2481.0902,399.6738,5,70.8365,4.2394,28.9181,0.2488,7.858,19.2596,0.352977,10.8154,9.0865,2,2021.3565,1,0.214057
6.1591,144331,888.946,442.0265,4,112.5901,5.8692,27.9085,0.2062,7.8785,17.1402,0.092125,2.8257,0.9726,60,2706.2874,1,0.451723
19.1768,100479,1926.8691,185.9718,2,29.8171,5.4722,30.5894,0.1826,7.9269,22.7631,0.764487,19.1768,19.129,15,1577.2871,1,0.0
23.6347,189467,4477.9939,318.0832,2,93.4441,6.4393,28.6055,0.1652,7.8116,20.8369,0.720481,23.0387,22.1954,0,4037.533,0,0.06346
14.6153,210570,3077.5428,176.5831,3,42.2569,4.8735,30.2975,0.2517,7.8155,18.9419,0.44446,13.3432,11.9117,4,2622.3584,1,0.168438
3.7362,161377,602.9402,241.1315,3,105.7147,6.1964,28.537,0.1337,7.8709,22.0888,0.042881,2.3317,2.3317,82,2611.6874,1,0.3391
14.4494,192972,2788.3335,226.0582,2,100.7531,4.4243,30.8359,0.2739,7.9956,20.6521,0.532321,13.5244,12.4508,1,2376.9891,1,0.119683
21.718,115223,2502.4148,199.4735,3,85.0829,5.9484,29.8557,0.1283,7.7611,22.132,0.545131,20.4675,18.9545,2,2238.4531,0,0.156419
15.6703,65036,1019.1304,435.6914,5,98.9838,5.5184,30.1895,0.2178,7.7588,22.5233,0.441596,14.5491,13.1877,22,929.2852,1,0.139812
8.2797,88155,729.8936,301.3936,5,98.7732,5.7448,28.4407,0.1634,7.8565,21.3263,0.106369,4.9277,2.2404,50,1860.0218,0,0.452513
7.3613,135019,993.9217,132.3789,3,39.9954,5.8123,30.7349,0.1906,7.6454,20.9792,0.118821,4.7019,2.1122,58,2306.4975,1,0.359921
8.7753,104162,914.0508,173.8768,3,112.1199,5.182,29.5324,0.247,8.066,21.3593,0.18576,6.6584,4.3689,65,1676.6412,1,0.288117
11.9409,109337,1305.5769,432.0596,5,87.9692,4.3375,30.321,0.2799,7.908,22.4168,0.244213,9.8641,7.5274,1,1062.9575,1,0.274978
15.5755,98106,1528.046,127.9407,5,17.034,5.7481,28.471,0.1552,7.9667,23.5368,0.411253,14.0935,12.4522,48,1677.9665,1,0.19847
18.1737,124370,2260.2603,388.1095,5,70.8885,5.239,29.234,0.2018,7.8388,23.3543,0.517611,17.1694,15.9171,19,2108.1578,1,0.122346
8.6334,59005,509.4132,362.1466,3,23.3912,4.4599,28.3331,0.2608,7.6739,19.2843,0.27429,7.1063,5.4579,12,507.7567,1,0.20813
17.9861,105276,1893.5002,87.2275,4,118.2804,5.0153,29.2332,0.2004,7.8893,20.592,0.481653,16.7392,15.2812,29,1787.5221,1,0.160354
23.812,218815,5210.4272,254.8829,4,115.2555,6.6777,27.7813,0.1306,7.881,21.7958,0.613827,23.8098,23.3901,0,4773.8232,0,0.0
17.7949,218071,3880.5514,89.1498,3,82.8174,6.1752,28.7669,0.1478,7.7552,19.9314,0.461118,16.5111,14.9691,24,3766.9437,1,0.16156
15.2482,116351,1774.1444,160.839,3,122.2112,5.6941,29.9209,0.1147,7.6941,23.0487,0.289696,13.0398,10.5548,41,2245.9963,1,0.292397
18.8004,201289,3784.3202,230.3191,5,45.2336,4.5478,29.3647,0.26,7.7618,17.8592,0.704031,18.6217,18.1409,7,3255.2416,1,0.0
16.2856,85569,1393.5406,333.232,3,22.1634,6.121,28.0183,0.1808,7.8139,20.662,0.457091,15.0021,13.5578,40,1417.8194,1,0.169926
11.9209,217359,2591.1046,175.6783,3,100.0142,5.1994,30.9034,0.209,7.9616,19.4204,0.325981,10.4345,8.7959,50,3091.5224,1,0.199697
12.12,50776,615.4065,221.5399,4,48.9799,4.9258,30.2159,0.2656,7.9333,16.2288,0.369901,10.7982,9.3261,7,558.5729,1,0.176312
11.9529,122711,1466.7504,361.2491,4,125.3827,6.2594,29.9479,0.1258,7.9404,20.0612,0.23361,9.6939,7.2573,46,2481.5839,0,0.308027
18.5363,88593,1642.1833,107.8095,5,20.9595,4.9943,30.1745,0.2312,7.9001,21.1588,0.454653,17.1295,15.4894,30,1642.9614,1,0.181365
14.6116,144025,2104.437,367.3924,3,120.8205,5.9743,27.8989,0.1369,7.9982,22.6886,0.342629,12.8511,10.9042,49,2599.565,1,0.236
16.775,97572,1636.7741,238.0308,3,41.1537,5.0076,28.876,0.2465,7.726,19.0005,0.596792,16.4715,15.8528,15,1300.9947,1,0.012088
10.4576,70749,739.8651,138.908,2,26.9551,4.9332,28.4356,0.2158,8.0993,22.2602,0.284803,8.7315,6.8367,53,1094.8078,1,0.232558
14.6666,126631,1857.2519,320.5866,2,107.1586,5.4229,27.8401,0.2159,7.9359,19.1183,0.33855,12.8668,10.8324,39,2115.7682,1,0.23752
10.6606,96162,1025.1434,280.8556,3,42.1452,4.9931,29.4298,0.2349,7.65,19.2647,0.248498,8.7783,6.7063,51,1428.7252,1,0.253142
10.761,149023,1603.6368,164.7744,5,73.2976,5.6314,29.0266,0.1904,7.8656,19.8689,0.219896,8.6955,6.4295,54,2374.3222,1,0.278411
17.5708,129592,2277.0388,128.9268,3,58.769,5.6933,30.1414,0.2214,7.6702,17.5427,0.507387,16.3633,14.9613,31,2181.1509,1,0.156195
20.5745,79598,1637.6865,256.3484,4,72.8838,5.9542,26.3858,0.136,7.8532,19.6623,0.505208,19.8152,18.6409,15,1433.3928,1,0.071221
18.827,59574,1121.5968,302.5705,2,130.0287,5.1414,31.297,0.2791,7.9056,17.2709,0.640749,18.827,18.5936,5,948.9814,1,0.0
19.1328,97566,1866.7111,292.7888,5,95.7545,6.2905,29.393,0.1524,7.9814,20.0587,0.382305,17.1665,14.8913,14,1946.8564,0,0.254994
23.1075,201928,4666.0503,271.9901,3,82.4206,6.611,28.326,0.1432,7.7938,21.4234,0.703068,22.9706,22.446,0,4510.6753,0,0.0
24.6764,92286,2277.2864,277.5582,2,85.9404,6.5298,28.502,0.1336,8.0724,23.4665,0.605106,24.5556,23.8848,0,2032.5603,0,0.0
16.9873,198821,3377.4365,230.0415,3,32.6622,5.1794,29.0831,0.2114,7.7879,20.1447,0.582413,16.0854,15.0341,29,3136.0107,1,0.116293
22.6811,70953,1609.2949,169.4389,2,94.972,6.9959,27.7891,0.0978,7.5653,22.5687,0.447151,21.0851,19.0753,0,1445.8463,0,0.192668
21.7047,205721,4465.1202,374.9585,3,127.7034,5.7449,29.1571,0.1529,7.9364,20.6315,0.672823,21.6167,21.1074,15,3865.8805,1,0.0
7.3854,166369,1228.7012,371.3812,2,131.8074,6.042,26.9739,0.1759,7.7653,18.2014,0.164355,5.2056,2.8883,84,2985.7242,1,0.300065
21.6741,80488,1744.5065,303.8921,2,77.8021,6.9223,28.5978,0.0814,7.834,20.5274,0.618528,20.8613,19.8046,4,1684.4243,0,0.095163
19.3824,54187,1050.2747,420.7985,3,92.9563,5.0073,29.6208,0.219,7.6928,18.7832,0.690166,19.2005,18.7019,15,862.3748,1,0.0
18.8233,79379,1494.1723,433.7044,5,87.9539,5.6097,28.0753,0.2518,7.9307,19.5259,0.60411,18.0192,17.0046,17,1260.9159,1,0.096871
18.3782,189549,3483.5646,116.485,3,47.3241,5.1645,30.4501,0.2278,7.7484,21.2,0.690511,17.7622,16.9771,16,3109.0226,1,0.073508
24.2402,177676,4306.9058,425.3597,2,84.9162,7.2384,28.8578,0.1229,7.8889,19.0489,0.630527,24.0178,23.2888,0,4022.1047,0,0.0
11.4213,107386,1226.4856,277.6989,5,22.913,5.6935,29.6786,0.1825,7.8663,19.5104,0.301797,9.6616,7.752,61,1820.9663,1,0.238955
12.3219,58771,724.1681,309.6404,4,103.4237,6.4508,28.358,0.0779,7.7946,21.4369,0.246704,10.0696,7.656,41,1253.7362,0,0.308425
15.9492,175011,2791.2819,349.8136,4,87.3655,6.1167,27.5794,0.1692,7.6014,21.523,0.383314,14.4662,12.7272,29,2767.4492,1,0.190318
16.8134,113658,1910.9791,375.0905,3,123.3812,6.0821,28.938,0.1145,8.0916,18.6749,0.394501,14.9717,12.9329,28,2367.0208,0,0.246694
13.6904,67999,930.9349,403.3803,2,75.7334,4.063,27.9128,0.2568,7.6388,19.6889,0.350634,12.0934,10.2622,4,852.998,1,0.20852
17.4793,49196,859.912,425.3105,2,104.35,5.2803,29.7885,0.1971,7.9161,25.0456,0.530765,16.4063,15.1445,28,834.1384,1,0.137391
18.0312,148931,2685.4109,94.158,5,96.2258,5.0969,28.0338,0.1973,7.863,19.0909,0.540594,17.4663,16.5286,15,2285.5581,1,0.046585
16.0767,149279,2399.9161,447.4141,2,96.3327,5.2175,30.9148,0.2352,7.7743,21.6649,0.400508,14.6379,12.9375,27,2286.3991,1,0.183492
7.7769,141945,1103.8862,329.0949,4,67.9131,6.712,29.2588,0.1627,7.7817,22.8522,0.161901,5.702,3.4974,85,2632.5054,1,0.285684
17.7066,150640,2667.3192,432.351,4,26.9941,6.5804,29.259,0.0594,7.886,23.369,0.391249,15.9177,13.8817,26,3001.5508,0,0.234874
5.7189,143207,818.9876,362.2587,2,25.6663,6.4796,29.2001,0.1137,7.8177,19.2849,0.10124,2.9853,0.9884,77,2622.8632,1,0.374959
15.3688,159768,2455.4499,157.5184,3,18.0509,6.1151,28.9937,0.1818,7.5829,19.8942,0.315749,13.2548,10.8967,36,3108.1551,0,0.281676
21.1133,129180,2727.4184,299.004,3,108.1197,5.9112,29.0465,0.1261,7.8593,17.7957,0.634922,20.176,19.0394,9,2532.2878,0,0.117006
6.6582,104867,698.2213,298.246,2,81.6071,4.8327,30.0488,0.2585,7.8909,20.1027,0.14935,4.4248,2.014,2,648.2039,1,0.304354
14.611,180089,2631.2888,172.0303,3,108.2375,5.2447,29.2235,0.1845,7.9333,23.5667,0.413648,13.2045,11.658,52,2954.3616,1,0.189299
9.298,121594,1130.5788,290.2114,5,50.9276,6.3916,30.0275,0.1255,7.9455,19.7341,0.141604,5.9907,2.3363,50,2184.1607,1,0.443611
20.411,45731,933.4141,127.1361,2,30.6678,6.2554,28.374,0.1276,7.9626,19.0497,0.561557,19.2132,17.8054,13,977.4325,0,0.153425
16.8292,90919,1530.0948,421.5203,3,114.4031,4.8453,30.4885,0.2789,7.8171,19.7671,0.676903,16.6971,16.2668,15,1213.0967,1,0.0
13.1447,73012,959.7209,441.52,3,45.2796,6.1782,27.4657,0.1742,7.773,19.8872,0.286455,11.1947,9.0532,53,1312.9742,1,0.262683
16.3334,204844,3345.7969,91.6795,3,60.0027,5.9635,31.3671,0.174,7.9771,16.5469,0.387784,14.7511,12.9376,34,3511.4233,1,0.206681
5.7851,132738,767.8996,388.3256,2,117.8216,4.7767,29.9479,0.2494,7.8703,20.1788,0.132808,3.6129,1.2822,72,2012.2104,1,0.297201
22.3022,141637,3158.8113,367.5132,4,23.2948,5.9896,27.254,0.1188,7.8317,17.9708,0.676916,21.5297,20.5414,0,2794.0527,0,0.091853
5.2188,85504,446.2264,196.4993,2,73.3688,4.4059,29.4541,0.3248,7.8709,22.725,0.116149,3.018,0.9762,2,404.4322,1,0.299037
16.5017,125284,2067.3981,158.6916,2,41.4537,4.7255,30.3508,0.2217,7.787,23.5366,0.516764,15.957,15.0543,15,1669.4447,1,0.045042
13.5624,49781,675.1521,159.474,5,43.9533,6.3526,29.0365,0.0719,7.8664,23.0288,0.277694,11.4467,9.1571,40,1036.0358,0,0.287842
18.4904,155262,2870.8563,436.4846,2,17.0455,5.946,29.0676,0.0997,7.8314,21.2442,0.748593,18.0091,17.3602,15,2475.1543,1,0.054241
12.5771,59212,744.7154,448.6868,5,98.1585,4.2638,29.3069,0.2848,7.7956,23.2443,0.286982,10.6781,8.5357,5,707.7269,1,0.250956
17.9154,148414,2658.8947,268.2433,2,70.01,6.2495,27.4567,0.1491,7.7051,17.2207,0.371028,16.2036,14.1151,22,2712.1476,1,0.212592
4.6118,99809,460.2974,415.7577,3,117.769,4.8374,29.58,0.2065,7.8758,21.8797,0.07954,2.3401,2.1354,65,1403.6002,1,0.309362
19.0453,74788,1424.3618,114.3455,4,50.287,5.4527,28.7923,0.1697,8.0117,20.6294,0.74035,18.5088,17.8018,15,1309.1347,1,0.061931
16.5123,209521,3459.6676,164.6604,2,68.38,6.4069,28.0499,0.0913,7.8015,19.4487,0.377471,14.6326,12.5658,28,4379.5132,0,0.25299
19.8844,216490,4304.7673,159.3437,5,104.0331,4.7744,28.9568,0.2016,7.9216,22.5406,0.698992,19.3322,18.5632,15,3783.1166,1,0.059937
6.856,71641,491.1685,419.752,4,113.2435,6.3318,27.8008,0.156,7.7846,16.822,0.119491,4.353,1.8304,75,1285.3325,1,0.342968
9.6691,206942,2000.953,169.3276,3,107.4554,5.8354,27.6809,0.1557,7.8467,20.8055,0.154419,6.8062,3.692,49,4421.1124,0,0.388166
3.3127,113001,374.3389,205.4304,5,94.6567,5.9313,29.0374,0.1285,7.9988,22.338,0.046064,1.4366,1.4366,84,1972.6008,1,0.361228
12.1941,96794,1180.3164,441.5567,4,56.0608,6.7304,27.5767,0.1096,7.7974,20.2979,0.238897,10.0212,7.661,54,1877.5203,0,0.294899
12.9965,194142,2523.1655,100.2614,2,96.2634,3.7139,31.2182,0.2701,7.8157,18.8071,0.398244,11.6567,10.1514,3,2285.8487,1,0.177592
21.6275,143323,3099.7201,371.4791,2,29.9563,7.4734,27.646,0.0817,7.9256,18.1731,0.619705,20.679,19.5271,4,2811.796,0,0.118258
22.9064,204810,4691.4652,383.3699,5,67.7169,6.488,27.8936,0.0967,7.8328,17.9259,0.461372,21.6561,19.9564,0,4220.7434,0,0.139597
7.1465,202682,1448.461,214.2362,4,103.407,4.5301,27.9366,0.2147,7.7642,18.5125,0.122772,4.3034,1.1828,54,2956.7377,1,0.383106
19.8558,156663,3110.6619,312.13,3,111.3604,5.9154,27.8289,0.198,7.8277,21.4228,0.397591,18.195,16.1892,14,3094.4214,0,0.20804
10.041,92935,933.1594,389.5424,3,42.5775,6.0196,28.1665,0.1525,7.7354,21.1484,0.220719,8.0161,5.8364,69,1660.4178,1,0.276465
10.3046,111593,1149.9193,302.9261,5,81.4672,5.5263,28.4749,0.1221,7.7586,19.1118,0.158026,7.3171,4.0133,49,2050.3082,1,0.400489
24.3055,178021,4326.8929,171.8757,5,101.4873,6.3695,28.2131,0.1368,7.8039,22.2992,0.743878,24.03,23.4166,0,4123.3757,0,0.0039
10.4217,192159,2002.6323,197.3877,4,92.3757,4.4115,29.7647,0.2725,7.8242,17.8872,0.2465,8.6863,6.7304,12,2004.3442,1,0.229524
11.0569,70506,779.5793,199.8803,4,23.3693,6.5772,30.6723,0.0629,7.8298,20.2609,0.218202,8.6364,6.0264,47,1491.2548,0,0.330099
21.6933,146302,3173.779,362.5471,2,81.2104,5.1382,29.6795,0.1386,7.7795,18.5342,0.737599,21.6933,21.6263,15,2757.3852,1,0.0
8.0874,137348,1110.7818,134.9145,4,56.9837,7.3338,31.1392,0.0702,7.7689,20.3828,0.099158,4.5705,1.9676,42,2873.5808,0,0.476525
12.1074,133928,1621.5257,134.0766,3,94.7367,4.8781,29.5528,0.2665,7.8822,20.0156,0.234075,9.6913,6.976,8,1589.3522,1,0.320201
18.7369,45467,851.9088,129.4817,2,83.4676,7.1344,27.4199,0.1463,7.7844,19.6842,0.519174,17.5129,16.0959,31,868.429,1,0.158635
24.4549,72476,1772.3899,350.6065,4,52.8386,7.2638,29.7475,0.0374,7.9571,18.777,0.66387,23.8024,22.829,0,1575.8982,0,0.064695
15.9494,81398,1298.2472,97.6329,3,66.2143,5.2426,29.4254,0.1648,8.0195,22.9645,0.365593,14.3998,12.5163,22,1344.7284,1,0.193056
14.9314,186203,2780.269,292.4968,5,114.7075,4.1435,28.3736,0.3005,7.7304,20.7159,0.541278,14.4395,13.6559,3,2423.5712,1,0.043863
11.0034,88527,974.0984,397.5074,4,64.0142,5.0463,28.6184,0.2748,7.8352,18.31,0.358187,9.7228,8.3248,2,781.7096,1,0.173188
3.5394,97381,344.6733,294.6395,5,116.1766,5.3556,28.4523,0.2285,7.8684,18.7065,0.044487,1.3428,1.3428,64,1523.2913,1,0.45374
12.6455,172891,2186.2897,365.9494,2,56.5965,4.9006,29.8178,0.1882,7.9732,19.7172,0.266262,10.5587,8.1588,34,2526.0832,1,0.271886
7.8717,98228,773.2254,209.4413,4,104.9688,5.635,28.9434,0.2122,7.783,17.9118,0.161287,5.4637,2.8418,59,1641.0349,1,0.326275
9.1662,205061,1879.6305,367.2286,4,51.8296,6.352,29.2105,0.1528,7.8569,19.1548,0.172434,6.5878,3.8344,49,4280.2813,0,0.353889
10.0761,138388,1394.406,375.0864,2,95.8743,6.0864,28.9105,0.1434,7.9418,23.5088,0.174543,7.4865,4.6797,54,2865.6302,0,0.351933
17.7038,179429,3176.583,324.4778,4,93.1284,4.258,30.449,0.2681,7.7606,15.1567,0.674213,17.2814,16.6188,9,2791.783,1,0.038716
9.5888,60358,578.7606,223.9502,4,133.1688,4.301,29.8876,0.2017,7.8824,20.3242,0.209291,7.6231,5.5115,71,1016.2466,1,0.268755
19.7598,149144,2947.0554,219.1056,2,125.7704,4.8266,30.0132,0.2365,7.9067,22.9986,0.700313,19.055,18.1668,17,2449.3437,1,0.085032
17.1104,63519,1086.8362,123.2278,3,103.3628,4.9416,28.434,0.2595,7.8658,18.0107,0.545381,16.2611,15.1956,18,958.3657,1,0.102889
21.0172,193569,4068.277,158.1602,5,104.7575,5.5331,28.7452,0.2093,8.0501,21.0521,0.675897,20.3157,19.3982,15,3737.1887,1,0.081615
11.9902,86099,1032.3442,292.8907,5,99.4821,5.6693,28.3519,0.192,7.8456,20.2223,0.315788,10.4253,8.7101,54,1288.9011,1,0.211089
15.1305,189175,2862.3038,369.2785,4,69.8798,5.5423,27.9004,0.1556,7.8898,16.8416,0.394365,13.5281,11.7715,54,3657.3995,1,0.216116
5.5525,94841,526.6055,165.936,5,121.8675,3.9308,28.7354,0.2714,7.7853,17.0945,0.124406,3.721,2.2521,2,475.8702,1,0.251125
12.9719,144346,1872.4426,100.0504,5,62.9926,4.0085,28.9191,0.2508,7.7178,17.7495,0.476471,11.9471,10.8062,14,1799.3192,1,0.136737
16.1329,49469,798.0762,311.7747,5,79.3445,4.6034,29.6796,0.2596,7.7251,21.1107,0.54411,15.14,13.971,27,713.416,1,0.127012
16.2501,103280,1678.3088,363.3562,3,44.6531,4.7448,28.3326,0.2489,7.6904,24.1884,0.575366,15.4448,14.447,19,1513.3228,1,0.098656
15.3994,148991,2294.3729,99.8431,3,121.2654,6.4495,30.1084,0.0981,7.9027,19.1668,0.336108,13.481,11.4029,32,2968.7572,0,0.260844
20.7242,204818,4244.698,135.0547,2,64.9696,5.4192,28.8426,0.2057,7.5075,21.7962,0.617668,20.7165,20.3196,15,3620.1511,1,0.0
17.7334,160967,2854.4965,114.5002,3,75.4811,5.1709,27.745,0.2435,7.8956,18.5626,0.650304,17.7334,17.6354,15,2406.3231,1,0.0
14.7909,159837,2364.1327,313.9586,4,60.0535,5.9819,29.2639,0.1591,8.0221,19.6088,0.369866,13.1738,11.3955,52,2821.876,1,0.217633
22.9339,46157,1058.5581,264.415,4,120.2109,6.5898,28.4566,0.1918,7.95,20.4228,0.744274,22.8077,22.3218,0,954.437,0,0.0
22.5574,87734,1979.0503,289.2591,3,115.9581,7.3333,28.3675,0.0762,7.9364,22.9598,0.584048,21.6413,20.4483,0,1825.4936,0,0.107064
6.5676,125889,826.7899,419.5442,2,125.6498,5.7988,28.1274,0.1314,7.8928,15.7048,0.080819,3.3478,2.3992,56,2216.4751,1,0.435102
10.0105,57929,579.8958,320.1498,3,106.3365,5.7514,28.6776,0.2027,7.9073,20.8362,0.184172,7.3126,4.3349,50,1030.5763,1,0.362128
24.4822,72932,1785.5354,420.2684,2,109.2562,6.8582,27.3476,0.1243,8.0018,20.3675,0.597141,23.4291,22.0947,0,1731.5615,0,0.126405
23.4903,138703,3258.1764,244.6147,3,112.4662,7.0862,28.1609,0.1255,7.7621,22.9135,0.545802,22.7298,21.5123,0,3171.3565,0,0.067252
17.3624,118340,2054.665,266.2097,4,35.1362,4.8471,29.6444,0.2678,7.8316,19.4698,0.614366,17.1735,16.6049,3,1743.6069,1,0.0
17.0789,108312,1849.8468,160.482,5,104.6891,4.8887,29.3788,0.2547,7.8946,18.3259,0.706254,16.5809,15.9195,4,1477.1719,1,0.057032
15.7859,71801,1133.4398,193.3365,5,76.2586,6.0659,29.0338,0.1807,7.7689,16.1172,0.40058,14.2107,12.4553,45,1334.7039,1,0.210019
13.5839,79278,1076.9062,262.2959,5,21.1554,4.6467,29.392,0.2029,7.8443,20.0392,0.310551,11.868,9.8947,33,1144.5929,1,0.223557
7.7281,70260,542.9751,295.5743,3,124.3197,5.0247,29.8238,0.172,7.8925,21.495,0.192615,5.9173,3.9709,70,1093.4628,1,0.247455
19.4463,145940,2837.9994,111.672,4,76.8942,6.1097,28.6219,0.1047,7.8316,20.2262,0.555201,18.3693,17.1092,29,2714.9252,1,0.138473
18.037,211084,3807.3264,254.3794,4,24.4038,4.272,29.6246,0.2277,7.8752,19.0849,0.474891,17.2086,15.9988,15,3107.6235,1,0.084654
16.7195,215527,3603.5022,113.8886,2,21.9265,6.1713,28.4571,0.1301,7.8845,20.3319,0.373643,14.954,12.9491,37,3961.5273,1,0.2322
4.6202,168082,776.5684,308.5762,2,24.434,7.0135,29.9009,0.0879,7.8214,20.2221,0.062724,1.6764,1.5431,59,3624.6873,0,0.40611
21.2177,85261,1809.0394,301.6841,4,84.8102,5.3847,28.4021,0.1382,7.919,18.6119,0.634584,20.2372,19.0675,8,1798.6964,0,0.124103
8.0486,106113,854.0573,345.9555,5,51.6823,5.3663,28.5261,0.2018,7.8172,21.4162,0.15186,5.7614,3.2719,59,1739.7736,1,0.309967
21.5475,119156,2567.5198,358.0899,5,56.8864,6.8178,28.9915,0.0743,7.8665,22.15,0.71522,20.9902,20.2208,15,2142.6158,1,0.061132
23.9276,152690,3653.5105,224.6646,2,46.6886,6.8334,29.8241,0.1212,8.0166,20.7489,0.669779,23.174,22.1522,0,3430.0,1,0.084396
21.9215,153010,3354.2117,286.4012,3,35.3474,6.3175,28.206,0.0784,7.8473,20.464,0.366022,19.8471,17.3509,1,3113.7036,0,0.260656
8.498,116812,992.6685,236.9876,4,79.4374,7.3834,29.1824,0.0643,7.9829,22.2316,0.107107,4.7622,1.4386,36,2476.1297,0,0.505752
22.1069,138077,3052.4536,404.7062,2,109.0277,7.2398,28.4513,0.0584,7.8059,24.6449,0.537169,21.05,19.68,0,2731.2735,0,0.124099
15.1677,183544,2783.9378,399.8514,3,140.0166,4.2114,31.4915,0.2906,7.72,21.7204,0.394959,13.7313,12.0461,20,2696.8696,1,0.184263
19.0177,133103,2531.3157,320.1496,5,86.4771,5.1923,27.4718,0.2151,7.9385,17.6419,0.631702,18.634,17.9232,15,2180.2269,1,0.023736
14.3007,171357,2450.5241,295.0605,3,61.702,6.4407,29.1735,0.115,7.9086,14.9824,0.288709,12.1295,9.7286,42,3657.8239,1,0.29108
12.463,64403,802.6524,390.9096,4,117.2409,3.6701,29.949,0.2988,7.8508,22.7178,0.374862,11.1953,9.7372,7,734.487,1,0.165147
22.8041,196618,4483.7011,438.0862,2,57.3995,7.1528,28.4017,0.1333,7.8721,18.1692,0.56759,21.6749,20.2729,0,4004.5368,0,0.138087
9.3611,56796,531.6719,233.1269,3,48.7948,5.6916,29.8223,0.1155,7.7935,15.7292,0.201552,7.1519,4.7669,66,991.4783,1,0.301057
24.5318,177701,4359.3278,97.5698,5,59.935,7.0414,30.1254,0.0444,7.8624,17.8349,0.641517,23.4452,22.1341,0,3975.2492,0,0.136245
17.0699,154983,2645.5449,283.8609,3,52.8938,6.4079,28.5625,0.0948,7.8213,19.9308,0.338888,15.0934,12.8556,27,3032.3784,0,0.260517
14.3368,138949,1992.0812,409.5077,4,73.4729,4.915,29.358,0.2337,7.7488,18.2994,0.479666,13.2832,12.0748,1,1588.66,1,0.137536
9.6905,81681,791.5332,138.9566,2,41.3835,5.4237,29.6014,0.1908,7.8253,16.0197,0.15994,6.9172,3.8836,56,1479.4274,1,0.374588
16.4234,70204,1152.9911,251.2243,5,140.0108,4.4157,29.4639,0.2938,7.7864,20.2231,0.632403,16.0446,15.4121,10,922.5276,1,0.030849
15.769,200873,3167.5653,144.1892,3,122.2782,4.7016,30.886,0.2351,7.7895,21.0981,0.516638,14.8327,13.713,24,2980.968,1,0.118281
6.1852,156304,966.7785,385.2182,3,77.6442,5.9869,29.9358,0.1422,8.1303,20.2292,0.083618,3.0451,1.8242,53,3308.8408,0,0.429766
23.985,150635,3612.9749,372.2065,3,119.0016,6.8392,29.0769,0.0842,7.8191,21.9906,0.633161,22.817,21.4315,0,3466.9254,0,0.1485
5.94,197152,1171.0764,250.2868,5,113.2006,5.9457,28.7712,0.1699,7.7282,20.3511,0.119666,3.8543,1.8336,90,3617.591,1,0.287716
20.0725,77797,1561.5821,145.9768,2,128.2859,5.478,28.9817,0.203,7.7636,20.0049,0.755468,20.0725,20.0457,15,1287.6794,1,0.0
17.6544,192326,3395.4056,434.7882,5,51.6548,4.9019,29.1038,0.2207,7.6618,17.6727,0.730182,17.5109,17.0912,2,2803.3476,1,0.0
21.2768,133297,2836.1374,113.7134,5,31.4537,6.336,28.5552,0.1074,7.992,22.1492,0.56803,20.4502,19.2886,15,2410.0814,1,0.088757
18.8032,191598,3602.6592,153.159,5,70.0509,6.1741,29.5134,0.1986,7.8123,20.4352,0.704299,18.7855,18.4743,15,2959.5688,1,0.0
12.2911,205390,2524.4765,327.0808,4,62.5141,4.7849,28.9907,0.2954,7.7531,18.4639,0.387272,10.9941,9.5487,34,2906.9163,1,0.17292
10.9491,161341,1766.5429,255.2262,5,101.0363,5.8114,28.944,0.1229,7.8882,20.9955,0.163212,7.5837,3.8656,35,3447.1278,0,0.451439
16.5302,182510,3016.9283,352.9959,4,108.4108,7.6341,27.2854,0.1026,7.9824,24.1558,0.231856,13.4554,9.974,17,3683.117,0,0.405298
11.2035,108297,1213.3029,387.2676,3,58.8398,5.6601,29.3777,0.2159,8.0203,21.8989,0.201095,8.5235,5.5545,48,1942.487,1,0.35882
19.2604,101860,1961.8675,230.4554,2,80.1358,5.1846,30.5989,0.1842,7.7045,16.4108,0.735471,19.0626,18.5771,15,1695.6056,1,4.1e-05
8.5124,154097,1311.7342,336.0047,5,71.427,4.4718,30.8339,0.2669,7.8836,20.7587,0.26862,7.1451,5.6759,5,1168.3414,1,0.186898
19.1359,153162,2930.8943,431.7916,2,80.2984,6.4639,30.1855,0.1783,7.8392,20.4973,0.482557,18.2437,16.9412,15,2604.3688,1,0.091183
12.9672,82967,1075.8489,198.7454,3,26.6742,6.2661,28.5065,0.1156,7.7766,19.2401,0.268181,10.7981,8.4433,44,1783.3228,0,0.294493
6.1793,195195,1206.1619,160.5324,2,84.732,6.3479,31.0853,0.0843,7.8929,19.5538,0.082043,3.2539,2.2389,64,4166.0564,0,0.40022
4.456,120225,535.7184,434.5154,2,43.8946,6.8522,30.2143,0.1285,7.8417,20.8122,0.064296,0.9809,0.668,52,2485.7625,0,0.476488
13.2991,177282,2357.6922,157.318,5,20.2358,4.7837,30.049,0.1976,7.8836,23.6952,0.298257,11.4566,9.3954,43,2712.4711,1,0.244973
5.5417,50420,279.4111,149.5464,5,125.7432,4.5935,29.6177,0.2779,7.6679,16.4021,0.111283,3.3403,1.8207,4,281.1274,1,0.301015
22.0391,165753,3653.0508,101.9281,5,28.4416,6.3403,29.0205,0.179,7.9403,19.8751,0.66964,21.4222,20.5394,0,3463.5258,0,0.06476
20.1217,138540,2787.6658,261.6404,4,120.4992,5.5188,29.9187,0.1932,7.8792,20.0301,0.615046,20.1217,19.8901,15,2395.8244,1,0.0
9.3225,200634,1870.4095,417.9337,3,95.1662,5.5716,30.3742,0.1638,7.9068,22.2475,0.169991,6.6079,3.6755,52,4143.7697,0,0.369773
10.066,176423,1775.8651,238.4953,3,83.6772,5.6322,28.9345,0.273,7.7894,18.8074,0.193248,7.5732,4.8353,53,2897.2138,1,0.335748
8.7091,118691,1033.6915,375.8384,5,102.0773,5.7242,29.192,0.1892,7.7819,21.3019,0.150694,6.0427,3.1532,63,2279.554,1,0.362435
7.9621,107711,857.61,191.7066,2,26.851,6.7813,28.7899,0.0791,7.9631,19.1766,0.104702,4.3848,1.3465,39,2277.8673,0,0.486368
18.9375,98710,1869.3233,419.4502,3,122.3738,5.3134,29.6555,0.2116,7.7916,19.7565,0.502097,18.132,16.9497,15,1557.0614,1,0.081717
4.0521,88189,357.3476,267.4262,4,119.5778,6.035,28.1853,0.1241,7.9248,19.8744,0.058268,0.9161,0.9161,59,1891.4418,0,0.445642
11.135,104143,1159.6314,289.6429,5,98.2662,6.7116,28.776,0.0508,7.8119,18.5057,0.241855,9.0473,6.8132,55,2027.9324,0,0.28613
13.2066,165223,2182.042,335.4722,5,111.3286,4.5971,27.2036,0.2945,7.8272,16.276,0.301163,11.3682,9.2204,16,2304.5126,1,0.236622
6.3476,187843,1192.3563,312.4949,4,40.4228,4.5533,30.4995,0.2105,7.9342,19.5167,0.183399,4.6049,2.7451,79,2684.5225,1,0.239305
12.2437,212064,2596.4533,174.3807,5,69.625,4.6807,30.7579,0.2222,8.0122,19.5725,0.356646,10.8427,9.2685,41,2828.1879,1,0.185703
18.3442,46356,850.3644,84.4329,5,136.1536,5.0491,28.8628,0.2624,7.778,20.1927,0.509196,17.5048,16.3168,15,741.67,1,0.089332
12.7658,126396,1613.5436,437.4036,2,33.2965,4.5011,29.6286,0.2977,7.7853,22.0509,0.358589,11.2582,9.5961,43,1812.9132,1,0.202508
18.8498,149040,2809.3689,107.0042,2,77.2686,4.984,31.959,0.2313,7.7839,17.8347,0.780115,18.8498,18.6933,15,2327.6424,1,0.0
21.2708,125058,2660.0794,376.0904,3,96.536,5.9371,26.6918,0.1561,7.849,20.188,0.660882,21.2708,21.1358,15,2227.5015,1,0.0
19.8513,219998,4367.2432,327.569,4,81.3688,6.3436,28.5941,0.1588,7.8281,18.5598,0.61888,18.8464,17.6634,27,4259.1363,1,0.128565
13.0159,142112,1849.7156,91.3939,3,111.0001,4.5992,30.0832,0.2658,7.8207,20.0195,0.461905,11.9566,10.7589,7,1632.398,1,0.139761
17.0485,162011,2762.0389,129.431,2,111.5617,4.3149,29.2627,0.2479,7.7786,23.1519,0.78146,17.0485,17.0485,15,2148.2284,1,0.0
4.1637,134620,560.5208,351.2748,5,108.1205,5.4594,29.2982,0.2352,7.7212,20.4092,0.047728,1.8974,1.8974,60,2278.4234,1,0.462635
20.2903,72046,1461.8342,337.2404,5,76.0414,4.7997,30.2709,0.2,7.8363,21.5747,0.597745,19.8568,19.031,15,1181.0686,1,0.024203
21.1405,127405,2693.4053,213.3667,4,26.1287,6.3836,27.4903,0.1343,7.9587,19.565,0.503435,19.823,18.2251,6,2638.3513,0,0.16447
17.9787,71103,1278.3414,148.784,3,60.6759,6.3909,29.1481,0.1247,7.8178,20.9213,0.355918,16.1902,14.0737,27,1368.8832,1,0.227859
13.296,177813,2364.2022,449.665,5,112.0364,4.9114,31.6568,0.283,7.8249,24.3854,0.314024,11.4839,9.4212,3,2048.8283,1,0.237914
21.1327,129382,2734.1938,314.1645,2,22.6624,6.4879,28.3202,0.1212,7.7657,22.1351,0.518511,20.0127,18.5833,8,2732.4977,0,0.13352
11.9105,115043,1370.2236,366.1323,3,75.7494,4.3409,29.6506,0.2753,7.8472,18.1668,0.347813,10.3947,8.7433,8,1241.7507,1,0.205302
16.9675,80772,1370.4998,244.9352,4,42.8867,4.333,29.1443,0.307,7.8484,24.2562,0.531971,16.2385,15.226,11,1187.2632,1,0.079408
12.3929,144989,1796.8292,222.6877,2,121.3757,5.467,27.8306,0.1873,7.6671,23.6926,0.243703,10.0811,7.5513,53,3016.669,0,0.312164
15.6339,121138,1893.8536,91.1434,3,107.8743,4.9602,29.1183,0.2465,7.6763,20.6746,0.586269,15.094,14.33,14,1671.3183,1,0.05746
20.6517,146789,3031.4467,329.4513,4,109.007,5.8797,30.6137,0.1858,7.8603,18.3909,0.549371,19.5084,18.1344,12,3098.5936,0,0.143815
11.0714,125104,1385.0791,446.4728,5,69.1633,4.5561,28.1432,0.2486,7.8633,17.9798,0.368601,9.7619,8.3166,1,1130.141,1,0.175793
7.7078,111698,860.9492,136.5005,4,58.0796,6.0465,30.0599,0.1905,7.9576,18.5395,0.148411,5.4032,2.9244,70,1964.9088,1,0.314821
14.4994,80185,1162.6345,288.2664,4,116.9945,5.0804,28.5843,0.2601,7.9359,19.1766,0.445848,13.4706,12.214,9,1079.9121,1,0.127651
17.9032,80855,1447.5595,340.6564,3,39.0274,4.1904,30.6927,0.2851,7.8311,17.2502,0.660909,17.9032,17.8313,11,1136.6137,1,0.0
18.7051,123272,2305.8105,364.4537,3,97.4477,5.5016,29.7631,0.2155,7.7504,24.2262,0.587109,17.8745,16.8181,17,2074.2174,1,0.099331
13.0851,168770,2208.3704,324.8866,2,19.4132,4.5226,28.3616,0.2079,7.8573,18.7526,0.404925,11.8258,10.4103,30,2302.1512,1,0.166857
10.3087,52100,537.0836,138.3648,4,24.4993,5.7125,28.6803,0.2268,7.815,21.2609,0.246746,8.3811,6.2986,65,829.119,1,0.262552
21.8243,137468,3000.1427,300.0999,3,126.3692,6.6159,28.659,0.1369,7.8072,21.3311,0.546466,20.6805,19.2698,2,2730.1728,0,0.140712
19.0377,119754,2279.8398,414.7428,2,37.2915,6.9524,29.0116,0.1001,7.763,20.8022,0.37766,16.9902,14.6413,14,2444.1587,0,0.267261
16.739,164101,2746.8918,338.5384,4,85.7278,4.7999,30.0145,0.2234,8.146,20.2012,0.534472,15.8555,14.7601,4,2325.2533,1,0.108192
6.9584,160763,1118.6545,80.4697,3,76.3469,6.197,29.2355,0.185,7.6671,19.1391,0.133634,4.2864,1.4242,68,3224.3486,1,0.365998
22.0455,126497,2788.6884,436.3501,2,114.9509,7.222,29.9933,0.115,7.8649,19.4864,0.682604,21.2346,20.2143,0,2609.9158,0,0.097979
13.7445,66142,909.0878,115.1089,3,122.9976,4.7145,28.5687,0.2572,7.9597,20.4231,0.497356,12.735,11.6026,3,794.3646,1,0.13398
2.9617,170192,504.0571,369.1229,4,17.8601,6.1352,28.4852,0.1482,8.0447,22.47,0.050268,0.7459,0.7459,85,3122.3527,1,0.368641
21.6046,68584,1481.7282,288.1389,4,20.1926,6.4679,29.3518,0.1143,7.7865,19.4481,0.763796,21.3504,20.8282,15,1207.3216,1,0.009586
4.0608,63587,258.2123,335.4872,3,130.4802,4.278,29.4862,0.2767,7.9581,18.081,0.096448,2.0528,1.0051,12,362.9229,1,0.277318
14.856,163920,2435.1916,392.1898,3,41.9376,4.5939,30.5838,0.2797,7.7969,18.857,0.448198,13.5856,12.1257,10,2145.3843,1,0.165597
17.7413,115798,2054.4126,282.602,4,60.1212,5.5075,27.5689,0.2372,7.7231,18.2588,0.55731,16.7698,15.609,25,1824.1477,1,0.122821
10.3289,142439,1471.232,84.9318,4,101.3417,5.6797,28.3448,0.1619,7.9962,21.8464,0.183833,7.6067,4.5837,47,2493.6772,1,0.363831
17.5981,106669,1877.1687,383.484,2,87.967,5.3117,27.4587,0.2127,8.003,19.7792,0.560511,16.586,15.4142,31,1877.3273,1,0.131172
4.2357,164744,697.8072,315.9409,4,87.424,5.333,28.6143,0.247,7.7105,21.0554,0.067715,2.1744,2.1744,86,2518.2076,1,0.317788
12.0252,100334,1206.5316,150.4978,4,71.0236,5.2547,30.2113,0.2677,7.6766,18.0103,0.258546,10.0082,7.7582,45,1588.4627,1,0.268708
11.9714,66605,797.3527,446.0145,5,110.541,7.0621,29.7597,0.0763,7.6828,19.5687,0.188105,9.1824,6.1729,34,1349.2494,0,0.380155
7.7696,179398,1393.8568,194.1234,3,50.3519,5.4497,30.3244,0.2115,7.9839,17.9292,0.128406,5.0733,2.1217,55,3048.5529,1,0.363997
20.7395,130937,2715.5725,333.0118,2,34.2153,5.95,29.6752,0.1645,7.9274,21.9607,0.631242,19.7953,18.665,14,2796.633,0,0.119172
20.7903,101180,2103.5661,389.6594,4,83.0505,6.6072,28.6656,0.113,8.0159,20.0362,0.745025,20.7555,20.4025,15,1873.0751,1,0.0
4.1677,170823,711.9463,270.5631,4,133.7363,4.3887,29.6196,0.2657,7.8661,20.8134,0.084091,1.6796,0.8052,1,666.8889,1,0.340516
11.5397,200593,2314.7735,163.7017,2,100.7402,7.1849,29.6068,0.1214,7.6687,16.0772,0.223317,9.0432,6.3617,40,4015.0265,0,0.34133
15.3691,192495,2958.477,252.2632,5,91.4215,4.2367,29.8768,0.2941,7.8747,18.7415,0.719177,14.955,14.3833,5,2362.5891,1,0.045424
11.107,144200,1601.634,135.7234,4,38.1079,4.9106,28.9266,0.2378,7.8475,23.498,0.410731,9.946,8.6712,28,1813.3899,1,0.156398
17.9865,134387,2417.154,254.539,2,126.4927,6.1162,28.8868,0.1519,7.7115,19.1849,0.456821,16.4385,14.7273,25,2745.5164,0,0.207584
7.103,127711,907.1323,156.8147,3,100.1185,5.4383,30.5481,0.172,7.8498,19.6561,0.138045,4.6886,2.0747,64,2027.9279,1,0.328394
19.95,89961,1794.7258,433.2372,3,17.0405,5.6049,31.0141,0.1856,7.7823,15.3835,0.600442,19.3245,18.3911,15,1609.5539,1,0.062001
14.5952,57097,833.3397,374.4078,5,25.8679,6.1386,27.3398,0.078,7.9567,19.82,0.221966,11.6253,8.2699,27,1128.2689,0,0.392052
18.4241,52998,976.4402,156.2281,4,45.9915,4.8229,28.361,0.2767,7.8767,20.0804,0.591977,18.0122,17.2701,11,846.2664,1,0.027773
17.2593,130932,2259.795,186.7324,2,138.0248,4.6727,30.8228,0.2844,7.976,22.0959,0.739456,17.1993,16.8579,2,1864.3284,1,0.0
4.0039,198630,795.3022,274.3834,5,88.0025,4.1933,28.5974,0.2284,7.8219,15.9213,0.070393,1.744,1.744,11,1266.9684,1,0.321347
19.1314,82192,1572.4459,396.8674,5,117.4825,5.8078,28.6867,0.1714,7.7121,22.7251,0.682772,18.8807,18.3438,15,1351.2204,1,0.006446
9.409,181368,1706.4902,318.2234,5,78.7548,6.9211,28.2738,0.1098,7.951,20.1175,0.141914,6.4898,3.3416,44,3802.1414,1,0.398067
20.2363,172225,3485.1918,293.9629,2,29.7207,5.8745,29.528,0.1705,7.7727,22.4267,0.70725,20.1799,19.7858,15,2988.6169,1,0.0
5.9273,60460,358.362,360.1426,2,56.3602,4.4887,30.636,0.2763,7.8644,22.542,0.113077,3.7176,2.2344,6,397.9257,1,0.300586
18.2736,79533,1453.3517,118.6285,5,41.1018,4.789,28.2217,0.2401,7.8967,20.0534,0.595251,17.3853,16.311,22,1313.0598,1,0.11116
16.779,81508,1367.6206,366.9564,2,72.8378,6.202,28.6665,0.1846,7.8801,17.9561,0.381653,15.0896,13.1432,33,1529.2373,1,0.219787
26.6512,151213,4030.0153,331.4434,5,104.6896,6.8513,28.2965,0.044,7.9075,20.9142,0.688314,26.6512,26.6512,0,3592.7512,0,0.0
7.4886,132393,991.444,137.825,2,45.0779,6.5087,28.6433,0.1397,7.9514,25.0695,0.109255,3.9931,0.7425,54,2459.9009,1,0.471035
25.7242,155047,3988.4574,376.2708,2,51.9673,7.0582,26.4672,0.0814,7.9833,18.6377,0.639938,25.7242,25.6424,0,3871.0915,0,0.0
21.8804,65680,1437.1061,376.3565,3,67.9039,5.9471,28.4768,0.152,8.0253,20.6835,0.745621,21.5745,20.9782,15,1221.8494,1,0.015495
19.8617,157980,3137.7459,213.9074,5,88.9666,5.7611,29.8418,0.1473,8.112,23.0689,0.600233,19.4632,18.6821,15,2589.1176,1,0.01967
18.2601,77005,1406.1211,389.5764,5,16.4378,6.7457,29.4317,0.1084,7.6819,20.0152,0.552635,17.1341,15.8416,34,1456.0595,1,0.146922
16.986,209808,3563.7901,265.3532,5,123.8147,4.6605,29.7143,0.2727,7.786,18.952,0.557562,16.1942,15.171,10,3006.8162,1,0.093219
14.2695,135692,1936.2611,322.6544,5,64.3156,4.6026,27.9556,0.2161,7.9087,16.8891,0.328121,12.5171,10.4904,32,1990.489,1,0.227334
5.8677,156742,919.7182,173.6795,4,43.1932,6.1893,28.1244,0.1235,7.8819,19.77,0.100397,3.0901,1.1036,72,3205.5237,0,0.380825
20.6265,122162,2519.7711,381.4544,4,82.1094,5.5747,29.4348,0.2221,7.8361,20.406,0.510576,19.9765,18.8675,15,2190.9497,1,0.050454
9.9368,111460,1107.5568,441.1266,2,91.9522,6.3491,29.4912,0.1196,8.0278,21.483,0.213846,7.8189,5.5416,70,1981.3442,1,0.289375
4.1403,218151,903.2145,175.3001,2,55.7009,5.1982,28.5092,0.2623,7.7935,20.8169,0.083189,2.0223,1.502,86,3101.589,1,0.291748
9.1907,166039,1526.0077,449.1876,5,116.9621,5.4937,29.4185,0.1721,7.9662,19.5897,0.214512,7.0966,4.8417,69,2941.7018,1,0.285855
25.8485,54395,1406.0294,433.323,4,104.874,7.012,28.1623,0.0926,7.8154,20.967,0.680885,25.848,25.4975,0,1247.1222,0,0.0
17.3379,144011,2496.8506,253.6531,3,132.3169,5.5644,28.8588,0.17,7.9881,18.1356,0.346908,15.517,13.3364,25,2621.9753,1,0.229728
20.4613,104743,2143.1773,429.9597,4,92.8327,5.7353,28.7395,0.2064,7.7688,19.7585,0.604013,20.4594,20.0752,15,1886.6499,1,0.0
13.1729,139806,1841.6541,428.6632,3,89.2943,4.8004,29.5685,0.1973,7.8754,17.0998,0.392173,11.7962,10.264,45,2073.8892,1,0.183711
21.5232,212991,4584.2546,117.908,3,113.283,6.2565,28.6227,0.115,7.5854,17.2688,0.469156,19.8713,17.9969,3,4271.0113,0,0.21741
14.6218,50243,734.6436,238.1069,2,80.2118,4.5552,29.7974,0.282,7.7344,19.3637,0.420435,13.241,11.6604,18,714.6216,1,0.180542
5.2952,185628,982.9357,174.8417,2,64.0832,6.0962,29.7228,0.1186,7.9048,16.6094,0.082814,2.1423,0.8457,66,3427.5149,1,0.429444
17.7015,219273,3881.4606,439.5356,2,76.0291,3.9298,29.2321,0.3333,7.6148,19.6247,0.737185,17.7015,17.6376,12,3178.4398,1,0.0
10.1219,106709,1080.0951,438.5497,3,18.1591,7.1,30.2309,0.037,7.6552,24.0156,0.188542,7.7342,5.1883,49,2219.0669,0,0.328014
5.5237,142724,788.3576,420.9126,2,17.9323,6.7671,28.6115,0.1326,8.1083,18.9236,0.086758,2.5617,1.1228,55,2808.9011,0,0.408078
16.0948,181808,2926.1613,92.0371,3,129.4449,4.6535,31.059,0.2791,7.7731,23.8676,0.789199,15.7592,15.2699,1,2528.0869,1,0.034377
22.0706,190429,4202.8816,201.918,4,42.7146,5.8156,29.0303,0.1492,8.0603,21.0646,0.704385,22.0706,21.8329,0,4047.3192,0,0.0
16.8321,212420,3575.4762,266.644,3,122.7145,4.9867,28.6793,0.2344,7.9262,21.3775,0.484868,15.9823,14.799,15,2993.3202,1,0.092255
16.0528,194168,3116.9419,309.613,4,48.6401,5.1199,29.6145,0.2419,7.8976,17.1264,0.436128,14.7008,13.1355,31,3060.0083,1,0.175234
18.0956,173991,3148.4744,268.8558,3,96.474,4.8088,29.0899,0.2598,8.0237,17.4406,0.660085,17.8257,17.2638,15,2533.3183,1,0.009215
2.9599,195664,579.1537,268.0723,2,124.7951,4.8807,29.2279,0.2467,7.9986,20.203,0.061738,0.678,0.678,15,1177.1088,1,0.325181
24.2321,102913,2493.7968,214.7496,4,76.0786,6.2668,28.6595,0.1122,7.9409,20.6234,0.650842,23.6963,22.8191,0,2271.9835,0,0.045407
26.5874,108702,2890.1002,161.7688,2,115.0413,7.0506,29.845,0.0902,7.679,18.8462,0.675756,26.2547,25.4972,0,2767.7112,0,0.003022
10.7973,79535,858.7595,103.2189,4,116.5569,5.0242,30.5959,0.23,7.7983,18.1814,0.25632,9.0101,7.0185,45,1150.4144,1,0.238268
15.6754,200352,3140.6042,214.5063,5,117.7627,4.8789,29.4033,0.2675,7.9491,16.8303,0.721468,15.34,14.82,15,2579.7143,1,0.031353
8.1112,102685,832.8952,254.4732,4,105.0206,6.5015,29.7392,0.1748,7.7361,20.3172,0.09919,4.6598,2.4782,53,2010.5128,0,0.465169
17.1683,213615,3667.3965,271.5317,4,83.6201,6.9619,27.8777,0.0976,7.9256,22.5522,0.329453,14.9066,12.3805,20,4164.7469,0,0.301057
22.8233,151940,3467.7682,150.248,3,90.9576,7.043,28.6955,0.0862,7.8186,20.3515,0.488296,21.4103,19.6841,0,3377.7557,0,0.175284
17.5939,81969,1442.1504,189.9471,5,81.9485,4.4321,28.6537,0.316,7.7163,22.2763,0.540934,16.611,15.4006,9,1208.8778,1,0.121079
20.2558,50247,1017.7919,251.347,3,103.2115,6.2325,28.7024,0.1808,7.7678,20.8332,0.59881,19.428,18.3388,15,928.6844,1,0.09571
9.6186,144133,1386.3597,195.107,5,94.7536,5.01,29.0389,0.17,7.8101,20.976,0.22138,7.6552,5.5412,69,2407.0177,1,0.268042
20.5876,99416,2046.733,133.3439,4,17.9043,5.3858,29.1906,0.2217,7.7878,21.8773,0.778735,20.1247,19.4713,15,1648.4553,1,0.049425
17.9913,212778,3828.1424,125.042,3,122.5485,4.4716,32.1019,0.2506,7.9305,22.4202,0.676835,17.8383,17.3696,11,3159.7628,1,0.0
6.3811,218137,1391.9622,436.5547,5,72.8851,6.1063,29.2602,0.1649,8.0147,18.4892,0.079026,2.9607,1.9433,50,4258.7947,0,0.465618
23.4206,132922,3113.1179,287.8003,2,22.0283,6.0231,27.6518,0.1138,7.6666,17.5092,0.712898,23.4206,23.1619,0,2849.3003,0,0.0
16.6677,73981,1233.0912,93.4758,5,28.5038,6.4654,29.7383,0.1477,8.1114,19.1152,0.4009,15.0434,13.2387,38,1591.9349,0,0.217031
5.7387,102014,585.428,313.6817,2,77.2877,6.3995,28.6125,0.0844,7.865,19.5623,0.087755,3.2952,2.1193,76,2097.9057,0,0.337058
20.1721,218055,4398.6296,417.6032,3,93.7196,6.6237,29.3081,0.0977,7.6879,19.2443,0.512179,18.8763,17.3669,14,4478.4942,0,0.167165
8.942,206016,1842.1932,355.2744,2,101.4011,5.7016,27.3873,0.1771,7.9088,21.6723,0.181292,6.5978,4.0961,60,4223.809,1,0.321884
12.3289,153173,1888.4612,87.744,3,76.3171,4.8805,29.9993,0.2436,7.9103,18.2217,0.277756,10.4515,8.3228,4,1600.5006,1,0.247222
27.4611,119918,3293.08,84.0106,3,110.1751,7.477,28.5988,0.066,7.6538,19.0572,0.634592,27.0677,26.1586,0,3220.0915,0,0.002496
16.0522,151678,2434.7724,244.0838,3,118.7811,4.5841,29.8285,0.3178,7.9368,20.4076,0.743564,15.9713,15.6403,7,2063.8875,1,0.0
8.66,127787,1106.639,101.2539,5,99.2816,6.1574,29.9375,0.1641,7.8807,20.1423,0.149895,5.9828,3.0765,62,2211.6816,1,0.363461
18.6806,212463,3968.9416,365.8625,3,28.0952,5.1233,29.3234,0.2601,7.7575,19.1643,0.572249,18.5864,18.0309,13,3383.5599,1,0.0
16.356,168596,2757.5592,164.0648,3,44.2105,6.6566,30.2104,0.099,7.754,21.5001,0.270514,13.6363,10.5967,19,3417.1055,0,0.361859
17.3453,203535,3530.3706,199.5077,4,82.8274,5.7736,29.5526,0.2268,8.0381,21.4473,0.554748,16.3572,15.1992,28,3082.3701,1,0.126855
10.4671,167482,1753.0425,151.5979,2,17.6755,5.0894,30.4543,0.2306,7.8363,16.5817,0.249404,8.4822,6.283,48,2503.7623,1,0.265724
10.6147,214164,2273.2941,179.7352,2,29.0949,6.0056,28.6813,0.1505,7.854,19.7139,0.239327,8.4415,6.109,59,4242.4667,0,0.297302
24.0052,110469,2651.83,275.7989,5,57.2047,7.1224,27.7883,0.109,7.7971,17.567,0.667672,23.0418,21.8532,0,2451.4709,1,0.118468
19.463,108539,2112.4924,385.3637,2,111.2318,4.5045,29.4611,0.2228,7.9537,20.6497,0.767571,19.3923,19.0344,15,1757.9458,1,0.0
19.0491,112498,2142.9859,340.5567,4,117.2132,6.5105,29.8984,0.0752,7.8272,19.9183,0.407761,17.1791,15.0606,14,2394.086,0,0.246382
18.7832,90667,1703.0175,146.5728,2,70.2436,6.1874,30.8921,0.114,7.8592,19.826,0.672369,18.0014,17.0609,23,1621.3487,1,0.098278
11.9983,174432,2092.8821,434.999,2,75.5528,6.9332,28.8269,0.1164,8.0514,18.6688,0.175061,8.5928,4.8746,27,3581.9919,0,0.460544
23.9051,187551,4483.4221,104.88,5,21.028,6.3301,28.4445,0.1045,7.8223,22.5636,0.746135,23.4512,22.7162,0,4336.5261,0,0.039293
3.1505,93567,294.7862,297.8077,3,104.6532,4.3861,28.5586,0.2417,7.8805,19.3613,0.059759,1.3718,1.3718,3,313.2156,1,0.29774
20.5778,184677,3800.2541,333.7633,3,34.6834,5.3741,29.5422,0.2204,7.7511,18.8855,0.723237,20.5475,20.1989,15,3084.3164,1,0.0
15.885,151717,2410.0221,210.1312,2,70.3008,6.9378,26.7746,0.0942,7.667,19.5754,0.317963,13.7502,11.4275,26,2984.8616,0,0.289401
22.6021,134178,3032.6988,429.2328,4,69.9581,6.0636,27.1893,0.0914,7.7097,20.1462,0.497605,21.372,19.7978,0,2852.9243,0,0.146227
19.7818,70304,1390.7408,93.3557,2,89.5933,5.0381,29.0627,0.1828,7.7522,20.0136,0.750509,19.2399,18.5332,15,1163.4924,1,0.063249
8.1536,81893,667.7206,168.4209,2,40.2034,5.913,27.8112,0.1318,8.0026,19.3837,0.133983,5.1705,1.9429,53,1605.1508,0,0.405888
16.5331,75041,1240.6602,130.228,4,98.9905,6.7631,27.5353,0.0912,7.9566,18.9716,0.336653,14.4103,12.0392,26,1617.7833,0,0.282576
12.7732,73910,944.0679,127.1878,3,27.7315,5.1277,29.2848,0.2665,7.701,20.7716,0.34409,11.1534,9.3447,19,960.559,1,0.21567
13.8764,69626,966.1564,438.4153,3,21.5613,5.7663,28.855,0.1465,7.895,17.6469,0.237759,11.1779,8.1328,40,1264.7849,1,0.356544
21.2325,145908,3097.9914,230.5666,5,116.5339,6.7092,29.5894,0.1414,7.7893,19.1438,0.488414,20.3236,18.9839,15,2787.3603,1,0.091681
12.2059,170449,2080.4906,85.7873,3,113.5038,6.1907,31.2208,0.138,7.775,20.2261,0.285051,10.3517,8.3572,65,3593.9338,0,0.253286
21.2591,157065,3339.059,233.7938,2,38.3435,6.7617,29.5927,0.1004,7.986,21.084,0.457748,19.7575,17.9141,5,3110.1792,0,0.185488
23.385,97424,2278.2631,216.6896,2,85.9857,6.1153,28.7272,0.1205,7.9129,16.069,0.756599,23.1979,22.6682,0,2203.2284,0,0.0
17.4628,76127,1329.389,125.673,3,53.9485,6.3569,29.5483,0.1175,7.8597,19.989,0.318563,15.2783,12.8051,20,1516.7219,0,0.287951
21.4651,205707,4415.5173,376.5322,4,102.5673,7.5177,29.0474,0.0536,7.7751,16.6856,0.468879,19.7074,17.7112,3,4126.4859,0,0.231143
14.9646,63962,957.1655,150.2578,3,27.0581,5.1181,29.9353,0.2632,7.6675,18.3752,0.635224,14.3446,13.5646,4,773.9273,1,0.07492
5.3583,66323,355.3762,160.7828,3,66.8907,5.6195,29.7691,0.185,7.721,21.735,0.090313,2.3878,0.8027,66,1131.0696,1,0.404671
15.9022,152209,2420.4613,326.7836,5,87.1493,4.3103,29.0235,0.2412,7.7277,19.3105,0.746947,15.5511,15.0297,10,2042.3131,1,0.035046
7.6744,66174,507.8484,396.2467,5,52.0221,6.6186,26.5639,0.1268,7.7369,18.8531,0.126344,5.1862,2.5166,73,1152.0781,1,0.340463
7.5369,216446,1631.3247,269.9912,5,63.2751,5.6452,30.2993,0.1572,7.8117,17.9573,0.11356,4.1943,0.9084,57,4080.4761,1,0.45178
7.0016,92794,649.7074,316.5278,2,143.5142,3.899,30.0958,0.3268,7.7577,21.4789,0.18163,5.2972,3.4547,4,638.6522,1,0.232051
10.3955,77030,800.7683,172.7611,2,99.7352,5.7599,30.2789,0.1371,7.9168,19.0453,0.277651,8.609,6.6827,67,1240.4092,1,0.243644
8.6392,214316,1851.5281,406.0251,3,43.5575,5.2025,26.2518,0.182,8.1772,18.1814,0.172283,6.4505,4.1037,73,3803.2173,1,0.299612
3.8996,148257,578.1446,278.0473,5,103.1874,5.796,29.261,0.2011,7.7328,17.7994,0.063895,2.1457,2.1457,89,2450.2969,1,0.293065
21.8732,87192,1907.1644,160.9053,2,118.4082,6.1426,29.5948,0.1512,8.0314,20.3591,0.691754,21.8639,21.5304,15,1609.0253,1,0.0
20.1773,105316,2124.9904,147.6533,4,51.8672,5.1036,30.0664,0.2091,7.534,21.2838,0.531487,19.571,18.5469,15,1743.5987,1,0.048128
18.0353,167380,3018.7478,161.2263,2,111.3319,5.8638,27.8243,0.2207,7.7957,20.255,0.544851,16.9607,15.7067,29,2707.2464,1,0.138439
15.1989,128668,1955.6114,444.0056,2,52.2883,4.9239,29.852,0.2516,7.7657,18.0427,0.527745,14.1588,12.9831,6,1752.6165,1,0.13725
20.195,46196,932.9286,253.6347,2,76.18,5.0592,28.0278,0.2027,7.9443,19.3288,0.583885,19.4555,18.4132,15,804.6969,1,0.07913
13.4061,111129,1489.8066,233.975,5,29.7416,6.4331,27.154,0.0936,7.8856,21.7465,0.264816,11.1169,8.6345,37,2177.9315,0,0.311007
5.7283,62643,358.8399,382.3387,3,103.2953,4.952,30.3643,0.2317,7.7784,18.7618,0.087546,2.5762,1.2182,55,994.3642,1,0.425513
12.6431,116876,1477.6802,194.1903,2,96.9068,5.582,30.6621,0.1902,7.8738,19.771,0.35177,11.1144,9.4193,47,1897.9941,1,0.204538
11.8525,69616,825.1268,176.5015,5,118.7765,5.4605,29.4404,0.2067,7.885,23.2214,0.308278,10.1342,8.2665,60,1171.8973,1,0.233098
17.8388,64606,1152.4908,270.9032,5,25.9241,3.9091,31.1404,0.2702,7.8969,23.6548,0.760008,17.8343,17.6112,14,946.6077,1,0.0
19.411,47826,928.3516,277.9644,5,35.1955,6.0758,29.463,0.1769,7.7816,20.9411,0.609732,18.5478,17.4981,22,824.7841,1,0.10751
16.9171,185204,3133.1059,170.0781,5,54.4971,4.7021,30.2881,0.2579,7.8983,19.6071,0.769978,16.6254,16.1574,9,2469.4127,1,0.025678
6.3166,128693,812.8991,418.4615,2,41.7065,4.8388,29.8556,0.2117,8.0391,19.462,0.081794,2.7563,1.5838,58,2291.3502,1,0.48157
19.3712,52872,1024.1928,87.7,5,15.852,7.0722,28.5953,0.1157,7.8123,20.3917,0.354804,17.338,14.8889,14,1029.0752,0,0.255261
20.8756,149439,3119.6259,212.2161,5,31.313,6.3038,29.3776,0.1713,7.8397,18.7327,0.705465,20.8756,20.8354,15,2550.0694,1,0.0
20.9247,189054,3955.8965,261.7094,5,103.299,5.0415,30.4047,0.1828,7.7935,15.7515,0.64222,20.518,19.7858,15,3545.8056,1,0.027475
20.615,52300,1078.1644,267.4712,3,19.5691,6.4191,28.3699,0.0636,7.7759,17.7696,0.533878,19.2228,17.634,9,1059.0929,0,0.182444
15.176,142216,2158.2727,333.6687,5,135.2258,4.3869,29.9659,0.206,7.8598,20.9679,0.414519,13.8894,12.3787,28,2095.057,1,0.164945
9.3319,156573,1461.1179,168.2176,5,108.7569,4.5413,28.5758,0.2482,7.6711,24.5374,0.227648,7.4057,5.2934,1,1340.2627,1,0.25971
18.3086,193301,3539.0784,411.67,2,32.3926,6.5697,28.9361,0.1632,7.7276,21.2847,0.479314,16.8758,15.2635,27,3769.9476,0,0.189721
14.7609,208969,3084.5739,394.2851,5,108.837,4.786,30.5176,0.218,7.6523,19.2735,0.460858,13.619,12.3141,35,3182.2021,1,0.149491
18.967,202060,3832.4734,130.107,2,104.6074,5.5459,30.4149,0.1661,7.9733,17.9887,0.565574,17.9472,16.7343,25,3417.3155,1,0.129405
5.1478,63488,326.823,244.1294,5,75.389,6.1232,28.0409,0.179,7.7834,20.337,0.047503,2.0813,2.0813,45,1241.1348,0,0.549153
22.3995,120845,2706.8692,364.7486,4,112.6948,5.3679,30.069,0.1917,7.915,19.656,0.688786,22.3995,22.3992,0,2642.2262,1,0.0
8.2008,96407,790.6174,370.7572,2,68.1922,6.2524,28.2125,0.1503,7.9617,21.5682,0.123447,5.1525,1.8404,55,1896.2508,0,0.413605
18.6188,180764,3365.617,176.4894,3,75.5649,5.9314,27.6079,0.1446,7.9274,20.5094,0.50184,17.3655,15.9133,31,3176.4025,1,0.16236
15.2842,164015,2506.832,101.8995,5,113.0426,4.3932,29.2288,0.2994,7.883,23.33,0.416825,13.9127,12.3375,3,2073.2021,1,0.178845
20.1493,92464,1863.0892,414.3055,5,44.5185,7.4065,26.8817,0.0635,7.8253,20.0663,0.421231,18.4085,16.3711,10,1946.6971,0,0.223761
3.7032,66607,246.6593,383.999,4,30.7694,4.8348,28.8385,0.2444,7.8901,19.3146,0.062917,2.1315,2.1315,92,946.1468,1,0.278222
7.89,50783,400.6777,402.323,3,24.6535,5.9745,28.9687,0.1637,7.8157,19.6717,0.144798,5.6545,3.2532,71,887.8093,1,0.305635
19.3695,65985,1278.0969,388.0321,2,131.3406,5.3652,28.3309,0.2087,7.9397,22.2665,0.703183,19.3695,19.2239,15,1071.5126,1,0.0
12.7835,121752,1556.4113,366.3722,4,73.2257,7.2595,29.3599,0.0994,7.8985,18.4613,0.244268,10.4099,7.8477,37,2399.7341,0,0.323455
5.215,109826,572.7386,165.0963,4,80.3688,4.9965,28.8303,0.2825,7.8921,21.2343,0.121516,3.3805,1.7872,11,707.4217,1,0.251889
18.6825,107672,2011.587,183.7845,5,77.6509,5.141,28.3561,0.2677,7.9663,16.0389,0.710464,18.261,17.6123,15,1663.6658,1,0.039867
10.4926,113280,1188.5981,282.1446,3,137.0367,4.6754,29.3021,0.2873,7.8585,23.1855,0.232162,8.5558,6.4132,13,1202.7686,1,0.259571
14.0974,177241,2498.6385,102.3652,3,34.971,4.2268,31.1367,0.2446,7.8214,19.6401,0.352946,12.6503,10.9471,3,2145.2474,1,0.185154
25.3819,85449,2168.8563,331.7471,4,41.7368,7.0688,30.0756,0.085,7.7669,17.9958,0.711234,25.3336,24.8583,0,2046.2338,0,0.0
17.0971,204307,3493.065,290.8663,4,56.0586,5.9605,30.1277,0.1765,7.882,17.7084,0.386614,15.394,13.4741,35,4318.24,0,0.225212
18.8194,196054,3689.6231,376.3775,5,105.0082,5.4082,30.8038,0.2177,7.7118,22.1256,0.673709,18.1838,17.3523,15,3266.9932,1,0.073954
24.9217,62913,1567.9016,231.2024,4,92.494,6.3718,29.2052,0.134,7.9671,18.8334,0.645479,24.9217,24.5572,0,1499.9245,0,0.0
23.2474,168786,3923.8434,377.7231,3,19.3523,6.6235,29.4426,0.1317,7.7671,17.2248,0.465476,22.0279,20.3479,0,3757.0584,0,0.134087
19.4584,184053,3581.3714,147.5473,3,53.5197,6.3941,30.283,0.2018,7.9627,18.6341,0.7514,19.2649,18.8072,15,2986.8798,1,0.000583
23.4573,189352,4441.6861,207.5437,2,16.8806,6.5668,27.549,0.107,7.9721,19.9691,0.701851,22.6407,21.6094,0,4077.1816,0,0.098326
18.5875,214968,3995.7107,422.7846,4,39.6379,6.2709,26.3222,0.1084,7.6585,18.5167,0.512691,17.2654,15.7479,34,4018.5427,1,0.172494
18.0793,128354,2320.5457,157.5492,3,73.3472,5.3183,30.5696,0.225,8.0248,18.278,0.764398,18.0793,18.062,15,1982.8267,1,0.0
15.3307,216273,3315.6125,139.1663,5,88.6233,6.5222,30.267,0.0905,7.8111,19.9298,0.398917,13.6586,11.8237,50,4663.8482,0,0.225336
11.4244,66216,756.4777,296.207,4,61.0623,4.6336,29.8124,0.2527,7.7368,23.3157,0.350648,10.0509,8.5497,27,831.038,1,0.185628
15.8589,129803,2058.5388,206.0498,4,137.6361,3.793,28.5823,0.2733,7.7409,22.5183,0.686859,15.8589,15.8007,1,1730.753,1,0.0
13.4168,212201,2847.0489,118.6221,2,53.4663,4.6598,30.6215,0.2548,7.966,17.7774,0.505626,12.4626,11.3699,2,2453.8378,1,0.12472
14.0686,112561,1583.5727,325.0876,4,92.8404,4.7819,28.7787,0.2206,7.9341,21.8368,0.538264,13.1582,12.1243,10,1407.0634,1,0.119741
16.2216,176501,2863.1374,100.2025,5,72.3415,4.9202,27.5882,0.2108,7.9304,19.8971,0.464397,14.943,13.4879,36,2855.7094,1,0.167903
18.1664,214227,3891.732,183.1337,3,121.2883,5.5087,28.6149,0.1925,7.8122,20.185,0.510277,17.1308,15.8636,21,3455.896,1,0.128282
19.318,129432,2500.3665,297.9968,5,52.6858,7.8089,28.3486,0.0892,7.8577,18.4508,0.432819,17.5342,15.5372,13,2739.2463,0,0.237044
14.1269,83600,1181.0099,438.5403,3,73.2784,5.3543,29.4182,0.1755,7.8919,15.3006,0.3655,12.6471,10.9612,36,1250.9154,1,0.194169
14.4504,195941,2831.419,209.1028,2,58.7619,6.4608,29.94,0.1918,7.8546,18.4045,0.329465,12.6447,10.6055,39,3172.563,1,0.238459
3.8484,139096,535.2957,230.6878,2,98.5122,6.0065,30.438,0.1553,7.78,22.011,0.055997,1.2468,1.2468,71,2290.2925,1,0.407012
21.355,152893,3265.0259,331.4718,5,111.1111,6.3921,29.3452,0.0991,7.7941,19.7245,0.671895,21.355,21.111,15,2884.4823,1,0.0
4.514,197578,891.8589,91.6131,2,98.169,6.6458,28.9766,0.0662,7.8345,21.4575,0.074299,1.4993,0.6525,58,4152.4738,0,0.415675
22.5583,125225,2824.8598,148.9897,2,114.5281,7.1393,29.5357,0.1232,7.6196,20.321,0.754212,22.0384,21.2989,0,2737.864,0,0.054985
11.6416,132407,1541.4256,104.8154,3,71.32,6.9177,27.8508,0.1529,7.8124,22.4096,0.232892,9.4486,7.0878,50,2675.6127,0,0.299411
19.0437,145842,2777.3687,296.5355,3,30.5021,5.7473,27.5927,0.1768,7.9999,22.0718,0.366765,17.1071,14.7784,18,3010.0455,1,0.243487
15.6378,206640,3231.389,258.7017,4,122.586,4.8184,30.4327,0.275,7.8739,17.9511,0.769046,15.6378,15.543,2,2898.7387,1,0.0
10.9149,115117,1256.495,420.6313,5,104.2399,5.0113,28.1796,0.1504,7.9783,19.2055,0.278405,9.1485,7.2219,57,1812.6504,1,0.239058
17.0515,207456,3537.4406,394.4512,3,80.3954,6.8456,29.6947,0.1208,8.0287,20.1578,0.341978,15.0034,12.6887,25,4163.1789,0,0.270313
9.5599,93277,891.7225,141.6462,5,25.9629,4.9934,29.003,0.1305,7.8468,18.3478,0.257305,7.7492,5.8039,71,1581.4633,1,0.247546
8.2933,51072,423.5537,220.5643,5,34.574,4.9437,28.8746,0.2159,7.684,21.2643,0.168545,5.7965,3.0793,60,844.5884,1,0.338393
5.5576,188639,1048.3717,411.83,2,131.1645,4.9151,29.6878,0.2231,7.3791,20.6359,0.163337,3.9115,2.1607,13,1231.5092,1,0.226497
14.4543,79950,1155.6185,265.6183,2,95.8368,4.9854,28.3817,0.2586,8.0883,18.9175,0.280464,12.2527,9.7658,39,1345.7,1,0.290679
12.6284,121538,1534.8332,172.6243,5,98.2587,4.939,31.3879,0.2467,7.6974,19.1902,0.365686,11.2013,9.6493,33,1825.1722,1,0.193532
22.4706,163316,3669.8148,127.0665,2,35.262,6.4236,27.1427,0.0157,7.7764,22.9471,0.37231,20.3513,17.8324,0,3579.9438,0,0.269044
20.8822,171547,3582.2709,234.3168,3,34.7269,4.9171,27.6677,0.1978,7.733,21.6953,0.56965,20.4989,19.6408,15,2931.8242,1,0.004898
13.0474,67439,879.904,169.0155,2,120.1012,6.035,29.3211,0.1093,7.874,20.9839,0.215513,10.2303,7.1353,32,1316.7782,1,0.379356
17.2512,130375,2249.1209,216.5569,3,110.9252,4.5038,30.1651,0.2765,7.9487,20.035,0.609205,16.6159,15.7547,3,1964.0604,1,0.071149
3.5339,61833,218.512,286.187,3,98.9652,4.7958,29.4573,0.2278,7.7516,18.4644,0.059999,1.6735,1.6735,95,1036.8091,1,0.308268
17.5672,210727,3701.8857,204.8947,4,82.7874,5.1417,29.6135,0.1917,7.866,21.3099,0.386634,15.9461,14.0447,29,3605.4201,1,0.208019
19.0307,67318,1281.1089,178.5147,5,91.2084,7.1398,28.6398,0.0973,7.8772,16.725,0.346382,16.6434,13.9675,11,1437.9795,0,0.31697
16.6628,157705,2627.8034,202.3081,3,126.6643,4.8749,29.8187,0.2579,7.9893,19.6922,0.696566,16.6381,16.3467,15,2232.1303,1,0.0
16.8341,150089,2526.6067,134.7741,5,59.9427,3.9358,29.2607,0.2393,7.7944,20.3016,0.465396,15.5481,14.0386,28,2330.9553,1,0.164896
16.8184,207074,3482.6432,224.8906,4,92.5585,5.0384,30.4671,0.2424,7.9351,20.5199,0.731731,16.4965,15.9758,1,2972.6453,1,0.02791
9.3483,147941,1382.9989,173.5666,3,92.1226,6.4425,29.563,0.089,7.6533,18.6196,0.20336,7.1139,4.7194,74,2926.4564,1,0.305959
6.4596,202930,1310.8411,420.4312,4,100.8845,4.294,30.3082,0.253,7.9712,22.6882,0.154351,4.5884,2.5845,1,1130.1215,1,0.256337
5.5637,195581,1088.1487,318.7938,5,118.7457,6.6105,27.5586,0.1307,7.9416,21.8574,0.069223,2.1464,1.6268,56,4179.2452,0,0.465415
19.9679,188507,3764.0899,210.8716,5,111.3263,6.6195,29.0146,0.1374,7.6885,20.5868,0.455241,18.4778,16.7027,14,3873.742,0,0.188829
21.6623,218133,4725.2645,215.5868,5,60.334,6.8103,28.0324,0.1338,7.8949,19.944,0.592802,20.5491,19.2198,3,4561.3856,0,0.140773
10.0831,144639,1458.4068,226.2098,4,81.4798,5.397,28.5092,0.2578,7.9336,19.9562,0.287073,8.4719,6.7269,2,1257.328,1,0.219077
21.4148,67830,1452.5639,259.329,5,21.0687,6.0503,28.0902,0.1244,7.8256,17.8406,0.544308,20.6823,19.5795,15,1201.8231,1,0.07164
7.528,108298,815.263,360.1675,4,130.454,4.4507,29.1374,0.2706,7.8142,23.4582,0.16609,5.4057,3.0673,5,844.6511,1,0.285217
15.9575,102473,1635.2117,303.2792,5,73.4464,6.8889,27.6273,0.0945,7.7527,17.8705,0.337259,14.0413,11.9323,32,2040.4432,0,0.257715
23.1901,143351,3324.3199,239.629,2,87.2699,6.7574,28.529,0.0258,8.0493,18.7677,0.492615,21.8261,20.111,0,3113.248,0,0.164883
17.1778,128426,2206.0716,148.214,5,89.2612,4.6095,28.9077,0.2714,7.8017,19.1075,0.599219,16.492,15.5917,15,1950.9969,1,0.079482
9.8342,209034,2055.6732,190.357,5,27.3708,4.8565,27.7505,0.2284,7.833,21.4733,0.165458,7.145,4.1633,48,3176.5153,1,0.359837
20.5989,214219,4412.6743,180.5805,4,84.4838,6.3198,27.7582,0.1419,7.5203,21.017,0.651983,20.2531,19.5741,15,3976.7786,1,0.016912
18.9765,161763,3069.7007,181.0369,3,99.4598,5.1091,30.2126,0.1749,7.933,19.2613,0.638902,18.1434,17.1438,24,2741.8404,1,0.104958
12.8506,205725,2643.6932,262.765,5,89.8603,5.1988,29.0593,0.2266,7.9998,22.8398,0.301933,11.0675,9.0143,33,2990.1274,1,0.232091
6.1273,46033,282.0582,136.7172,2,60.3658,5.3896,29.2075,0.2014,7.8855,20.1138,0.109961,3.6651,1.7589,77,788.7419,1,0.337719
16.9882,129880,2206.4332,147.9287,2,82.6396,5.0601,29.2977,0.2128,7.8039,19.7323,0.519536,15.7584,14.3719,40,2393.158,1,0.162599
16.7911,167060,2805.1195,85.0843,2,98.0516,5.6582,29.0813,0.1963,7.713,18.1513,0.508486,15.7129,14.4149,23,2698.5113,1,0.13543
12.2435,99058,1212.8197,168.2295,3,114.2502,5.4526,30.9226,0.2264,7.8959,21.483,0.388852,11.0112,9.6351,3,1081.2279,1,0.164086
21.9269,77615,1701.8567,92.2761,4,21.0567,7.3998,29.2068,0.0822,7.8443,17.5465,0.492904,20.6487,19.0519,1,1615.0698,0,0.15544
16.2192,64819,1051.3135,326.4443,2,20.1889,5.2112,29.046,0.1921,7.8852,21.2208,0.450654,14.8343,13.2747,40,1172.3455,1,0.18326
5.2813,199709,1054.7318,112.6554,2,26.5507,6.5522,28.1371,0.1001,7.8715,22.4198,0.098727,2.7608,1.0079,78,4071.7407,0,0.347436
9.7611,64392,628.5375,377.1857,5,115.9728,5.2709,31.2089,0.2614,7.9629,21.088,0.19691,7.4618,4.9372,6,589.9339,1,0.309755
13.4723,157125,2116.8403,88.5677,2,61.1569,5.4587,29.7666,0.2579,7.9416,21.6489,0.373484,12.0178,10.3606,36,2167.417,1,0.190849
20.9999,95962,2015.1944,423.7621,5,21.6582,6.9897,28.0134,0.0882,7.7782,19.9865,0.540224,19.7723,18.3046,8,2031.3624,0,0.155093
3.3336,85651,285.5275,201.239,2,26.9657,5.7441,29.4481,0.2017,7.9491,24.5112,0.04687,1.7589,1.7589,77,1369.6085,1,0.339933
12.9827,46904,608.9404,119.9378,3,25.9646,4.6045,31.6115,0.2863,7.7657,19.5714,0.373685,11.5885,10.0083,2,558.3603,1,0.18363
17.1689,128058,2198.6201,108.7268,2,67.5822,6.1712,29.1083,0.1196,7.6979,21.9379,0.50513,15.939,14.5471,38,2303.9735,1,0.162173
18.025,212182,3824.5741,373.4719,2,67.426,5.3806,28.4764,0.1632,7.8106,19.0016,0.356441,15.9994,13.6692,20,4417.9559,1,0.263828
7.8507,103671,813.8933,230.5435,5,76.3338,3.7636,28.6423,0.3033,7.9678,22.0757,0.226506,6.2895,4.5985,2,755.1816,1,0.212286
9.1156,129554,1180.9688,430.623,2,28.761,6.5528,29.4147,0.0803,7.7143,24.0481,0.106092,5.1581,1.6725,31,2559.356,0,0.535528
11.7941,106829,1259.9557,297.5807,3,77.2806,5.4574,29.5775,0.1538,7.9199,21.6466,0.18574,8.9662,5.8017,43,1908.433,1,0.375917
18.7229,171831,3217.1751,339.2173,2,33.2812,7.1012,29.3581,0.1225,7.9293,19.5668,0.41819,17.0543,15.1587,19,3673.4899,1,0.219413
20.5913,147468,3036.5601,166.0319,5,102.4405,6.0659,28.431,0.0993,7.946,21.4538,0.54115,19.2625,17.7316,10,2984.0383,0,0.172892
20.0734,190326,3820.4965,397.0484,2,122.8108,6.355,29.4096,0.1617,8.0874,19.33,0.537802,18.9125,17.5251,20,3950.8034,1,0.146716
23.1859,215151,4988.4723,233.7729,5,33.7593,7.1003,29.3592,0.08,7.7644,19.3144,0.556,22.6308,21.5889,0,4823.2253,0,0.032786
4.8359,98634,476.9812,180.2312,4,119.3118,6.1296,28.9831,0.1112,7.996,18.4077,0.063713,1.2594,1.0126,57,1932.0765,0,0.486817
21.4945,179448,3857.1454,220.0692,2,116.6946,6.5895,30.4849,0.1165,7.7412,18.7995,0.773664,21.4945,21.4945,15,3149.2153,1,0.0
12.0199,198727,2388.6797,446.558,3,45.6691,6.4815,30.2899,0.1511,7.812,22.582,0.2465,9.6639,7.1034,47,4184.2301,0,0.319635
14.5427,216775,3152.4864,320.8383,3,120.9963,5.2498,29.9186,0.2506,7.8518,20.5684,0.413548,13.1687,11.6261,41,3340.8593,1,0.182201
4.6365,49499,229.5029,266.1737,3,49.2767,4.2645,28.9237,0.2652,7.8242,13.0563,0.078204,2.3662,2.3431,10,325.8014,1,0.311604
14.5933,204798,2988.6763,304.6403,3,113.4574,5.1992,29.536,0.2317,7.6996,17.1529,0.317854,12.7284,10.5549,30,3237.8171,1,0.240475
19.7457,63809,1259.9511,140.9353,2,33.1754,5.797,29.3837,0.1727,7.8405,20.2174,0.513286,18.5189,17.0493,24,1255.7933,1,0.154728
25.6138,213336,5464.3404,316.3825,2,116.3788,7.0845,30.7015,0.0862,7.7643,23.9644,0.538291,24.8556,23.5409,0,4841.4482,0,0.056641
14.6412,176679,2586.784,247.4837,4,34.6084,6.1369,27.6985,0.1188,7.6875,17.523,0.234136,11.9376,8.892,30,3785.4647,0,0.357663
13.7793,106943,1473.599,216.2392,4,92.9427,7.278,28.0064,0.0562,7.7076,17.1801,0.227065,10.9512,7.8262,29,2250.0333,0,0.379333
13.1841,104502,1377.7649,264.5976,5,99.4059,4.9517,29.1702,0.2308,7.8915,21.2679,0.369279,11.7214,10.0686,8,1235.7937,1,0.193096
8.8885,198050,1760.363,276.3734,5,80.0631,7.4477,27.4402,0.079,7.833,21.1829,0.113804,5.0632,1.1179,33,4286.7687,0,0.518834
13.3487,60237,804.0853,112.783,4,31.2778,5.3519,30.209,0.1654,7.9708,17.0484,0.235245,10.898,8.1168,38,999.384,1,0.32247
21.4358,155810,3339.9049,199.0106,4,44.479,5.9184,29.7216,0.1696,7.8289,17.9523,0.655176,21.4358,21.2038,15,2752.3753,1,0.0
17.8328,108441,1933.8082,366.4052,5,129.7072,5.0529,30.3431,0.2392,7.6923,21.502,0.589407,17.3243,16.5106,15,1671.2116,1,0.045006
18.0016,193313,3479.9409,238.3988,3,42.6588,5.3149,28.3581,0.2218,7.7943,19.5476,0.645743,17.2132,16.2514,21,3090.756,1,0.097917
16.8506,143047,2410.4281,361.055,4,89.8641,4.9266,29.2353,0.2643,7.855,20.0203,0.743344,16.8201,16.5383,1,1980.068,1,0.0
22.6934,88340,2004.7343,139.5792,4,61.413,6.2842,30.0852,0.1229,8.1229,21.3343,0.639777,22.6841,22.2782,0,1826.7726,0,0.0
13.8409,132181,1829.5059,263.5297,5,30.247,6.8909,29.1137,0.1049,7.9804,21.1282,0.307292,11.7312,9.4315,41,2622.3515,0,0.285639
17.4866,80408,1406.066,386.4607,3,25.3725,4.7417,29.5024,0.2986,7.9769,15.325,0.530286,16.6153,15.4928,3,1192.9259,1,0.102936
5.9549,172953,1029.9199,333.1368,2,20.3561,6.3508,29.3972,0.1972,7.9766,18.6718,0.08007,2.7418,1.8401,66,3156.962,1,0.437599
13.3994,97289,1303.6096,308.4676,2,43.766,3.9108,30.175,0.2396,8.0995,18.6502,0.351563,11.8727,10.1499,9,1155.6471,1,0.201711
8.4926,210584,1788.3959,110.4306,4,100.4571,5.1257,29.4248,0.2303,7.822,18.7944,0.195734,6.3961,4.1069,57,3185.8424,1,0.283518
21.363,100969,2156.9975,449.6577,4,50.3159,6.434,28.9692,0.1361,7.8305,17.044,0.585852,20.6991,19.7028,15,1870.6766,1,0.065248
18.3883,198781,3655.2438,409.8467,5,49.0692,4.719,29.7511,0.3309,7.78,18.138,0.775602,18.3883,18.3307,8,2970.9612,1,0.0
8.4093,200809,1688.6583,345.7802,4,117.9887,5.1474,30.14,0.2559,7.8369,22.1051,0.196351,6.5894,4.6381,73,3027.347,1,0.249111
16.7221,219726,3674.2891,240.0468,4,34.6787,4.813,29.0861,0.2623,7.4643,25.079,0.421678,15.507,13.9797,18,3405.9541,1,0.146961
8.858,46633,413.0768,105.5768,5,111.6106,5.17,28.4196,0.2344,7.955,18.8728,0.148173,5.9137,2.6498,3,399.8938,1,0.394045
17.6992,175008,3097.5097,415.8071,2,23.8703,5.6562,27.6317,0.2115,8.0984,18.7422,0.718715,17.6992,17.5869,15,2704.7135,1,0.0
4.1875,47200,197.6513,260.3111,3,111.8017,5.3101,28.2622,0.1953,7.7998,22.4128,0.066006,1.5129,1.4767,84,886.3847,1,0.368021
21.0694,197110,4152.9956,361.3039,5,72.9197,6.1319,29.5942,0.1887,8.0652,18.0747,0.67394,20.8492,20.2536,15,3705.7944,1,0.0
3.9613,117778,466.558,234.068,5,69.1519,4.7824,29.4383,0.2454,7.9547,19.3273,0.080202,1.4986,0.7716,9,666.2992,1,0.336198
24.4371,110003,2688.1551,107.6167,3,54.9628,6.6871,27.1326,0.1255,7.8858,21.436,0.688084,24.3167,23.7425,0,2528.7452,0,0.0
16.6878,136979,2285.8749,291.2953,5,103.1662,5.9591,28.3788,0.1874,7.6046,17.7725,0.328628,14.7592,12.5206,31,2350.9822,1,0.249498
19.8999,105820,2105.8029,288.4576,2,59.9097,6.8439,27.0005,0.0975,7.9255,19.9147,0.412662,18.0489,15.915,10,2082.4861,1,0.240681
16.2674,219334,3568.0029,321.0867,4,102.087,4.9771,29.4179,0.3115,7.9707,20.9691,0.651435,16.2674,16.1021,15,3088.2303,1,0.0
19.0774,176669,3370.381,194.1591,3,104.4927,4.6541,29.8449,0.2767,7.8273,20.0753,0.682328,19.039,18.6519,15,2711.252,1,0.0
11.9017,87496,1041.3492,440.9703,2,99.0146,5.0896,30.1866,0.2283,7.9461,20.0057,0.285325,9.9988,7.926,58,1454.8679,1,0.257747
12.7165,161309,2051.2933,103.7077,2,29.7551,4.3858,29.0023,0.2549,7.9038,22.7534,0.420849,11.5187,10.191,3,1802.687,1,0.160306
14.3708,117475,1688.2147,394.1485,4,54.1834,5.6402,27.0431,0.1406,7.9203,21.3458,0.335147,12.6186,10.6814,49,2021.6166,1,0.234941
6.6312,155764,1032.9091,153.2361,2,95.5133,5.4582,31.1858,0.2045,7.7658,20.0832,0.171441,4.8832,3.0235,83,2288.8563,1,0.240505
16.4314,54540,896.1679,229.0391,5,83.421,5.4957,28.1708,0.1914,8.0339,21.5328,0.359291,14.616,12.5187,32,959.4103,1,0.235695
16.5977,184881,3068.6014,301.7755,3,72.1866,5.9044,28.5141,0.1466,7.9511,20.8221,0.25514,13.8228,10.6709,19,3964.9174,0,0.364891
15.7431,105616,1662.7253,268.0133,3,125.8938,5.7283,28.6916,0.1541,7.7285,18.7633,0.481993,14.4435,12.991,43,1841.7622,1,0.172915
18.067,143476,2592.1769,287.9026,4,85.9141,5.6516,27.5964,0.1902,8.0812,16.7867,0.533301,16.8825,15.5204,33,2514.4374,1,0.154327
20.068,121462,2437.4984,311.3736,2,105.4261,6.6136,28.8837,0.1973,7.965,22.1612,0.685447,19.5295,18.7698,15,2222.794,1,0.05756
6.2996,143756,905.6071,320.9339,4,124.2295,5.9586,28.0639,0.1535,7.961,24.4657,0.10947,3.9085,1.9434,75,3026.4326,0,0.32967
22.7101,137934,3132.4973,277.916,5,29.7692,7.294,28.7926,0.0627,7.8095,20.0671,0.626815,22.1271,21.1865,0,2966.1433,1,0.050809
7.1519,128428,918.5029,442.0456,5,38.6504,4.4918,31.904,0.2832,7.761,18.6455,0.202665,5.4342,3.595,1,824.5505,1,0.235345
22.1644,102045,2261.7671,378.0457,3,82.6082,6.6498,28.959,0.1154,7.7614,18.3122,0.732037,22.1644,22.1643,0,2100.9823,1,0.0
11.8502,119498,1416.0776,283.408,5,100.6857,6.5213,31.3876,0.1481,7.9453,19.9458,0.215357,9.4732,6.8484,50,2058.0515,1,0.318986
14.5095,67361,977.3748,180.6851,5,111.7349,5.0468,29.8717,0.2672,7.8064,16.3453,0.418627,13.18,11.6864,41,1073.0449,1,0.176234
10.2761,173330,1781.1498,95.1276,2,130.1124,5.1607,28.0939,0.2717,7.7454,18.5877,0.271058,8.5825,6.7411,18,2005.32,1,0.229665
19.8758,159580,3171.7793,342.5989,4,91.6275,6.0823,30.8742,0.1955,7.9003,18.478,0.66612,19.8758,19.7974,15,2598.093,1,0.0
16.4324,189496,3113.8655,196.0,5,89.9009,5.0953,30.0521,0.1938,7.7985,18.6135,0.608439,15.5837,14.5985,30,3045.7341,1,0.109759
21.3106,190493,4059.526,391.371,4,114.4965,6.1636,29.1327,0.076,7.8965,22.7577,0.620367,20.5197,19.4858,11,4039.9539,0,0.092075
8.367,159183,1331.8909,87.8985,2,77.0019,5.5986,28.0597,0.187,7.8091,22.8955,0.201006,6.5939,4.6905,72,2445.2762,1,0.242549
17.2871,66421,1148.2241,425.3598,2,85.5612,4.696,28.9408,0.2522,7.7606,20.0939,0.471713,16.2857,14.9882,1,920.9853,1,0.117595
14.3169,168260,2408.9612,403.3259,3,101.631,6.2734,27.9979,0.1473,7.9086,20.4706,0.352888,12.4723,10.4598,48,3584.1374,1,0.249577
13.62,130540,1777.9495,258.4046,3,49.7385,4.9945,28.8058,0.2322,7.8325,18.306,0.258038,11.408,8.9173,41,2195.3417,1,0.292725
19.4447,167152,3250.2249,115.0555,4,52.7047,6.0658,27.9752,0.1771,7.5996,22.4967,0.604654,18.5583,17.4566,19,2931.5929,1,0.108288
23.7826,210924,5016.3162,292.1746,2,94.5604,6.5603,27.754,0.1429,7.8388,19.4589,0.771088,23.4336,22.807,0,4823.8762,0,0.023784
15.4187,119869,1848.2277,352.3306,5,129.6094,5.4867,29.3105,0.1309,7.7912,21.4563,0.249271,12.8171,9.8797,27,2498.4938,0,0.343641
4.296,76058,326.7477,259.4011,5,22.9054,5.3947,26.1159,0.2029,7.7841,17.1501,0.048601,2.2448,2.2448,76,1496.0854,1,0.418574
11.5276,107923,1244.0901,183.1917,4,65.4789,6.7449,28.236,0.1102,7.7498,25.0688,0.188606,8.8202,5.8536,44,2177.2657,0,0.365251
12.3945,197924,2453.1647,133.7772,2,65.5695,3.7724,29.1923,0.2835,7.9192,19.6353,0.439516,11.2473,9.9757,33,2794.732,1,0.153536
6.0024,88873,533.4508,350.9675,4,52.5964,4.9225,30.6972,0.2799,7.7441,22.4766,0.14629,4.3034,2.4988,2,493.9121,1,0.234006
23.5033,133390,3135.1057,239.5042,3,51.6257,7.2667,28.8344,0.1044,7.9201,21.2913,0.668687,23.5033,23.2984,0,2853.8129,0,0.0
20.6399,69374,1431.874,152.0386,4,22.8842,6.8784,27.3663,0.1595,7.739,18.9184,0.43952,19.0312,17.1087,8,1411.5285,0,0.20333
23.0945,74749,1726.2899,213.7552,5,35.008,7.1131,29.2238,0.1277,7.5931,20.1842,0.761978,23.0945,23.0044,0,1622.3647,0,0.0
12.9592,127090,1646.9878,355.3613,3,71.874,6.677,28.8238,0.1451,7.8405,20.5633,0.195683,9.8602,6.4581,28,2481.1293,0,0.417547
14.5019,194315,2817.9426,341.7248,2,45.3379,4.7912,28.766,0.2458,7.8754,20.5189,0.428342,13.1598,11.6535,41,2849.4946,1,0.178043
10.5745,98554,1042.1545,187.3386,2,76.3399,5.9065,28.9565,0.1314,7.8155,23.7663,0.217818,8.4155,6.0877,67,1792.8115,1,0.294434
7.6179,172945,1317.4707,366.4308,2,109.2664,4.708,29.107,0.2742,7.8512,19.5118,0.155864,5.5047,3.2339,4,1231.6129,1,0.288845
21.7758,68467,1490.9261,195.5375,2,120.8955,6.6843,27.1837,0.073,7.8012,15.8667,0.458113,20.5443,18.8466,2,1390.5028,0,0.135324
25.7096,82005,2108.3155,274.1878,3,53.657,6.8942,28.1918,0.1203,7.8759,19.5312,0.696897,25.2511,24.4338,0,2011.8676,0,0.031868
17.7265,49468,876.8951,208.0411,2,117.4437,5.0922,28.6036,0.1982,7.9361,22.5691,0.624107,17.7265,17.579,15,744.9244,1,0.0
10.2427,205844,2108.4043,400.5555,3,51.482,5.4269,30.5615,0.192,7.9342,20.4532,0.18764,7.7563,4.9937,47,3412.7266,1,0.332209
17.5076,219896,3849.854,211.0596,2,117.6241,5.121,28.4022,0.2306,8.0024,20.7825,0.389027,15.8151,13.802,26,3881.2784,1,0.214727
16.3525,176221,2881.6583,302.0529,3,117.4828,6.2949,29.2673,0.1852,7.9188,21.0772,0.354458,14.3465,12.109,29,3528.4982,1,0.267284
4.0123,85311,342.2941,435.3046,4,22.9808,5.0685,27.9252,0.2046,7.8712,18.562,0.076037,2.0286,1.9072,88,1336.135,1,0.27351
16.643,48352,804.723,163.1629,2,75.3803,5.714,28.2113,0.1648,8.0105,20.1544,0.40304,14.99,13.1794,32,1007.2394,0,0.223068
7.1775,209036,1500.3614,269.1283,5,95.3334,4.8115,29.6209,0.1861,8.0614,21.3245,0.133963,4.6585,1.921,61,3289.4368,1,0.341763
21.5742,63763,1375.6372,106.5373,2,72.0114,6.0,29.179,0.1624,7.9425,18.6962,0.619657,21.5742,21.3206,15,1145.5358,1,0.0
13.1361,208350,2736.9052,359.0955,5,50.6862,5.6104,28.287,0.135,7.7446,19.6654,0.309075,11.1446,8.9692,57,3766.1731,1,0.269243
7.7215,140065,1081.5164,151.3954,3,72.937,6.1724,27.0323,0.151,7.7599,21.529,0.142992,5.1875,2.4421,63,2289.6674,1,0.344499
17.4593,151347,2642.4065,342.1641,5,138.1763,5.0668,29.5855,0.2748,7.7968,20.6255,0.749754,17.0516,16.464,15,2208.0279,1,0.042384
11.4374,87057,995.7031,215.6771,5,21.7498,4.9074,29.0722,0.1967,7.9308,16.0693,0.231105,9.1287,6.5684,48,1484.5103,1,0.308863
16.3687,150421,2462.2024,389.234,4,68.6847,5.2093,28.9922,0.1582,7.9941,21.4014,0.460807,14.908,13.2932,49,2746.1366,1,0.195876
16.1781,108803,1760.2307,372.987,4,82.3538,5.4917,28.3259,0.1434,7.7928,17.3427,0.378813,14.334,12.2942,33,2337.0117,0,0.247185
7.595,61899,470.1216,98.936,2,54.9606,4.2991,30.5504,0.269,8.0097,18.1648,0.192095,5.8772,4.0031,1,422.3203,1,0.232421
11.7013,160807,1881.6552,376.6943,5,119.9907,6.5518,28.1795,0.1313,7.9609,18.7298,0.250102,9.4887,7.1168,46,3321.0763,0,0.302924
8.7872,123619,1086.2673,417.7767,3,66.5144,4.0486,30.3809,0.2633,7.6718,18.9108,0.222592,6.9894,5.0094,4,1081.1078,1,0.241689
16.6374,56196,934.9527,405.2987,2,94.4432,5.318,28.4357,0.237,7.8121,17.354,0.678789,16.0495,15.307,17,783.2922,1,0.070768
18.3975,202360,3722.9124,155.1847,4,63.0848,4.5031,29.4691,0.2457,7.8732,18.6649,0.625457,17.6108,16.6311,12,3284.0335,1,0.095932
6.1009,130096,793.7087,296.1955,3,35.1278,6.9358,29.9108,0.0993,8.0417,14.1698,0.073965,2.8349,2.0903,55,2681.9503,0,0.445307
17.5911,201822,3550.2741,218.6886,5,100.397,5.4913,28.4128,0.2112,7.9217,17.5738,0.720814,17.5911,17.4469,15,3139.6678,1,0.0
10.9667,212081,2325.8294,259.1965,2,126.7825,5.4652,28.733,0.1698,7.7271,18.3943,0.248561,9.0761,6.9952,52,3441.0443,1,0.254282
8.8135,101667,896.0381,344.4447,2,108.0088,4.8978,29.7161,0.173,7.7892,20.0282,0.146328,6.2244,3.4106,61,1721.6783,1,0.351236
4.1138,193176,794.6816,251.9938,3,77.5323,4.7277,29.5106,0.2598,7.9274,22.454,0.085871,1.8337,1.0264,8,1023.5795,1,0.310717
21.3891,96469,2063.3877,269.3367,2,70.0543,6.6826,27.6003,0.1317,7.8296,19.7272,0.639235,20.5225,19.4359,7,2022.1586,0,0.105023
20.709,99071,2051.6661,235.7729,5,29.0541,6.8002,29.0587,0.0525,7.5646,18.437,0.335469,18.3562,15.6192,5,2022.5289,0,0.303859
8.9182,169255,1509.4444,340.0866,2,95.6867,5.2322,29.0925,0.2054,7.8302,19.1052,0.159848,6.2784,3.4124,61,2961.5164,1,0.358358
12.3838,121834,1508.7734,230.1996,4,54.0135,4.5604,29.2542,0.2788,7.8098,20.8318,0.509541,11.4684,10.4374,1,1259.984,1,0.121152
17.6958,214105,3788.7566,355.8032,2,72.8161,4.9209,28.6812,0.2065,7.8619,21.1912,0.530614,16.5964,15.2976,27,3692.8631,1,0.140237
23.9276,204708,4898.1686,287.2337,4,52.8104,7.1382,29.028,0.0409,8.0007,22.1,0.763929,23.9276,23.9001,0,4717.9938,0,0.0
22.1346,110359,2442.7554,287.9878,5,115.9354,5.7661,27.9658,0.1368,8.0115,19.2535,0.698708,22.1346,22.1346,0,2214.8308,0,0.0
15.1089,114854,1735.3139,196.0474,2,21.852,4.3848,28.7437,0.2631,7.807,19.0881,0.478571,13.9127,12.5595,16,1708.5888,1,0.157745
9.9681,72913,726.8029,153.0231,4,68.9763,4.8896,29.9088,0.2519,7.9758,19.9155,0.23005,7.8951,5.6277,1,598.9092,1,0.280018
23.4609,51847,1216.3793,330.3079,2,128.1011,6.104,29.4665,0.1752,7.6758,22.8267,0.645066,23.0104,22.1774,0,1070.707,0,0.02805
5.128,88095,451.754,364.18,4,81.3182,5.291,29.3645,0.1577,7.978,17.9899,0.095893,2.5136,0.9189,81,1658.5608,1,0.359311
8.1513,101635,828.4563,280.4807,2,50.9658,7.2717,29.7303,0.0878,7.8408,23.8917,0.131206,5.4729,2.6242,50,2116.9172,0,0.368552
7.8568,104343,819.7981,442.9435,3,61.0006,4.4609,28.146,0.2693,7.7638,16.0211,0.180079,5.7359,3.3737,6,817.3751,1,0.282886
15.2896,120278,1838.9966,245.7663,5,104.4597,6.2267,29.0728,0.1435,7.7963,21.5944,0.312972,13.2723,10.9396,32,1974.3777,1,0.261713
15.2775,134118,2048.9919,287.1998,4,84.4049,5.6545,29.184,0.1688,7.8894,18.5649,0.271627,12.9115,10.2234,37,2544.7365,1,0.311085
2.4962,202763,506.1368,124.3938,5,65.5074,4.7872,28.7499,0.2272,7.9012,19.0959,0.044961,0.7422,0.7422,4,614.0993,1,0.353331
9.5829,51906,497.4118,222.6791,4,41.4343,4.2265,29.6323,0.2474,7.927,20.9375,0.269071,7.9773,6.2534,4,470.2378,1,0.219609
17.5134,208176,3645.8681,214.3243,4,53.4236,6.1434,28.5718,0.1909,7.7384,16.6624,0.456105,16.0223,14.3771,30,4220.0407,0,0.200193
20.8264,192069,4000.1077,329.8717,5,73.3846,6.0574,27.9213,0.1265,7.6672,16.6097,0.404607,19.1861,17.1102,8,3889.6518,0,0.197084
17.9817,73565,1322.8247,168.7973,3,25.4732,6.3826,30.2755,0.1123,7.7237,22.0421,0.500601,16.833,15.466,25,1217.9947,1,0.145668
9.1037,143179,1303.4657,356.9076,2,36.6238,5.0178,31.9796,0.2225,7.7604,18.3108,0.193692,7.097,4.9016,55,2164.1553,1,0.271006
17.0099,68365,1162.8801,223.0326,4,43.8406,7.7769,29.9112,0.0567,7.9241,17.1141,0.427108,15.4606,13.7536,33,1359.5524,0,0.208231
19.5891,66646,1305.537,275.5776,5,132.6888,5.8384,30.0223,0.2159,8.0362,18.9871,0.488991,18.4536,16.9827,15,1226.4971,1,0.133396
14.3787,96673,1390.0278,283.9826,4,47.0197,4.9998,28.965,0.2672,7.9376,23.5634,0.406431,13.03,11.5168,42,1472.1938,1,0.178926
20.5512,208309,4280.999,424.9961,3,31.5829,6.2886,29.4098,0.1257,7.8022,18.9822,0.523475,19.2966,17.7966,12,4147.0065,0,0.158491
19.4615,160214,3118.0061,272.8313,4,38.0124,5.9822,30.094,0.149,7.987,26.2325,0.705471,19.0614,18.4118,15,2566.5894,1,0.03446
3.6608,139853,511.9678,267.0343,4,38.2822,5.5478,29.5846,0.2536,7.8145,17.5996,0.067801,1.6,1.6,93,2241.9663,1,0.290904
11.0676,128090,1417.6451,405.7702,3,98.5847,4.8913,28.6534,0.1953,7.9543,18.1921,0.290086,9.4393,7.6701,60,1960.8639,1,0.220924
6.9023,127985,883.3855,431.5944,5,111.5149,4.2623,28.035,0.2956,7.8065,16.9643,0.152591,4.6359,2.1727,4,921.6768,1,0.307447
11.761,68636,807.2278,439.7737,2,106.3095,4.8376,28.9554,0.2555,7.6451,18.3483,0.352365,10.4192,8.926,6,729.128,1,0.17909
7.5543,212988,1608.9684,429.1524,5,97.9354,5.8524,29.5042,0.1893,7.8984,18.5465,0.144896,5.1294,2.5112,66,3624.8815,1,0.330391
16.3801,161865,2651.3617,300.5757,5,40.9578,4.3534,29.5288,0.3123,7.8872,21.6131,0.649235,15.7809,15.0096,1,2275.4852,1,0.070845
19.3116,185799,3588.0693,325.606,2,17.4728,5.6488,29.0498,0.2329,7.7918,17.1811,0.617081,18.5401,17.5349,15,2988.5511,1,0.09011
9.2697,119119,1104.1956,340.3951,3,82.5178,7.232,27.0165,0.0799,8.1658,18.2089,0.179211,6.8984,4.3714,55,2532.4212,0,0.325892
8.3925,177802,1492.1981,166.9557,3,124.7902,5.0729,30.3959,0.1736,7.9109,18.8439,0.121212,5.5106,2.4888,53,2991.0445,1,0.38793
8.0991,161482,1307.8647,83.3578,5,91.9989,5.1001,30.8906,0.2616,7.7032,19.3761,0.201174,6.2959,4.3526,34,1882.9317,1,0.246
21.0684,101030,2128.5379,83.8924,2,106.0451,5.3071,27.7362,0.2033,7.9569,18.5153,0.729532,20.5847,19.8711,15,1872.1886,1,0.04873
14.0801,90553,1274.9981,338.1376,3,91.6479,6.2513,28.7167,0.1409,7.5939,20.793,0.245067,11.5798,8.7802,41,1886.6463,0,0.332237
23.8304,56135,1337.7189,303.9076,4,60.0485,6.5776,28.8536,0.1598,7.862,17.3621,0.729063,23.2657,22.4459,0,1309.9113,0,0.058156
7.1565,213884,1530.6711,379.6316,2,126.1734,5.106,30.1107,0.2584,7.8763,15.9677,0.133148,4.7274,2.0457,3,1465.459,1,0.326009
20.3244,207926,4225.9748,258.6104,3,108.4888,5.2278,28.3172,0.1894,7.8529,22.0725,0.693681,20.2633,19.8533,15,3652.9501,1,0.0
18.8486,205988,3882.5809,222.1468,2,49.7961,6.5672,28.4335,0.0763,7.715,23.0629,0.393277,16.9426,14.8005,15,4326.3952,0,0.252574
6.9786,79131,552.2213,381.6872,5,17.9139,6.4593,29.1117,0.1021,7.9489,21.7262,0.137136,4.697,2.2661,81,1369.7843,1,0.313619
5.5444,148326,822.3756,374.7039,2,74.2304,5.025,29.1548,0.2198,8.0354,19.5615,0.098473,3.0424,1.6355,71,2457.3133,1,0.341911
6.7797,197184,1336.857,412.3523,3,17.7646,5.16,30.1945,0.2307,7.6828,18.9696,0.158021,4.736,2.5599,82,3256.3313,1,0.281042
7.3393,201410,1478.2115,209.7774,5,55.1739,4.4793,30.0503,0.2791,7.7333,18.0625,0.174669,5.3946,3.312,12,1625.9994,1,0.266405
24.0575,208721,5021.3141,209.7294,2,94.3743,7.0666,29.6079,0.0617,7.7651,20.9861,0.586147,22.7405,21.2262,0,4588.6869,0,0.171628
16.5819,147947,2453.2478,245.2186,5,61.5824,5.5836,28.2372,0.1492,7.866,19.9511,0.395168,15.237,13.5524,19,2392.9195,1,0.16315
11.577,79760,923.379,257.4193,3,32.7798,6.9601,28.0075,0.1138,7.5602,17.574,0.223344,9.0968,6.4285,41,1703.2841,0,0.338733
20.1978,101548,2051.0507,140.8981,4,17.0083,5.9971,28.9783,0.1536,7.7574,19.5868,0.735319,19.6081,18.8312,15,1879.866,1,0.068106
5.1316,147812,758.5098,246.8318,5,59.8802,6.1557,28.5228,0.1605,7.9499,20.8618,0.058214,1.4992,1.4992,53,3055.9289,0,0.526957
5.2495,136695,717.5868,378.3084,4,126.3366,5.0326,28.426,0.2071,7.9743,18.5063,0.111517,3.2159,1.7031,89,2333.1805,1,0.280445
22.2622,121149,2697.0443,392.3743,4,35.7367,6.1518,30.3504,0.1074,7.89,19.7003,0.500722,20.8259,19.0932,0,2502.5583,0,0.180117
6.6299,207360,1374.7845,359.7029,5,52.0885,6.255,29.0339,0.1153,7.8232,21.7374,0.101186,3.4519,1.0503,50,4251.8445,0,0.434729
8.7858,106368,934.531,121.9247,3,61.4039,5.154,29.559,0.1921,7.7608,19.0669,0.182216,6.7674,4.5846,65,1712.271,1,0.27475
20.9633,151761,3181.4064,171.3763,2,101.6942,6.3781,29.3343,0.0989,7.6473,20.8578,0.453139,19.439,17.5878,7,3213.4309,0,0.190064
18.4574,114291,2109.5123,379.9044,3,102.9055,5.5986,30.927,0.1795,7.8384,19.6458,0.535814,17.7528,16.7409,15,1766.4914,1,0.073611
16.1858,194089,3141.4807,237.2216,2,86.3958,4.745,29.2022,0.2173,7.9984,18.715,0.408264,14.6278,12.8293,32,3165.2123,1,0.202405
12.3582,186822,2308.7777,424.0752,2,106.6276,6.0095,30.1842,0.1602,7.7222,19.0077,0.214294,9.7784,6.9219,48,3555.5888,1,0.34553
18.2288,48013,875.2209,243.334,3,103.3074,5.7609,28.6995,0.2211,7.5337,19.8167,0.537986,17.1003,15.7744,28,826.3706,1,0.144606
9.8883,132478,1309.9846,105.0445,5,51.3585,5.857,28.4252,0.1385,7.9484,20.88,0.148417,6.6928,3.1848,43,2739.924,0,0.430544
10.0325,162469,1629.9754,192.5386,5,55.9012,5.3178,27.9583,0.2147,7.7248,17.2834,0.250137,8.3273,6.4988,73,2667.7149,1,0.233407
9.9306,109917,1091.543,364.6867,2,55.7155,5.2302,27.9087,0.1493,7.8844,22.7194,0.177124,7.3854,4.5853,52,1926.5011,1,0.342428
7.1007,196384,1394.4716,272.6566,4,44.573,4.8359,30.5829,0.1985,7.7819,20.5984,0.177921,5.2312,3.2338,77,3084.8347,1,0.256516
17.5168,200113,3505.3314,334.7412,2,116.8277,4.9734,30.3464,0.231,7.8415,20.0183,0.77556,17.2381,16.7757,15,2906.1281,1,0.022978
19.8102,114066,2259.6734,204.3097,5,21.812,5.0688,30.1583,0.1602,7.8439,18.7522,0.554268,18.7512,17.4432,20,2052.495,1,0.13013
12.2569,210102,2575.2073,360.1695,5,75.8323,5.0846,29.4606,0.2148,7.8575,20.0916,0.308461,10.6477,8.863,47,3280.9189,1,0.215294
10.7128,101933,1091.9886,245.595,3,59.3859,4.5562,28.1612,0.2372,7.8418,18.2998,0.285504,8.989,7.0684,45,1382.2905,1,0.229864
6.0569,126710,767.4749,431.493,4,76.2076,7.0629,29.8631,0.088,7.886,20.3583,0.076515,3.0499,2.09,51,2485.7159,0,0.414171
25.7537,161123,4149.52,211.8287,2,19.6831,6.3258,26.6835,0.1034,7.9423,21.5969,0.65827,25.0714,24.0402,0,3995.6806,0,0.066387
7.0515,151221,1066.3291,193.8677,3,59.8362,4.4293,28.3335,0.267,7.9559,19.1261,0.141596,4.9221,2.6071,6,1150.5454,1,0.288797
13.9841,83662,1169.9403,209.3069,4,116.8493,5.7317,29.9203,0.1343,7.8376,17.5747,0.344254,12.2048,10.2576,55,1559.6654,1,0.240271
18.0264,51101,921.1667,212.0774,2,50.9392,4.918,29.0558,0.2141,7.8837,20.1264,0.477745,16.9144,15.522,18,891.5575,1,0.134934
21.2542,143810,3056.5642,265.7259,5,40.2269,6.1221,28.6073,0.1779,7.8601,21.6575,0.640941,20.3046,19.1671,7,2942.4542,1,0.119777
18.2259,96460,1758.0668,303.0131,3,86.6465,4.7525,31.3417,0.2965,7.8713,22.7852,0.768892,18.1806,17.8788,2,1432.7124,1,0.0
18.3046,179798,3291.1322,139.8661,4,117.636,6.3376,29.6278,0.1251,7.9373,17.9961,0.304901,15.7327,12.8259,13,3820.262,0,0.339446
14.7747,83582,1234.9,360.6245,5,28.0136,5.4323,28.4438,0.1841,7.7649,20.3055,0.458196,13.4986,12.0847,47,1370.9422,1,0.170833
23.6367,109746,2594.0374,239.1519,4,122.8836,6.4555,29.2461,0.1136,7.8663,19.6811,0.661901,22.6473,21.44,0,2459.7148,0,0.122882
22.9091,65038,1489.9614,161.1021,5,77.7637,6.9937,28.7788,0.1522,7.9642,16.9703,0.595572,21.8739,20.5861,0,1349.0543,0,0.126381
17.6105,117956,2077.2669,340.8624,5,51.7356,4.2662,28.1794,0.2362,7.7465,21.0486,0.649605,16.868,15.9543,20,1843.0974,1,0.091541
11.2571,104760,1179.2936,111.9359,3,34.844,5.3216,30.1194,0.2484,7.8285,21.7384,0.238596,9.0527,6.6153,49,1745.116,1,0.295529
11.9622,154975,1853.8483,365.9107,5,51.8673,6.4788,30.2398,0.0705,7.7989,23.6577,0.23354,9.7572,7.3756,49,3134.4648,0,0.300385
20.5641,80966,1664.9934,92.0691,3,92.7641,5.4258,29.7118,0.1766,7.9576,20.8691,0.52709,19.3351,17.8415,12,1605.763,0,0.153137
16.6541,152521,2540.0934,417.2627,2,82.8234,6.0672,28.6835,0.1291,7.9125,18.0199,0.351826,14.9305,12.8968,27,2706.0647,1,0.220105
16.8055,182788,3071.8505,154.464,5,59.1256,5.2326,30.1652,0.2468,7.8309,22.7282,0.571454,15.887,14.8027,27,2911.2694,1,0.11727
22.8263,202073,4612.5885,319.0818,3,102.9221,6.4134,26.6248,0.1804,7.8553,20.3644,0.640749,22.8089,22.3822,0,4073.7222,0,0.0
22.334,138452,3092.1868,150.0823,2,91.7849,6.3483,28.6187,0.1806,7.9814,18.7071,0.624076,22.298,21.8122,0,2967.1044,0,0.0
12.9501,137488,1780.4874,336.4556,4,121.724,6.6189,29.7126,0.0823,7.7932,20.9787,0.340176,11.2105,9.3182,60,2336.2292,1,0.235864
12.1959,146465,1786.2717,111.2501,5,105.6931,5.6653,28.6036,0.1781,7.9364,16.3028,0.220676,9.7572,7.0781,53,2597.4912,1,0.328425
14.5114,150896,2189.7171,133.5047,4,28.7671,6.1451,28.381,0.1834,7.7536,22.4203,0.306579,12.3967,10.0411,45,2876.0616,1,0.282053
13.5796,55560,754.4836,186.9635,2,55.1974,5.2725,29.419,0.1832,7.9097,19.7141,0.361363,11.8679,10.01,61,1022.0323,1,0.232403
4.7967,118964,570.6373,226.3943,4,20.7593,6.7241,28.6227,0.1127,7.849,17.5602,0.054913,1.7057,1.7057,50,2467.2065,0,0.464397
25.1923,165033,4157.5607,247.7494,4,97.3044,7.2999,28.0271,0.1011,7.8898,19.94,0.483547,23.9071,22.1343,0,3899.1949,0,0.1411
20.9353,208755,4370.3453,262.2019,4,116.168,6.1331,28.3722,0.1416,7.718,16.1004,0.615597,20.9353,20.7138,15,3718.7151,1,0.0
10.0342,182317,1829.4005,156.6688,3,78.8465,5.8032,26.7221,0.1022,7.9141,19.5714,0.170504,7.3179,4.3833,46,3806.8264,0,0.369949
13.6119,59930,815.7624,278.6919,4,61.9367,4.5373,27.7549,0.238,8.0475,19.0132,0.486161,12.5616,11.3701,3,713.3693,1,0.138237
11.44,107908,1234.4638,316.2543,4,90.1935,6.1892,30.9089,0.1512,7.8613,23.8392,0.243864,9.304,7.0046,55,2160.0165,0,0.291604
3.3558,155276,521.0775,108.7871,3,109.5718,5.5992,29.1245,0.2353,7.8759,18.9503,0.051875,1.6254,1.6254,80,2470.0593,1,0.333779
7.9614,99666,793.4848,91.4679,3,138.0052,5.0104,28.5501,0.2474,7.8877,20.0729,0.219024,6.1509,4.1978,67,1472.7865,1,0.246857
10.912,114756,1252.2224,426.6448,3,28.2322,7.1389,29.1439,0.1158,7.9055,19.4432,0.163784,7.5049,3.7928,31,2258.56,1,0.461459
5.5062,88758,488.7225,203.7462,2,79.7348,7.5437,27.5443,0.0631,7.7403,24.1218,0.089522,2.5404,0.8967,63,1849.369,0,0.406618
3.1845,84520,269.1516,301.2973,2,75.2583,4.5533,30.0563,0.2529,7.6905,21.1432,0.045926,1.7362,1.7362,82,1298.6491,1,0.343341
22.928,62117,1424.2172,226.8354,4,95.7517,7.0835,29.7826,0.0824,7.8561,17.7186,0.746341,22.928,22.8317,0,1256.402,0,0.0
19.4826,196155,3821.6115,310.8966,5,92.9343,6.1014,28.3843,0.1388,7.9057,21.8397,0.341454,17.1697,14.4853,10,4110.5175,0,0.299233
20.9454,187742,3932.3385,284.9201,3,28.007,6.1866,29.8055,0.1547,7.8709,19.0731,0.749575,20.9454,20.8194,15,3534.8342,1,0.0
9.0513,205178,1857.1325,426.0362,5,27.3687,4.5042,28.8885,0.2688,7.9272,18.7899,0.230243,7.4035,5.5856,12,1980.9192,1,0.22125
18.4744,112716,2082.3616,156.3297,2,30.3971,5.5039,30.2073,0.1946,7.9611,18.7649,0.711252,17.9852,17.2902,15,1842.0254,1,0.051833
20.9251,212128,4438.8051,236.0995,2,20.1218,5.9148,29.4389,0.2227,7.7312,18.0766,0.540167,19.8364,18.4752,19,3937.3742,1,0.132285
21.649,70996,1536.9943,187.6359,2,66.4501,5.5548,31.217,0.2092,7.6446,21.4132,0.724871,21.2544,20.6039,15,1289.497,1,0.032986
15.2218,204175,3107.9088,275.4226,3,46.8319,4.6863,28.9176,0.3011,7.7276,21.0455,0.514405,14.4633,13.4715,6,2613.7871,1,0.088278
11.4016,93838,1069.9026,335.0945,5,57.6523,4.4731,28.8291,0.2918,7.8142,20.9664,0.430556,10.3041,9.0934,1,927.1977,1,0.147382
23.1158,95398,2205.2032,115.5675,3,66.2399,7.2317,27.6361,0.0733,7.967,20.5243,0.708479,23.1158,22.9259,0,2160.9691,0,0.0
11.0779,193370,2142.1354,96.8398,5,83.8354,4.2269,30.7594,0.2733,7.9918,19.1737,0.360636,9.7799,8.3667,5,1905.9291,1,0.17589
5.1259,84006,430.6093,444.7199,5,46.6422,5.8024,29.0139,0.1702,7.8666,20.0947,0.121525,3.1156,1.0321,81,1302.0302,1,0.276289
23.2909,184478,4296.6645,198.3149,4,121.9619,7.0382,28.8942,0.0875,7.9173,17.0953,0.62049,22.5108,21.412,0,4122.7196,0,0.083546
14.1285,182872,2583.7057,427.0911,2,84.0886,5.6098,29.4415,0.1461,7.7373,18.3633,0.248362,11.8002,9.1466,36,3168.313,1,0.305406
18.0753,156143,2822.3315,143.6071,2,61.5638,6.6475,30.986,0.1086,7.8407,17.2734,0.376851,16.1217,13.9342,19,3261.0828,0,0.259571
17.9163,134341,2406.8926,277.1141,2,66.7367,4.9283,29.1912,0.2613,7.7064,22.14,0.57557,17.242,16.295,2,1911.0751,1,0.072452
15.7205,59229,931.1098,201.8498,5,75.4442,5.2103,30.3365,0.2226,7.8977,21.2563,0.478593,14.487,13.1158,46,959.5027,1,0.164737
15.536,93871,1458.3754,144.5535,5,41.3696,4.715,30.0651,0.2578,7.8646,20.8571,0.680151,15.0046,14.3279,7,1292.5361,1,0.063458
3.3072,169059,559.1181,186.3707,4,22.704,5.5034,29.1469,0.2098,7.8059,19.9622,0.067681,0.8939,0.6225,86,2886.9893,1,0.332362
23.2759,174358,4058.3468,282.5372,5,84.0206,6.7982,27.8657,0.1667,7.8528,17.9908,0.663948,23.0926,22.4722,0,3964.0957,0,0.0
9.7151,182353,1771.5787,106.4338,3,26.732,5.9653,29.4767,0.2202,8.0977,22.9814,0.199808,7.5527,5.1918,57,2806.4166,1,0.292448
19.6918,212068,4176.0032,387.9456,4,95.9684,5.8066,30.1377,0.1755,7.9165,17.8307,0.473704,18.6597,17.2733,15,3872.6957,1,0.116756
8.5717,168177,1441.5561,377.9721,2,133.3067,5.0609,27.8871,0.2359,7.7454,19.7383,0.165326,5.9952,3.1617,7,1507.9166,1,0.346716
9.2045,46141,424.7049,448.3401,3,74.243,4.8919,30.8867,0.2792,7.7732,19.5261,0.194007,7.1059,4.8114,3,394.3052,1,0.283555
16.0461,200381,3215.3388,377.4612,2,28.9212,5.1188,30.5109,0.2304,7.8192,22.8524,0.461001,14.7731,13.2996,31,3223.1445,1,0.165039
16.7335,205688,3441.8889,199.1065,3,111.0862,6.2071,29.8716,0.0701,7.8753,24.4069,0.338433,14.7076,12.4369,27,4414.7187,0,0.269013
17.6238,68849,1213.3804,416.958,4,77.4928,5.0043,29.4433,0.2143,7.755,23.2574,0.481517,16.6849,15.4031,15,1088.6572,1,0.10432
16.8813,82863,1398.8374,92.3287,2,58.9371,6.5769,28.8727,0.133,7.9515,22.8472,0.406412,15.2052,13.3082,39,1520.4052,1,0.221007
22.109,166968,3691.4939,449.5929,4,52.5286,5.9158,29.8547,0.121,8.0405,19.7385,0.565245,20.7389,19.1612,0,3329.8082,0,0.178341
14.6726,81961,1202.5789,233.2424,3,108.5324,6.3674,26.6993,0.1211,7.8654,17.1873,0.233392,11.8724,8.8142,24,1765.9032,0,0.378608
7.6934,142804,1098.6476,424.7207,3,31.0686,6.9743,28.2725,0.1348,7.8196,21.6065,0.149577,5.4032,2.9673,72,3041.7427,0,0.315139
6.5491,123801,810.7793,138.7955,2,96.2962,4.5235,31.4794,0.306,7.7882,20.3236,0.128384,4.1332,1.4766,4,804.5539,1,0.325115
22.2593,209069,4653.7245,356.5598,4,49.7558,6.9765,29.4611,0.0322,7.6457,22.0303,0.775547,22.0772,21.6038,0,4247.2877,0,0.0
17.1116,203232,3477.6274,440.2856,4,130.3964,4.83,30.105,0.2566,7.8324,22.5454,0.62651,16.2743,15.2986,29,3215.3474,1,0.108003
17.8479,51201,913.8312,442.958,2,42.322,5.5999,28.2194,0.1685,7.8345,16.9938,0.464649,16.5904,15.0994,26,861.4417,1,0.159961
17.7436,99132,1758.9615,175.2317,2,18.1928,5.24,29.3197,0.1978,7.6749,19.7093,0.594962,16.9303,15.9175,19,1660.8429,1,0.099184
22.852,122125,2790.7985,143.0466,5,17.8432,6.8642,28.1247,0.113,7.833,17.5395,0.583041,22.7414,22.0616,0,2733.1749,0,0.0
6.3809,74861,477.6813,410.207,5,61.7719,4.0558,29.3273,0.2391,7.7321,22.0153,0.14258,4.4858,2.4515,4,460.8313,1,0.259222
19.9251,164658,3280.8251,257.9801,5,114.1789,6.1915,30.0463,0.1287,7.8428,22.8253,0.746729,19.7569,19.2946,15,2949.1289,1,0.0
21.0266,73378,1542.8891,193.697,5,28.468,5.6342,31.0526,0.1867,7.7918,17.8164,0.666531,20.3896,19.5232,15,1350.9882,1,0.071055
9.4395,209757,1980.0003,280.6297,3,78.8015,5.1708,28.0928,0.2064,7.8492,21.7172,0.253809,7.6764,5.7826,71,3517.8639,1,0.241058
20.2106,181699,3672.2445,249.2966,4,132.7169,5.4147,27.7487,0.2043,7.5722,17.4042,0.689627,19.526,18.659,17,3121.2597,1,0.082208
12.7527,193878,2472.4741,399.6558,4,129.2981,4.31,29.704,0.2628,7.787,18.3327,0.439371,11.6512,10.4282,9,2334.4673,1,0.147257
19.4229,70902,1377.1237,121.2605,2,114.778,6.1026,28.1768,0.1718,7.992,19.3035,0.546847,18.2494,16.8803,29,1323.2675,1,0.151201
13.8733,59282,822.4356,124.5818,3,118.361,6.2337,26.8377,0.178,7.8541,16.9311,0.271625,11.7031,9.3059,50,1071.5298,1,0.291133
20.3461,195036,3968.2127,197.8668,2,18.4941,6.8807,27.8727,0.1095,7.8408,20.5645,0.528149,18.943,17.3401,11,3959.6849,0,0.183705
17.4106,128556,2238.2329,258.0878,2,49.3682,4.9695,27.8396,0.2104,7.9797,17.2385,0.485077,16.0601,14.522,36,2274.0611,1,0.177215
4.9337,156982,774.5089,370.1684,4,75.3566,4.4856,28.1173,0.2405,8.0872,19.9381,0.083221,2.5363,2.2102,23,1535.9293,1,0.32811
15.2244,113087,1721.6786,200.9843,5,23.326,6.1676,30.0185,0.184,7.8276,18.9537,0.373632,13.6004,11.7369,34,1906.0455,1,0.211927
7.3288,156338,1145.7742,367.8112,5,101.7966,4.7628,29.3614,0.2362,7.9177,19.6128,0.15986,5.0853,2.6702,9,1341.0659,1,0.306306
12.538,118513,1485.9219,186.5329,2,83.8975,5.8049,27.8789,0.1702,7.9392,21.7868,0.307832,10.748,8.78,52,1960.8266,1,0.240945
17.7373,128375,2277.0202,102.932,3,41.9179,5.1573,29.8426,0.2304,7.8767,21.8871,0.682564,17.0526,16.2147,20,1976.4977,1,0.084789
17.593,85547,1505.032,387.5448,5,86.5798,5.2669,28.9147,0.2196,7.9797,19.2512,0.524636,17.0619,16.1523,15,1325.0164,1,0.040892
18.7808,193233,3629.079,235.5961,4,19.4854,6.6586,28.1736,0.0722,7.8115,19.2399,0.455817,17.1721,15.3622,19,3782.9376,0,0.213027
7.4304,77999,579.5631,165.2807,2,129.6073,5.8118,27.4201,0.2004,7.8339,19.6119,0.105587,4.137,1.4781,57,1615.0648,0,0.446103
8.4594,199899,1691.0205,186.1871,3,78.7485,5.8011,28.0585,0.1923,7.9828,22.1956,0.157304,5.9214,3.1732,64,3463.2712,1,0.345143
17.7227,123496,2188.6861,372.4266,2,134.5793,5.0778,29.2428,0.1958,7.9249,19.8513,0.48476,16.7035,15.4075,17,2009.7711,1,0.121924
21.737,180454,3922.5209,269.0799,5,32.0613,5.8444,29.529,0.1569,8.0393,19.0373,0.753259,21.2827,20.6012,15,3550.5527,1,0.04469
18.6433,75006,1398.3592,274.83,5,70.4759,4.8987,27.5175,0.2152,7.8812,19.3758,0.705456,18.1754,17.5082,15,1214.0087,1,0.049331
24.9413,184016,4589.6058,195.9935,4,25.9611,6.454,29.1468,0.0858,7.7935,18.0051,0.731159,24.8662,24.3918,0,4184.226,0,0.0
3.507,185782,651.5422,172.2603,3,63.8962,7.3228,28.1429,0.0793,7.9964,21.1308,0.056807,0.6954,0.6954,75,4014.2324,0,0.400453
20.1381,64915,1307.2641,199.6208,4,56.173,7.0327,29.0138,0.0793,8.0388,19.7385,0.50472,18.9746,17.5294,19,1195.8991,1,0.142218
17.0255,78347,1333.8998,414.9204,5,60.0684,5.1818,28.7048,0.1551,7.8163,18.4969,0.375711,15.3746,13.444,29,1439.4096,1,0.212338
17.2042,155883,2681.8384,96.387,2,28.824,6.1767,29.3071,0.2184,7.9309,21.1515,0.749457,16.8628,16.3503,15,2408.2005,1,0.033539
15.6293,90688,1417.3878,443.6454,5,27.6507,4.1108,30.7683,0.309,8.0214,19.0579,0.638388,15.4283,14.9267,6,1253.0676,1,0.0
10.8025,97995,1058.5951,99.4589,4,108.783,4.7632,29.5567,0.2049,7.7674,20.5141,0.22368,8.4609,5.8801,51,1661.2449,1,0.314651
16.9209,150074,2539.382,150.5001,4,116.2967,4.6926,29.3317,0.2518,7.9841,19.4873,0.766921,16.7264,16.3207,5,2046.2939,1,0.006534
6.6353,175578,1165.0052,265.086,2,111.56,5.2401,30.3192,0.2255,7.891,18.6829,0.153919,4.8293,2.9073,82,2694.2586,1,0.248425
16.5939,111969,1858.003,216.5648,2,125.8763,5.6562,29.3256,0.1534,7.6523,18.7415,0.423858,15.1755,13.5071,28,1873.9365,1,0.181582
15.3673,60996,937.3447,190.6295,4,103.7905,5.6156,28.1906,0.2228,7.7838,19.7415,0.409249,13.9303,12.3217,43,1017.9262,1,0.190978
15.0185,66675,1001.3592,242.1543,5,132.6704,6.0063,30.1114,0.2053,7.9531,20.4831,0.411931,13.5451,11.9261,52,1237.9515,1,0.198406
23.6965,215773,5113.0593,324.0022,2,64.3096,6.3879,27.352,0.1261,7.8957,20.1761,0.787131,23.6965,23.6886,0,4504.917,0,0.0
21.6901,63335,1373.7417,97.5275,4,28.6132,6.7478,27.4906,0.0775,7.7291,20.417,0.417115,20.0161,17.9191,2,1295.2176,0,0.203074
6.0926,127819,778.7503,172.6559,4,136.767,4.8795,29.0138,0.2411,7.6029,22.1816,0.092883,3.2856,2.1134,56,1845.8573,1,0.379084
14.6711,189827,2784.9729,284.6965,3,53.8581,4.9755,27.9368,0.2381,7.7939,19.283,0.404061,13.2933,11.7131,34,2936.4178,1,0.179884
25.1093,126176,3168.1914,440.0046,2,111.4217,7.4427,28.1421,0.0666,7.7469,21.6421,0.607554,24.5756,23.5736,0,3002.7707,0,0.031496
17.9574,218068,3915.9328,279.6148,2,38.9359,5.756,28.2752,0.213,7.6543,17.9037,0.647973,17.2845,16.4114,15,3576.1491,1,0.078911
17.5274,193732,3395.6132,403.748,3,97.8553,6.3154,28.0366,0.1651,7.9621,18.0664,0.434944,16.1184,14.4518,27,3434.5426,1,0.179568
15.7473,202326,3186.0966,358.7125,5,105.5667,4.0842,30.6599,0.2455,7.8004,21.8139,0.717813,15.7316,15.4708,10,2702.1568,1,0.0
10.932,152527,1667.4274,86.7863,5,79.4416,5.9819,29.6796,0.1697,7.8932,20.3748,0.174429,8.1847,5.172,51,3270.4747,0,0.370436
19.6727,54787,1077.8103,98.8307,2,62.0668,6.9052,29.8389,0.0668,7.836,20.9713,0.41518,17.8121,15.752,11,1108.5515,0,0.249206
20.4599,191394,3915.9057,344.3904,2,102.946,5.0949,29.6401,0.2474,7.8547,20.5687,0.655478,20.3305,19.8109,15,3260.7784,1,0.0
13.7836,126808,1747.8654,305.9224,2,90.961,6.2494,29.2088,0.2037,7.8785,18.4333,0.329526,11.9621,9.9806,59,2501.5021,1,0.246938
16.4231,164985,2709.5709,364.1384,4,114.5451,6.663,28.3775,0.0728,7.8759,20.976,0.394084,14.7892,12.9786,40,3489.3771,0,0.218709
15.5051,76491,1186.0032,193.759,5,34.9124,5.9733,29.4019,0.1922,7.8733,17.5311,0.259446,12.9218,10.0001,27,1511.3887,0,0.340776
8.7507,59108,517.2377,376.3608,5,98.133,5.7554,30.2281,0.2289,7.8143,19.2687,0.156695,6.0013,2.9467,47,935.7603,1,0.36738
18.4674,176015,3250.5471,384.0357,2,31.8826,5.692,30.2649,0.1771,7.8728,20.2335,0.769545,18.4674,18.4657,15,2921.0559,1,0.0
15.536,71954,1117.8777,230.6514,3,116.4213,4.2428,30.3125,0.2363,7.7212,20.8331,0.735437,15.0661,14.4524,8,1011.2285,1,0.054741
3.2824,190151,624.1431,393.6327,3,77.8483,5.0725,30.253,0.31,7.7869,20.4248,0.077994,1.3104,0.9385,3,667.8363,1,0.271199
22.3098,98590,2199.5256,353.5178,4,94.5978,6.2186,29.748,0.1638,7.8277,19.7079,0.711857,22.035,21.4427,0,2066.7139,0,0.00651
13.9019,159290,2214.43,442.1511,5,91.8636,4.9509,31.6288,0.2237,7.7858,20.9866,0.317521,12.0297,9.9294,42,2607.7898,1,0.248435
20.6158,177807,3665.6282,118.3486,5,15.5701,6.9459,30.3445,0.0793,8.0629,19.1229,0.547008,19.3553,17.912,10,3512.6588,1,0.164752
12.9516,135142,1750.3027,252.9018,5,83.8983,6.7335,28.7241,0.0405,7.7422,20.7702,0.235546,10.4941,7.8399,35,2747.3047,0,0.334783
16.0702,137025,2202.0166,435.6054,3,37.9215,6.2387,29.1345,0.167,7.8478,22.3778,0.355515,14.2123,12.1234,41,2642.6269,1,0.246151
21.103,166169,3506.665,226.5842,2,16.9962,5.8408,27.7385,0.1792,7.7963,20.1899,0.786545,21.1027,20.8747,15,3002.5637,1,0.0
17.889,145446,2601.8794,84.1711,5,100.0048,7.1612,28.1172,0.0724,7.844,21.8213,0.352188,15.8031,13.4922,18,3127.6726,0,0.279261
15.9357,133126,2121.4612,88.5978,2,101.7326,4.3659,29.9031,0.2695,7.795,18.2822,0.721826,15.8306,15.4789,8,1670.2516,1,0.0
18.1201,210221,3809.2291,375.3846,4,122.7209,5.1517,30.5669,0.1948,7.9974,17.4879,0.585327,17.3126,16.2915,17,3440.1169,1,0.097098
16.1048,57292,922.6765,448.4552,2,70.2429,4.7543,29.5549,0.2512,7.9012,20.3373,0.413237,14.7584,13.135,10,823.0951,1,0.168921
13.4212,137029,1839.1004,263.7019,4,141.26,4.2175,31.555,0.2634,7.907,16.4347,0.434695,12.3086,11.037,1,1573.809,1,0.145655
10.5678,128653,1359.5825,205.1417,3,49.7259,5.4967,31.0118,0.2388,7.9097,19.8301,0.213563,8.307,5.8214,52,2080.8464,1,0.30431
20.0181,68600,1373.2412,275.3145,2,122.8714,5.2765,29.5949,0.1974,7.8922,18.4768,0.640283,19.8169,19.2326,15,1167.432,1,0.0
5.219,167144,872.3203,269.0692,4,105.8406,6.6382,27.9084,0.1363,7.9544,22.074,0.051376,2.3394,2.3394,54,3368.5078,0,0.463293
9.7037,170757,1656.9766,254.7062,4,21.7878,5.165,29.5624,0.1777,7.8323,18.9504,0.238963,7.9016,5.9677,72,2925.6068,1,0.246557
12.9889,218078,2832.5981,307.9748,3,105.9612,6.785,29.8436,0.0848,7.7801,17.8528,0.191462,10.1071,6.9034,34,4547.0957,0,0.384891
11.1145,132016,1467.2953,317.3273,2,83.3298,5.522,30.2296,0.1951,7.8716,20.2961,0.23133,8.8163,6.2922,53,2243.1127,1,0.309575
21.0419,54150,1139.4175,108.5452,5,65.083,5.9279,27.8013,0.1909,7.971,20.0516,0.665991,20.6005,19.8749,15,957.1922,1,0.03711
18.191,161551,2938.7729,403.0122,4,53.5672,5.7718,28.0404,0.1496,7.8565,18.305,0.367121,16.2809,14.108,20,3253.5944,0,0.250896
17.8265,185769,3311.6162,81.5719,4,40.7931,4.5403,28.86,0.281,7.861,16.9408,0.596198,17.7948,17.3534,15,2955.5848,1,0.0
4.9083,45162,221.6709,134.3246,2,127.0193,5.7106,28.7699,0.1943,7.9447,21.0072,0.086005,2.0679,0.8014,78,832.5538,1,0.389681
25.4516,205582,5232.3825,329.2706,4,22.4921,7.2326,28.047,0.1088,7.7983,18.3988,0.662586,25.4516,25.1429,0,4771.8705,0,0.0
5.0523,171206,864.9813,207.0439,5,134.3029,4.1833,27.7477,0.2936,8.0642,22.0728,0.101316,2.7777,1.5317,3,896.3959,1,0.311264
18.6605,114889,2143.8904,428.3266,3,18.9652,5.4651,30.6055,0.1596,8.0774,21.2242,0.63369,17.9686,17.0828,16,1939.6512,1,0.082223
15.3881,163843,2521.2281,274.361,5,100.1656,5.2649,28.6363,0.2238,7.5278,18.5664,0.412922,13.9904,12.4176,40,2709.2943,1,0.185048
17.6566,182741,3226.5892,372.0091,3,101.3485,4.2337,29.8452,0.2482,7.9676,18.8159,0.715201,17.0967,16.3663,3,2774.7168,1,0.065319
3.8291,90442,346.3133,124.8077,3,66.2942,5.5417,29.7836,0.1596,7.8422,20.0291,0.06581,1.8523,1.8523,93,1446.91,1,0.28635
18.3918,143656,2642.0891,290.1141,4,112.0961,5.1152,29.1568,0.2499,7.7874,21.5903,0.7673,17.9366,17.3161,13,2296.4236,1,0.050649
20.9301,182098,3811.3345,419.0607,4,83.4994,6.6148,29.6507,0.0988,7.7788,22.2742,0.681656,20.3221,19.4862,15,3413.1781,1,0.067012
11.2704,215121,2424.4991,269.0203,4,43.2528,6.5638,28.8701,0.0838,7.8252,21.0723,0.150081,7.8433,4.0937,30,4547.1015,0,0.462828
20.8147,112345,2338.4274,160.4058,5,63.3372,5.3179,29.5913,0.2021,7.7873,17.0043,0.770357,20.8147,20.6056,15,2093.627,1,0.0
10.4951,174274,1829.0297,94.8344,3,66.5374,5.3819,30.7244,0.1547,7.819,19.5927,0.193285,8.1131,5.5522,51,3734.6018,0,0.325478
9.1285,63835,582.7183,331.1793,3,131.998,5.7266,28.3505,0.202,7.6442,19.4969,0.184775,6.6757,4.0362,65,1365.6407,0,0.334942
16.2446,171612,2787.7662,196.0532,5,115.7974,7.0568,30.131,0.1136,7.7876,21.397,0.341495,14.2143,11.9843,27,3506.5418,0,0.273446
15.1516,161399,2445.4466,317.2241,5,52.8821,6.4019,28.8053,0.1173,7.7246,20.1158,0.312505,13.1098,10.8919,32,3277.906,0,0.277082
11.1613,98846,1103.2501,305.9982,4,129.8634,4.267,30.2611,0.2467,7.9196,22.1599,0.326262,9.6927,8.0942,5,971.1926,1,0.199023
16.3442,191069,3122.8721,221.7383,3,37.2044,5.4257,28.6431,0.2023,7.8441,23.3849,0.382743,14.7773,12.8973,24,3125.2137,1,0.197373
16.6266,204394,3398.3733,330.24,5,57.2551,4.1801,28.8095,0.2319,7.8617,18.759,0.573355,15.813,14.8219,1,2887.2069,1,0.101172
11.2102,88941,997.0471,305.2218,2,84.9504,6.1286,29.2362,0.1423,7.7328,18.9236,0.194607,8.5974,5.7397,50,1833.1238,0,0.352924
21.2997,210874,4491.5611,345.1329,3,107.9761,5.847,29.2284,0.2168,7.7955,25.1178,0.59643,20.6932,19.7493,15,3857.3811,1,0.056325
19.319,60517,1169.1256,415.9161,2,128.5657,5.0886,30.5574,0.2344,7.9149,20.9237,0.734258,19.0109,18.4712,15,923.6034,1,0.022422
17.4011,153367,2668.7511,378.2274,5,97.1438,5.4544,29.6535,0.1704,7.611,21.8858,0.399313,15.6695,13.7097,31,3247.2387,0,0.228296
10.2109,157419,1607.3824,364.8094,5,58.373,5.5435,29.7017,0.14,7.9031,17.9758,0.24575,8.1874,5.9984,64,2695.1574,1,0.275364
19.3745,176654,3422.5906,348.8208,3,43.0267,6.4451,28.3039,0.1444,7.8389,20.3679,0.372269,17.3605,14.9958,13,3678.6847,0,0.258215
9.5143,191363,1820.6867,372.4925,4,42.3055,5.2076,30.0314,0.2454,7.7766,21.1645,0.274631,8.0195,6.4069,66,2803.21,1,0.203806
15.6912,185540,2911.3459,219.7976,4,117.3123,5.3883,29.4141,0.1663,7.9326,24.463,0.396855,14.2491,12.5649,29,2967.9328,1,0.185675
15.3019,145471,2225.9774,396.3007,5,62.1934,7.1298,28.3143,0.0579,7.8062,22.1373,0.339647,13.2269,10.9668,31,2972.7925,0,0.281064
4.0148,196024,787.0008,135.3426,3,20.0815,4.9453,30.6766,0.2713,7.6821,17.5052,0.065876,2.4596,2.4596,31,1958.3471,1,0.285451
15.9764,138747,2216.6725,415.3288,3,117.9484,7.0618,29.0387,0.0627,7.9147,21.5765,0.380912,14.2805,12.4196,38,2926.1248,0,0.228556
24.1811,156978,3795.8935,325.6468,3,86.3779,6.8088,30.1975,0.1032,7.941,20.5564,0.650014,23.124,21.8604,0,3482.2389,0,0.133554
23.8376,185582,4423.821,89.7433,5,79.2136,6.614,28.029,0.0781,7.8462,20.1981,0.638897,22.9764,21.8469,0,4027.3863,0,0.099896
20.9239,142951,2991.0959,408.0543,2,89.1143,6.3043,28.5943,0.1715,7.8478,21.1631,0.532148,19.9434,18.6297,15,2709.0659,1,0.111229
4.6726,96013,448.6294,398.25,5,120.0551,5.9066,29.0156,0.1301,7.9765,24.5798,0.057498,2.1995,2.1995,76,1746.4865,1,0.397621
17.3552,142495,2473.0347,91.0257,4,75.4362,7.1674,28.715,0.0945,7.9532,18.5506,0.391614,15.4554,13.3472,23,2852.7469,0,0.254066
16.184,175622,2842.2605,272.3723,5,29.5142,4.1849,29.7513,0.289,7.8537,20.6203,0.527411,15.4523,14.4643,15,2598.4352,1,0.082293
6.0384,68431,413.2105,133.6215,5,88.3995,7.4876,28.779,0.0487,7.837,22.7843,0.067642,1.9659,1.2895,39,1410.4009,0,0.554123
17.5975,87182,1534.1884,314.4278,2,28.9746,6.3272,29.5218,0.1168,7.9419,18.7692,0.421282,16.058,14.3116,38,1657.0782,1,0.20265
5.3893,109472,589.9759,441.2264,3,131.3564,4.4435,30.7742,0.2892,7.8592,18.1083,0.115207,3.2063,1.3703,6,641.7422,1,0.297157
24.5762,200023,4915.8037,200.5815,5,33.3611,6.738,28.2505,0.0976,7.9568,19.8257,0.529916,23.6009,22.1752,0,4329.0964,0,0.099516
10.7654,74870,806.0048,410.1569,2,73.9402,4.6467,29.2733,0.2061,8.0141,17.8305,0.222787,8.4274,5.8343,47,1196.0798,1,0.312778
14.5708,156964,2287.0832,401.5055,5,99.0364,6.1777,30.5361,0.1244,7.911,20.8357,0.277163,12.2917,9.7106,39,2783.6586,1,0.300347
21.9198,193608,4243.8442,103.501,4,38.6261,5.9459,28.8645,0.1393,7.738,21.2045,0.661482,21.3677,20.5237,2,3809.1907,0,0.052755
13.3335,134131,1788.4308,329.9886,3,94.0535,6.7468,30.9495,0.063,7.8658,17.7476,0.267222,11.2522,8.997,43,2626.1958,0,0.282905
12.9707,141382,1833.8166,448.6204,3,104.3009,5.1586,29.9751,0.2373,7.9626,24.2839,0.435427,11.7663,10.4424,15,1781.1581,1,0.162119
2.1836,144011,314.4625,351.5052,2,44.1608,4.6298,27.9803,0.2869,7.6926,20.3281,0.050685,0.8939,0.8939,1,281.3032,1,0.254161
17.3704,112258,1949.9614,394.097,3,77.3865,5.4264,29.5824,0.2113,7.8324,20.4635,0.588336,16.567,15.5882,21,1717.4549,1,0.099878
15.6438,158912,2485.9896,314.5716,4,65.4521,4.0632,29.7925,0.2442,7.8563,20.0019,0.388599,14.1971,12.4623,6,2282.6651,1,0.182336
7.594,200677,1523.9385,361.0874,5,105.1175,5.457,28.2908,0.1431,7.7233,15.6996,0.16775,5.324,2.8812,69,3375.525,1,0.309993
11.8516,103396,1225.4092,286.5899,4,48.7281,5.2154,30.3633,0.2257,8.1727,17.6254,0.226768,9.6285,7.1323,42,1638.407,1,0.294826
8.5387,82172,701.6431,286.8554,3,100.284,6.6148,29.1326,0.0731,8.0851,19.8419,0.120131,5.5202,2.234,58,1605.4207,0,0.409008
8.9124,134707,1200.5636,371.2282,3,32.1824,5.1509,29.9568,0.2046,7.9111,18.3552,0.216368,7.0019,4.9397,66,2052.7261,1,0.260383
21.8802,66532,1455.7302,436.8738,4,87.5684,6.4048,27.7787,0.1456,7.8195,18.6527,0.677838,21.1304,20.1489,2,1355.6031,0,0.087152
6.2069,141496,878.2454,402.9681,4,93.8074,4.8269,29.6769,0.2639,7.916,21.5099,0.134373,3.8979,1.3794,3,808.6682,1,0.312481
24.4767,48255,1181.1252,412.5816,2,64.3984,6.6134,29.6511,0.0954,7.8934,24.6092,0.69928,24.3998,23.8861,0,1117.204,0,0.0
11.0701,143004,1583.0654,393.4842,4,16.1179,7.1135,29.4044,0.1149,7.8291,21.7181,0.166193,7.7922,4.2191,32,3050.903,0,0.443779
12.5011,94409,1180.2202,97.9693,2,65.441,5.6609,26.8637,0.1499,7.9439,22.3585,0.218832,9.8234,6.8891,37,2009.6318,0,0.361221
18.3667,111126,2041.021,124.2213,3,21.2855,5.3586,29.8114,0.2156,7.8448,21.4468,0.76211,18.1698,17.744,15,1820.7882,1,0.004431
6.9277,208952,1447.5522,373.3689,4,131.4874,5.1409,28.9032,0.1941,7.9553,18.004,0.117038,4.4045,2.1393,78,3909.8408,1,0.346166
19.9706,108333,2163.4777,182.8417,3,85.1163,6.0346,29.3223,0.1563,7.7677,24.9595,0.456182,18.795,17.2553,15,1970.8836,1,0.136588
19.1831,120341,2308.5077,169.2322,2,45.7139,6.2564,28.3763,0.1046,8.0326,20.8592,0.638223,18.2987,17.2342,23,2093.9042,1,0.111089
9.0516,175005,1584.08,317.8482,2,28.4546,5.6497,28.559,0.1926,7.6611,21.8888,0.233422,7.3704,5.5712,75,2691.3483,1,0.230414
9.4206,175222,1650.6956,391.9375,2,106.405,6.8282,29.5736,0.0958,7.8629,19.9011,0.168553,6.9173,4.2265,55,3691.4405,1,0.342104
20.2626,72910,1477.3457,133.7858,4,122.9663,6.266,29.0337,0.1008,7.7579,21.6547,0.475444,18.5265,16.5993,8,1529.5621,0,0.232103
17.7811,192930,3430.5042,429.9092,5,27.3328,5.066,29.6273,0.2312,7.8563,20.1304,0.512811,16.8027,15.5682,17,2849.6342,1,0.117902
13.3824,203703,2726.0279,426.1745,4,54.193,6.1358,30.7056,0.1375,7.6638,19.9765,0.240905,10.9972,8.3414,46,3561.9181,1,0.318193
16.1042,127332,2050.5766,440.3364,5,132.8202,4.227,31.9402,0.2465,7.8284,18.1786,0.734544,16.1042,16.0676,7,1807.9235,1,0.0
10.5176,131097,1378.8276,370.2103,2,39.0935,4.2076,28.7703,0.2878,7.9148,21.6731,0.246467,8.6746,6.5771,11,1456.1629,1,0.242014
23.0747,142031,3277.3298,284.8725,5,35.4008,6.9417,29.982,0.0773,7.7602,22.0336,0.53373,21.9675,20.4956,0,2950.9622,0,0.126664
5.9004,211639,1248.7457,130.5486,2,111.8194,5.406,28.6108,0.234,7.7306,19.0078,0.119159,3.5896,1.3716,75,3499.7704,1,0.316626
20.8409,142139,2962.3018,421.027,2,102.1285,5.5801,28.1934,0.1591,7.9744,23.7471,0.720187,20.8409,20.7436,15,2419.4711,1,0.0
16.274,120587,1962.4302,83.0654,4,94.4252,4.5795,29.1223,0.2727,7.6838,18.9241,0.637387,15.5784,14.7401,23,1774.8759,1,0.08731
7.4446,104035,774.4961,288.8351,2,125.5986,4.4176,31.0341,0.2594,7.8182,16.6567,0.142837,4.8747,2.0493,3,724.6859,1,0.345886
25.6347,187074,4795.5807,163.9889,4,17.0936,7.3968,31.0506,0.0275,7.8674,19.7487,0.791404,25.6347,25.4754,0,4573.8436,0,0.0
21.9825,62771,1379.8657,249.5334,4,119.2526,6.5828,28.7122,0.077,7.9887,20.1849,0.55814,20.9309,19.5944,1,1261.9296,0,0.125876
19.3415,98408,1903.3587,123.0851,4,104.259,5.7691,29.7838,0.1543,7.8367,17.5069,0.659523,19.2097,18.7195,15,1606.215,1,0.0
19.0593,213575,4070.5891,430.6749,5,97.4712,6.8231,28.6371,0.0817,7.8321,18.6278,0.388048,17.1339,14.9541,14,4245.519,0,0.253814
14.5455,201237,2927.0845,226.955,3,33.2794,6.1224,28.5349,0.1559,7.8332,20.1342,0.286515,12.2867,9.8151,33,4178.1996,0,0.305007
18.6051,46300,861.415,331.862,3,115.0363,6.2187,29.5378,0.1288,7.7326,18.8758,0.516465,17.594,16.3315,19,781.8019,1,0.123007
13.8266,65880,910.8941,241.8527,3,70.1708,4.1302,29.5753,0.277,7.9254,21.4556,0.367775,12.3508,10.6362,1,810.5428,1,0.190782
5.1769,66182,342.6191,385.1821,4,117.4582,6.3161,26.9881,0.1092,7.8645,21.8198,0.059807,1.3312,1.3253,44,1409.3041,0,0.525132
8.0146,140451,1125.6574,319.4355,4,39.2292,6.468,28.3349,0.0695,7.8991,19.7459,0.088334,4.2748,2.3152,35,2783.192,0,0.509756
24.6056,183635,4518.4458,177.9029,2,69.7895,6.8569,27.5187,0.0927,8.0971,19.1602,0.788219,24.6056,24.3984,0,4256.7469,0,0.0
25.077,140393,3520.6293,160.4861,5,106.4108,6.7449,29.0448,0.1091,8.027,24.6275,0.646488,24.1607,22.9649,0,3125.6825,0,0.10683
17.448,158738,2769.6586,81.2155,3,50.8357,5.2389,29.9121,0.2594,7.9592,20.0791,0.724841,17.1006,16.5507,15,2197.2482,1,0.03135
17.1091,158570,2712.988,408.5791,3,93.6017,5.0382,28.4187,0.2245,7.7747,20.3266,0.42022,15.8112,14.1817,18,2522.3237,1,0.157113
12.6903,60465,767.3181,227.0843,2,60.2506,7.1808,27.9658,0.1234,7.8516,24.644,0.300683,10.7208,8.5799,60,1139.3875,1,0.26714
18.4661,164999,3046.8913,276.379,2,17.004,5.9712,30.0876,0.1719,7.8382,22.3734,0.376214,16.5718,14.3633,20,3446.9571,0,0.244214
15.7643,144281,2274.496,428.4541,2,109.5231,5.9795,28.3974,0.187,7.5974,18.9179,0.389187,14.3771,12.6903,22,2302.0564,1,0.172798
18.3206,71012,1300.9813,430.1761,3,21.502,5.5141,28.788,0.1585,8.0555,17.8742,0.526353,17.0754,15.674,37,1402.0891,0,0.164836
12.0304,166628,2004.6052,264.3701,2,25.2573,5.1599,29.8558,0.2035,7.8546,20.649,0.297162,10.1672,8.1107,50,2731.3058,1,0.250097
22.0575,51500,1135.9607,287.8813,5,28.8977,6.9942,28.5657,0.0744,7.9043,23.976,0.569482,21.1255,19.8706,0,1061.9528,0,0.105169
15.6016,124117,1936.4211,438.4789,2,106.1992,4.4017,31.7372,0.2941,7.8707,19.0027,0.441853,14.3593,12.8795,25,1950.0063,1,0.157431
14.1293,138751,1960.4609,332.0221,3,69.9226,5.0758,29.7726,0.1772,7.6533,17.9333,0.381332,12.6272,10.9325,40,2155.5076,1,0.198511
12.9529,131893,1708.394,103.0282,2,142.2479,4.3884,29.6901,0.2819,7.7116,23.1163,0.506268,12.0553,11.042,15,1691.2466,1,0.118564
12.5527,66021,828.7451,273.8834,2,91.2844,4.6354,28.1927,0.2445,7.7952,18.7578,0.269682,10.5354,8.3202,53,1131.1595,1,0.271769
18.5234,74131,1373.1546,254.251,4,84.4575,6.0097,29.2129,0.1784,7.9209,21.2258,0.5857,17.4437,16.194,31,1285.7323,1,0.139977
14.2728,161603,2306.5212,327.7662,2,104.4379,6.0716,29.8617,0.1233,7.7357,22.9969,0.321777,12.1875,9.927,36,3277.7535,0,0.283369
17.2139,120528,2074.7559,220.4254,2,66.6702,4.9719,30.389,0.2452,7.8789,20.0201,0.570481,16.5561,15.637,15,1837.3987,1,0.071133
20.904,60995,1275.0383,111.3101,3,42.6155,6.0371,28.4638,0.1519,7.9623,17.4904,0.779235,20.7784,20.349,15,1113.266,1,0.0
14.9568,91956,1375.3695,449.8225,5,18.8271,5.5945,28.4033,0.176,8.0022,20.2672,0.380329,13.2669,11.4157,54,1666.6234,1,0.228026
11.0695,164963,1826.0501,270.1406,4,79.1096,4.9382,28.8323,0.2447,7.9081,21.9713,0.274388,9.2412,7.2689,67,2632.4303,1,0.249259
16.0999,203869,3282.2652,405.539,5,94.1821,4.1294,29.5953,0.2757,7.8883,18.1156,0.690186,16.0999,16.0978,10,2618.7596,1,0.0
10.8608,177261,1925.2008,259.492,3,24.5235,4.2263,28.2171,0.2248,7.8669,17.0297,0.284323,9.0803,7.1503,62,2855.4452,1,0.241971
18.9542,129994,2463.9303,258.812,5,139.9161,5.2749,30.8777,0.2685,7.8309,21.433,0.773071,18.5141,17.8971,11,2035.9358,1,0.047405
9.435,93620,883.3011,190.3114,3,56.0353,6.7359,29.394,0.1009,7.8607,18.8398,0.127949,6.201,2.694,39,1944.6933,0,0.439387
17.323,197532,3421.8566,272.164,5,73.1546,5.7487,27.7601,0.1299,7.9693,19.8771,0.319426,14.9763,12.3164,19,3928.2476,0,0.309089
8.9273,77595,692.7166,99.7196,3,59.2378,5.7957,28.7156,0.2039,7.8819,19.4284,0.221179,6.999,4.9392,78,1323.7902,1,0.264605
5.32,100581,535.0868,113.4359,3,84.4378,6.644,28.1535,0.1131,7.8431,20.6617,0.087351,2.7011,1.5128,78,2153.5341,0,0.360326
14.9257,158177,2360.9061,277.928,5,74.3507,3.9965,30.8175,0.2464,7.8124,22.1106,0.392307,13.6886,12.1412,3,1927.8668,1,0.150265
21.8939,218671,4787.5559,335.8968,4,99.5204,6.4604,29.783,0.0938,7.5416,15.6403,0.492139,20.3396,18.5452,1,4643.2259,0,0.201902
7.4255,84630,628.4234,287.8323,3,105.9769,6.0034,27.366,0.1609,7.7505,18.8033,0.085628,3.8846,2.4666,46,1670.479,1,0.479571
11.5728,189385,2191.7082,289.798,5,21.1624,5.0508,29.0332,0.2662,7.7563,21.0994,0.25106,9.5991,7.3901,43,2724.8214,1,0.26232
13.7543,159126,2188.6733,393.7022,3,111.1519,6.3968,29.2075,0.1338,7.9349,22.0816,0.228,10.8933,7.754,27,3301.8156,0,0.385602
2.7671,155772,431.0418,227.7731,5,90.7791,5.9789,30.0554,0.2101,7.8293,20.3022,0.059342,0.9107,0.9107,94,2370.4318,1,0.281213
12.1162,124830,1512.466,270.1908,4,89.5697,7.1479,29.2345,0.1198,7.7711,21.2426,0.181008,8.8368,5.1823,33,2468.2216,0,0.437252
10.155,84585,858.9644,386.717,5,123.7569,6.1542,30.2872,0.1515,7.9774,17.0777,0.172582,7.5677,4.7579,57,1755.5469,0,0.35119
14.1776,170109,2411.7422,214.6797,5,48.0484,5.5356,29.9333,0.1405,7.7851,16.6407,0.244096,11.6681,8.8129,37,2887.4634,1,0.32959
17.0979,89735,1534.2782,449.6907,4,106.1892,4.1236,28.9896,0.2532,7.8052,20.809,0.65216,17.0979,17.0051,6,1343.2445,1,0.0
19.7292,134273,2649.0979,302.5976,4,93.8868,6.6536,29.6719,0.1872,7.7801,17.6894,0.54823,18.6999,17.44,21,2525.037,1,0.127471
11.7754,196112,2309.2974,378.2583,2,69.5522,6.3269,29.7491,0.0949,7.9208,17.8329,0.238278,9.4293,6.9186,41,4229.7988,0,0.321566
11.3117,60436,683.633,401.694,4,19.3485,5.3574,28.7389,0.2197,7.6437,18.4447,0.254461,9.3426,7.2137,65,1110.1235,1,0.268053
6.1832,115265,712.7112,88.5409,5,28.2344,6.2959,29.0377,0.1154,7.8122,20.8527,0.08051,3.2956,2.4406,60,2396.6466,0,0.396008
16.783,88795,1490.2485,410.0539,3,77.1952,6.3154,29.7592,0.1297,7.9522,22.631,0.367546,15.0103,12.983,35,1652.4419,1,0.231931
7.4759,143035,1069.3215,169.8865,4,102.7059,4.549,30.3241,0.2721,8.117,17.7282,0.158707,5.0771,2.4554,11,1242.2814,1,0.3242
19.8028,122450,2424.8573,335.8338,3,88.6218,5.4193,30.3189,0.2044,7.778,20.9396,0.74283,19.8028,19.7014,15,2097.5436,1,0.0
19.9197,77691,1547.5788,405.8548,2,87.6505,6.4328,26.9037,0.0757,7.7088,19.2848,0.553196,18.7141,17.3081,18,1602.8689,0,0.155367
16.2038,164072,2658.5908,188.1919,2,106.4884,7.0726,29.3258,0.0864,7.897,17.551,0.37594,14.4827,12.5801,37,3453.1813,0,0.230769
15.6704,133825,2097.0932,211.972,5,110.8492,5.3488,29.989,0.1515,8.0521,18.6491,0.324558,13.6651,11.4209,40,2609.5632,0,0.266546
8.9098,81427,725.495,87.7218,5,121.6851,4.7913,29.9639,0.3106,7.6871,24.259,0.297718,7.6172,6.2186,13,758.937,1,0.175872
3.5642,57602,205.3028,226.0705,4,119.7573,5.643,27.137,0.1581,7.6052,16.6066,0.041979,1.8402,1.8402,72,1228.4053,0,0.374551
14.9026,167676,2498.8097,89.2276,3,28.702,5.3909,29.1726,0.154,7.9566,19.0545,0.356889,13.2457,11.4099,48,3047.6586,1,0.22182
2.6225,53181,139.4697,390.4753,5,55.196,4.4906,29.7784,0.2886,7.9348,22.1755,0.045541,2.0271,2.0271,6,179.0685,1,0.232469
9.5415,53442,509.9172,225.5784,5,70.6808,5.7592,29.2106,0.1963,7.5016,19.4496,0.218023,7.3894,5.0769,71,984.2661,1,0.294171
20.6637,90012,1859.9766,309.6417,2,96.8917,6.354,29.4202,0.1321,7.7395,18.5129,0.505586,19.3576,17.7914,10,1876.6089,0,0.16459
16.1505,173013,2794.2531,227.4321,5,120.8528,4.9752,29.0782,0.21,7.7189,21.4162,0.519955,15.1126,13.9138,32,2696.1158,1,0.134788
12.4469,154517,1923.2555,354.6453,5,84.686,4.4333,30.4043,0.2492,7.8164,17.411,0.40857,11.2835,9.9709,5,1650.0991,1,0.153751
11.0477,127007,1403.1377,204.894,5,54.1721,6.7443,30.3802,0.1188,7.8436,22.8074,0.196509,8.3444,5.3811,51,2687.7132,0,0.364591
22.5136,54222,1220.7326,391.7943,4,74.1668,6.6944,27.2047,0.1624,7.9227,17.4334,0.753025,22.5136,22.3204,0,1085.1985,0,0.0
13.5524,218082,2955.5431,84.8143,5,108.0843,7.9176,29.3238,0.0885,7.7749,23.6152,0.211291,10.5978,7.3176,29,4276.0825,0,0.394985
24.0071,62486,1500.1078,244.7322,5,70.0678,6.9249,27.8465,0.0416,7.9053,19.513,0.699225,23.9512,23.4708,0,1320.2135,0,0.0
18.4271,159354,2936.431,122.382,2,67.6513,6.0722,29.9503,0.1613,7.8852,18.83,0.339675,16.4297,14.0845,20,3093.8979,0,0.256081
15.8408,144622,2290.9283,150.8293,5,54.7693,4.5156,29.8889,0.3206,7.9179,18.2152,0.785741,15.8408,15.8342,13,1986.7776,1,0.0
20.6805,214093,4427.5532,331.1876,2,54.4552,6.5786,28.3953,0.1132,7.8301,17.6317,0.542721,19.6631,18.3519,16,4192.3035,1,0.120144
15.9894,118248,1890.7176,339.7468,4,97.7262,4.161,28.8755,0.3113,7.9613,22.5846,0.480523,15.1701,14.0512,9,1568.5091,1,0.090988
16.8073,189959,3192.6907,416.1731,2,140.2679,4.361,28.5127,0.2667,8.017,19.4427,0.770891,16.5755,16.1502,2,2865.4786,1,0.014776
11.7119,132285,1549.3083,307.7502,3,49.9502,5.6743,28.6476,0.2069,7.7512,15.6533,0.24725,9.4504,6.9942,55,2604.0705,0,0.306937
7.7016,69510,535.3359,275.459,4,81.0498,4.9401,29.6584,0.2165,7.9279,21.9515,0.14435,5.3108,2.7049,58,1027.8518,1,0.32371
13.2923,183183,2434.9312,219.722,5,70.5348,6.3881,28.9325,0.147,7.8142,21.4506,0.293366,11.3069,9.1442,54,3631.5822,0,0.268937
13.314,215577,2870.1987,354.6456,4,132.8297,3.5636,30.2637,0.2696,7.864,20.8206,0.54447,12.4447,11.456,10,2602.7214,1,0.114217
9.4234,102240,963.452,311.478,4,119.5027,3.9328,29.0273,0.3053,8.0155,20.5113,0.201867,7.2553,4.8321,9,1039.3468,1,0.288467
15.3865,67189,1033.8037,385.6604,2,64.2245,4.6934,28.6529,0.2036,7.6647,21.0703,0.392531,13.907,12.1688,28,962.0807,1,0.189578
7.3194,178985,1310.0685,322.6409,2,90.7778,6.2064,28.83,0.1621,7.8458,20.9308,0.115891,4.3212,1.2927,59,3090.5302,1,0.406151
15.6206,143009,2233.8876,411.21,2,101.0066,4.9135,28.5167,0.2277,7.6169,19.4111,0.537009,14.6666,13.563,6,1878.476,1,0.123748
23.4683,89171,2092.6904,417.4937,2,84.0624,7.4324,28.1643,0.0462,7.5874,20.3457,0.667018,22.7905,21.8581,0,1847.5936,0,0.074663
7.6951,72046,554.3985,289.0667,5,66.7008,5.4101,29.7126,0.1851,7.7697,18.4283,0.166597,5.5726,3.3091,80,1253.5729,1,0.291565
20.9174,117459,2456.9353,445.3927,2,58.9272,5.6302,29.2843,0.2164,7.8179,21.1337,0.766296,20.5323,19.9297,15,2124.639,1,0.035439
20.669,136681,2825.0649,257.2531,3,97.791,7.4767,28.5165,0.0714,7.9904,18.0714,0.45545,18.9039,16.8992,7,2867.3498,0,0.232133
19.2543,74102,1426.7814,403.0466,5,55.4108,6.9273,30.1427,0.0865,7.7839,19.4724,0.333347,17.1063,14.5724,13,1550.8244,0,0.274361
17.3551,161051,2795.0595,387.7737,4,124.45,4.492,29.697,0.2822,7.5995,18.9706,0.562256,16.6032,15.5923,15,2380.6941,1,0.084981
7.0056,192915,1351.4933,134.9483,3,49.1554,5.0863,29.4897,0.2492,7.7402,19.7165,0.144861,4.839,2.485,61,2736.9211,1,0.293978
11.316,92577,1047.6003,296.519,2,140.6009,4.8573,29.0322,0.2791,8.0293,21.2107,0.367673,10.0927,8.7349,9,979.2585,1,0.163566
21.2533,212720,4520.9973,255.0862,3,72.6861,6.7205,29.1923,0.1166,8.1171,22.1302,0.558959,20.0151,18.5687,5,4277.0548,0,0.159367
5.7489,48870,280.9504,407.5505,3,119.7124,6.6863,29.1578,0.0796,7.5376,18.5783,0.073862,2.4202,1.5189,48,1037.3485,0,0.456696
4.8783,101264,494.0005,134.338,3,58.643,5.0287,30.0026,0.2916,7.7958,18.4864,0.101917,2.6415,1.2754,6,565.7676,1,0.307144
4.4543,157966,703.6203,332.9198,5,92.0847,6.7161,30.0275,0.1263,7.8972,19.5221,0.042693,2.1541,2.1541,54,3069.8352,0,0.482173
16.2421,127781,2075.4279,259.2987,3,120.5937,4.5215,29.5907,0.2422,8.0523,18.6342,0.704896,16.2339,15.985,6,1738.8494,1,0.0
15.8217,179806,2844.828,109.7856,2,121.3165,4.9204,30.2543,0.2873,7.7701,18.9152,0.461431,14.7791,13.474,5,2598.5951,1,0.126554
9.0807,129030,1171.6863,207.3622,5,60.997,4.7917,28.0655,0.2211,7.9044,22.178,0.202766,7.1402,5.0385,63,1923.0684,1,0.263855
17.8736,160122,2861.9633,194.6555,5,31.3992,4.6866,28.5114,0.2093,8.0822,17.5592,0.673141,17.8736,17.7873,1,2237.0245,1,0.0
16.037,215760,3460.1369,185.8778,5,16.4152,6.4993,28.1305,0.102,7.7032,18.5542,0.293509,13.6095,10.8968,24,4577.4818,0,0.323021
13.8832,158458,2199.8968,153.1947,5,120.8699,4.3688,30.3838,0.2051,7.6611,17.3541,0.322715,12.0018,9.8748,39,2476.6527,1,0.248236
7.3158,152545,1115.982,393.4439,5,104.6202,4.9449,30.5186,0.2128,7.8099,22.6852,0.17529,5.3282,3.1877,69,2208.4645,1,0.27129
15.3964,135959,2093.2852,303.3375,5,29.4197,5.1469,28.5519,0.2445,7.7179,23.9489,0.318451,13.4381,11.1278,28,2092.2529,1,0.250102
9.8114,146903,1441.3224,344.6718,5,26.4049,5.3851,28.8328,0.2145,7.8029,17.7192,0.231337,7.9012,5.8354,65,2447.6553,1,0.260011
22.7952,100661,2294.5894,348.4846,5,110.7938,5.915,30.3284,0.1317,7.8308,20.5071,0.569238,22.4271,21.5602,0,2188.1331,0,0.001311
9.0725,219122,1987.9854,276.6641,4,121.7053,5.6733,28.6239,0.1304,8.0917,21.6572,0.126758,5.5806,1.7335,44,4558.6131,0,0.469327
9.9592,136037,1354.8249,335.2212,4,91.2717,4.15,29.6286,0.2651,7.8522,20.6443,0.322414,8.575,7.0787,15,1396.7378,1,0.188479
11.7842,167645,1975.5667,136.9277,2,71.9896,5.2756,28.2854,0.1876,7.7953,20.5649,0.24416,9.5054,6.9953,51,2987.1038,1,0.306331
4.1294,45360,187.3105,320.3345,5,125.7947,6.3444,28.1666,0.1514,7.766,20.794,0.07502,1.5105,0.8465,75,901.7476,0,0.361853
7.8563,171191,1344.9214,404.0655,4,100.0625,5.4564,27.6395,0.2381,7.824,20.7794,0.176088,5.6257,3.1997,60,2653.254,1,0.302466
17.377,74657,1297.3145,98.9778,3,114.4663,5.6768,28.8355,0.2002,8.0475,18.6603,0.374497,15.5974,13.5186,30,1421.7939,1,0.229075
10.6896,178672,1909.9278,411.1018,2,120.1562,6.7356,28.3905,0.0492,7.8842,18.6432,0.165696,7.8038,4.66,41,3703.38,1,0.39086
14.9497,218711,3269.6598,163.4223,4,62.4645,4.7854,30.6958,0.2649,7.8759,16.0114,0.395132,13.5181,11.8661,14,3023.7507,1,0.186009
22.339,112954,2523.2801,293.8619,4,16.7043,6.3445,26.1281,0.1177,7.9702,19.6106,0.684861,22.2356,21.7346,0,2284.0399,0,0.0
3.8138,114601,437.0634,277.9157,5,114.8389,5.8683,29.7194,0.128,7.757,20.551,0.053282,0.7949,0.7949,59,2354.8701,0,0.471107
12.6259,51506,650.3081,238.9468,5,103.8714,7.0614,29.2357,0.0748,7.902,20.3692,0.258772,10.3002,7.7788,41,1010.7389,0,0.316039
16.6873,70272,1172.6466,138.3546,5,103.5951,4.2707,27.8433,0.2914,7.8395,19.1419,0.612997,16.2007,15.4603,15,1044.3819,1,0.046846
12.923,157121,2030.4757,389.3848,2,106.871,4.6851,29.3061,0.2564,7.7935,18.4668,0.329725,11.338,9.4738,24,2031.9056,1,0.202929
19.0269,119037,2264.9048,390.6203,3,63.8929,6.1113,29.3051,0.1334,7.8572,23.8085,0.489728,17.6482,16.0316,29,2222.7898,1,0.176928
17.9698,79209,1423.3708,348.7244,3,92.6823,7.0255,28.2113,0.1014,7.7869,16.1384,0.482442,16.5797,15.0294,31,1570.6892,0,0.18523
7.7317,75905,586.8754,140.4355,4,93.6437,4.5645,29.1647,0.2766,7.801,15.4145,0.1488,5.2627,2.5369,1,501.3727,1,0.331381
10.0191,75059,752.0201,205.2057,3,41.285,4.4365,30.779,0.2559,7.9512,19.9859,0.260118,8.3234,6.4822,5,722.9444,1,0.230166
19.9746,125339,2503.5961,121.7867,3,119.8744,5.1061,31.4881,0.2039,7.6946,21.0702,0.720458,19.5993,18.9717,15,2162.9927,1,0.030461
9.916,186160,1845.9583,305.4816,4,44.667,6.2035,30.0202,0.1683,7.7117,17.7195,0.197084,7.7189,5.3642,65,3625.9704,0,0.300827
14.0582,45993,646.5804,81.657,5,117.6315,5.3431,30.9191,0.1807,7.9051,19.5831,0.288512,11.9863,9.6578,41,764.9222,1,0.274605
12.0341,92053,1107.7704,172.3566,4,130.8791,5.0765,28.9947,0.1771,7.9321,22.4219,0.265149,10.0916,7.9505,51,1510.5745,1,0.260988
15.6487,185498,2902.8047,315.0018,4,130.4311,4.7391,28.5944,0.2796,7.742,22.0732,0.467924,14.5597,13.2489,1,2400.4439,1,0.136811
14.9525,201860,3018.3168,267.7381,4,124.1324,6.4379,29.5427,0.1488,7.78,18.1677,0.307982,12.9008,10.6542,35,4252.3506,0,0.276912
22.5664,172132,3884.401,163.2208,5,84.3434,6.7807,27.024,0.1091,7.8406,18.5615,0.637857,22.2347,21.4789,0,3532.8362,0,0.00296
17.0959,184104,3147.4232,95.9139,2,60.1774,4.5325,30.2067,0.2838,7.9016,18.6806,0.672508,16.4548,15.6586,19,2685.0695,1,0.078384
12.1631,51963,632.0324,105.5986,2,29.1384,5.8479,28.9062,0.2039,7.8287,19.2121,0.253024,10.0441,7.7145,52,890.5886,1,0.285211
12.8484,147622,1896.7015,87.3065,4,46.9767,5.5384,29.5642,0.2004,7.7473,19.9002,0.320606,11.0251,9.043,60,2548.2426,1,0.247292
16.2611,81400,1323.6554,343.7883,5,51.7004,5.1722,27.5401,0.2244,7.8134,22.5445,0.324245,14.3801,12.1741,29,1404.7174,1,0.241374
22.0647,60428,1333.3246,349.3378,5,76.7034,6.5186,30.4295,0.1367,7.8387,20.1991,0.480347,20.8996,19.2951,0,1178.5118,0,0.128166
21.1946,68028,1441.8229,249.3962,2,91.6047,6.5654,31.1512,0.1168,7.8715,19.0664,0.527278,19.7988,18.1901,5,1330.1618,0,0.181534
8.8715,176495,1565.7672,308.0446,4,27.1696,7.1994,29.332,0.106,7.9024,18.7336,0.13329,5.4991,1.8742,36,3571.9593,0,0.460872
18.1637,77706,1411.4284,82.5516,3,57.3234,4.6544,30.1827,0.2553,7.8236,21.3151,0.757,18.1637,18.0493,1,1177.3578,1,0.0
16.939,67457,1142.6527,363.328,3,100.7208,7.8534,28.4731,0.0592,7.7113,18.0948,0.260251,14.1485,11.0467,16,1372.4184,0,0.372705
18.9748,151952,2883.2612,266.8755,3,116.9853,6.0782,29.0844,0.2094,7.7588,23.4052,0.427907,17.7367,16.1205,15,2721.4791,1,0.144337
19.1524,173271,3318.5592,204.1095,4,91.0133,5.5783,28.5428,0.1867,7.6071,21.387,0.48209,17.8561,16.3124,25,3287.5471,1,0.164309
25.1563,191973,4829.3374,410.8671,2,110.4553,6.5383,27.7768,0.0619,7.8117,17.2307,0.627106,24.7937,23.9418,0,4267.9393,0,0.001407
20.0296,135414,2712.2928,325.392,5,69.088,5.4019,29.672,0.1933,7.7093,20.1075,0.565796,18.906,17.585,20,2647.9233,0,0.143899
5.2201,107206,559.6246,293.2433,2,83.0259,5.143,30.4633,0.2032,7.7854,19.9568,0.082023,2.8244,2.2925,76,1782.3491,1,0.328342
13.5418,163861,2218.9655,221.1017,5,23.6644,5.3288,30.3917,0.1813,8.041,19.3337,0.332198,11.7293,9.7503,57,3048.5243,1,0.245109
15.5928,159660,2489.5484,430.0579,5,67.0244,4.7389,29.7722,0.2621,7.7011,19.9388,0.62358,14.8329,13.9355,3,2149.2805,1,0.096974
17.0112,46502,791.0531,344.9223,4,19.2931,5.1645,28.0715,0.2223,7.7627,18.1777,0.450603,15.8581,14.438,20,725.1373,1,0.142033
24.5874,51239,1259.8346,443.9093,4,109.7279,6.6288,29.2657,0.0521,7.9913,18.0017,0.550749,23.1772,21.4945,0,1225.5831,0,0.178453
7.1584,156246,1118.4772,432.4353,2,62.7755,6.6214,28.9399,0.0904,7.9254,20.1017,0.085625,3.4606,1.6904,44,3073.3963,0,0.500565
10.8893,93839,1021.8447,388.4038,2,137.858,4.4699,29.5857,0.2637,7.8558,22.0596,0.274538,9.007,6.953,4,934.7961,1,0.254678
14.0883,161343,2273.0494,128.9408,3,90.4739,5.2748,29.9037,0.1884,7.6873,20.9613,0.411947,12.667,11.0743,42,2438.3027,1,0.188748
16.2294,80591,1307.9438,374.042,2,129.9643,4.3052,30.724,0.3044,7.6494,18.1162,0.722061,16.0736,15.6789,11,1158.3599,1,0.0
4.5172,203659,919.9586,380.7145,5,16.0209,7.2501,28.5376,0.0587,7.9012,21.2089,0.043017,1.5359,1.5359,47,4269.3814,1,0.555311
22.2512,53395,1188.1006,162.6525,4,99.8007,5.8483,29.6893,0.1177,7.851,18.374,0.646646,21.6963,20.8302,0,1129.4193,0,0.051253
8.1206,91999,747.0837,319.8271,2,33.8917,7.4149,29.2835,0.0789,7.8288,20.1619,0.13552,5.3288,2.3454,50,1868.8432,0,0.383001
15.6554,88780,1389.888,441.8376,3,119.2607,5.6306,28.4666,0.2019,7.7882,17.9782,0.324082,13.7209,11.4971,34,1575.9474,1,0.252129
19.09,98140,1873.4968,162.8273,3,90.9988,6.2507,28.6055,0.1541,7.9978,21.4418,0.496534,17.8472,16.3515,24,1827.5872,1,0.156172
3.1762,137509,436.7505,160.5923,4,40.6449,4.0764,31.1679,0.2633,7.8706,18.9117,0.069413,1.3177,1.3177,2,426.3434,1,0.267728
23.6504,215887,5105.811,435.1491,2,97.2901,6.9131,26.7094,0.1235,7.8901,20.3588,0.638795,22.8549,21.7839,0,4710.8759,0,0.089759
6.8769,67651,465.2301,216.7223,5,53.0646,6.8704,28.9096,0.0807,7.7642,18.6269,0.069374,2.4639,1.5938,34,1340.1362,0,0.596836
20.6853,141343,2923.7186,151.6463,3,105.1108,4.9499,29.003,0.2156,7.758,16.1667,0.72908,20.4867,19.9736,15,2468.4518,1,0.0
12.7663,77078,984.0043,285.6804,3,127.0671,3.5,29.0477,0.3002,7.9938,21.6145,0.434048,11.5516,10.2133,3,827.823,1,0.163253
4.8244,135232,652.4192,363.1046,3,117.2201,5.3798,27.7983,0.1246,7.962,20.2701,0.073502,2.5212,2.116,92,2374.8804,1,0.317962
17.6963,136153,2409.4024,192.5982,5,96.8419,6.7704,27.7561,0.0933,7.7071,20.7334,0.496301,16.386,14.9274,39,2849.1057,0,0.174823
9.3089,122574,1141.0301,238.2871,5,127.2626,4.7892,28.7791,0.3036,7.7234,17.0807,0.206598,7.2041,4.8974,2,1015.428,1,0.28392
19.7442,92096,1818.3615,439.6761,5,50.1142,5.3123,27.8443,0.182,7.9324,20.4053,0.679388,18.9446,17.9758,22,1742.7549,1,0.099901
8.7017,184203,1602.8736,137.8178,4,93.808,5.8158,28.8723,0.1678,7.6447,19.8213,0.209587,6.6475,4.4392,70,3082.7557,1,0.280691
18.2664,131205,2396.6471,174.319,2,88.0857,5.171,29.3746,0.1981,7.9108,20.4171,0.563207,17.325,16.1577,19,2145.2807,1,0.115283
18.9849,159585,3029.6982,237.8519,3,65.8909,6.2385,29.4333,0.09,7.7282,15.8966,0.482795,17.4147,15.6581,18,3194.759,0,0.208756
12.782,198662,2539.2993,368.4355,3,60.4853,7.4175,28.6335,0.0875,7.9079,20.5568,0.237197,10.3227,7.6446,38,4011.4896,0,0.3332
8.7786,189364,1662.3431,85.1341,4,86.5281,5.5923,28.4598,0.2211,7.858,18.1782,0.20873,7.0144,5.1185,70,3001.4835,1,0.241126
13.6566,121655,1661.3936,202.7266,4,75.2676,5.2259,29.742,0.2082,7.8217,22.5045,0.378372,12.2374,10.671,50,1952.8715,1,0.190508
16.3017,180189,2937.3858,403.3054,3,118.4075,5.1915,31.8222,0.2322,7.8319,17.7717,0.537843,15.4319,14.3653,21,2480.6001,1,0.107547
15.3979,181191,2789.9578,163.1428,3,118.9793,5.435,30.3246,0.2535,7.7061,19.2809,0.583687,14.5576,13.5764,9,2449.5976,1,0.108201
21.9126,212602,4658.6553,315.4202,2,75.9421,7.285,27.3239,0.1214,7.9786,18.2247,0.615156,20.7485,19.3989,1,4339.5437,0,0.150722
16.6367,104741,1742.5414,230.4555,5,33.4047,6.5983,29.4322,0.1151,7.8257,20.4964,0.407397,14.8955,12.9806,30,2199.2453,0,0.234321
13.7001,65539,897.8921,237.3099,2,67.8915,4.8109,28.8968,0.2036,8.0136,21.3976,0.437322,12.488,11.1501,49,1001.3356,1,0.162706
16.7537,126277,2115.6013,440.2526,3,31.4839,4.7988,29.4829,0.2023,8.0231,18.7395,0.433707,15.2384,13.5307,40,2212.7538,1,0.200393
12.2836,144886,1779.7271,250.294,3,59.9506,4.4336,28.8401,0.2907,7.756,18.1569,0.371637,10.9688,9.5086,8,1696.1183,1,0.175733
11.2066,77495,868.455,146.871,2,82.7425,5.7642,27.647,0.204,7.875,21.717,0.214457,8.6565,5.8473,51,1439.9037,1,0.34277
19.4907,65469,1276.0361,115.9607,5,126.9649,4.6967,27.8915,0.1887,7.6731,17.6915,0.754157,19.4907,19.4693,15,1026.7417,1,0.0
13.6005,75595,1028.1306,351.1252,2,27.3049,6.7709,26.9083,0.1377,8.0347,19.7527,0.250711,11.0992,8.311,45,1394.5478,1,0.333428
24.0424,123575,2971.0452,95.643,2,90.0283,6.4465,28.1215,0.0588,7.6381,18.3155,0.662113,23.9032,23.2965,0,2757.1563,0,0.0
11.4604,114308,1310.0147,254.2067,3,61.38,7.1628,27.8874,0.0621,7.9615,21.1249,0.188799,8.7686,5.8546,39,2335.4835,0,0.366132
16.1373,68150,1099.7554,232.6289,5,111.9896,4.5689,30.6689,0.2773,7.9215,19.4472,0.581184,15.2301,14.1711,5,897.3012,1,0.116835
15.9787,150358,2402.5323,258.8265,3,25.5289,4.372,30.4765,0.2879,8.0475,19.5629,0.689502,15.3502,14.5866,5,2199.6243,1,0.078351
17.4843,45451,794.6805,326.5948,4,89.7091,5.4728,27.6428,0.1678,7.9614,20.4883,0.393768,15.8285,13.8687,27,839.8463,1,0.210921
24.6362,196275,4835.4756,200.8903,4,107.6638,6.9587,28.7441,0.0748,7.9531,20.4895,0.782378,24.6362,24.5074,0,4507.0551,0,0.0
24.8799,173689,4321.3657,119.8576,4,44.7506,6.5905,29.6945,0.1066,7.8442,21.2786,0.718714,24.3191,23.4678,0,3946.4324,0,0.054184
20.5168,196249,4026.4093,166.929,4,23.9817,6.1391,29.6803,0.2058,7.8362,20.1897,0.6106,19.6451,18.5521,18,3680.9839,1,0.105655
16.8029,144753,2432.2759,90.0994,2,68.9382,4.7816,29.0314,0.2687,7.8561,19.561,0.705672,16.8029,16.6002,15,2003.327,1,0.0
25.3859,159663,4053.1944,411.098,5,38.3899,6.9362,28.8716,0.1118,7.9481,16.1342,0.586291,25.0893,24.1815,0,3590.6525,0,0.0
12.0075,213915,2568.5941,355.657,4,99.9485,4.2128,29.7053,0.2187,7.9388,23.0989,0.292743,10.324,8.454,46,3307.8677,1,0.225001
15.9517,107348,1712.3844,446.579,5,89.8415,4.8091,29.6584,0.2785,7.9461,21.3324,0.557993,15.1594,14.1825,3,1464.0893,1,0.097484
15.4218,86028,1326.7105,318.2603,2,105.3951,4.1904,28.8202,0.2723,7.6962,18.8557,0.545829,14.5133,13.4562,4,1214.4078,1,0.117303
23.7441,70270,1668.4955,85.1837,3,52.5645,6.6953,28.7153,0.1298,7.7587,22.729,0.727069,22.9572,21.9627,0,1620.3834,0,0.094658
16.6469,59445,989.5747,99.1449,5,86.7265,4.8936,29.5611,0.2442,7.7721,20.4021,0.498221,15.4876,14.1414,31,958.4657,1,0.149917
10.2752,92915,954.7156,198.1854,2,79.8321,6.0048,28.3244,0.1875,7.8726,19.6397,0.230673,8.1638,5.8626,58,1511.8216,1,0.285868
4.6818,179917,842.3278,354.1788,3,85.5029,6.9325,28.9062,0.0528,7.744,17.3224,0.066778,1.7547,1.3339,59,3691.7064,0,0.403913
8.7069,72189,628.545,435.5485,5,22.8316,6.1081,28.6459,0.1435,7.7432,19.8752,0.165727,6.3197,3.7739,59,1545.4153,1,0.327925
21.6888,85981,1864.823,172.6833,2,79.5661,7.0581,28.9768,0.0894,7.9356,18.0622,0.447115,20.1339,18.2018,2,1811.3292,0,0.190019
9.5225,58477,556.8489,140.9379,3,40.9719,6.5642,28.9352,0.101,7.8227,20.3978,0.129939,6.174,2.5076,40,1225.7336,0,0.451975
11.2803,217259,2450.7524,151.0989,4,30.4631,4.3345,30.2177,0.2699,7.6847,19.1364,0.318176,9.8305,8.2155,9,2503.2617,1,0.193365
25.9814,57020,1481.4596,281.0581,5,31.0869,6.8372,29.5396,0.0896,7.7395,19.6893,0.625692,25.1536,24.0057,0,1444.8119,0,0.090316
13.7126,174702,2395.6248,414.914,2,65.0139,4.8234,30.9233,0.2699,8.0795,17.7814,0.346807,12.2455,10.5129,19,2338.7412,1,0.187221
17.062,130862,2232.7692,358.7982,3,27.1055,7.1143,29.6021,0.0957,7.784,19.3093,0.385884,15.2159,13.1931,25,2654.5897,0,0.249055
8.775,94295,827.4367,191.876,4,40.4987,5.0181,29.7234,0.2558,7.9118,20.9141,0.205677,6.8931,4.8346,13,928.1144,1,0.254185
12.7492,121306,1546.557,368.517,2,25.7367,3.7943,28.3158,0.2941,7.7781,18.2218,0.341293,11.2395,9.543,12,1418.8801,1,0.200108
22.7743,199762,4549.4372,371.6566,5,101.4883,7.4861,28.1627,0.0805,7.8926,20.2084,0.372436,20.4709,17.7221,0,4446.1821,0,0.291458
20.8299,201623,4199.7776,431.4978,5,123.6986,6.7773,28.3992,0.0747,7.7801,20.108,0.424916,19.3193,17.4536,8,4248.7023,0,0.185597
17.3359,56889,986.2214,120.6788,4,77.8014,5.0829,28.5065,0.2248,7.8283,18.2454,0.699904,16.9131,16.2868,15,855.0273,1,0.042334
20.7498,171682,3562.371,191.8648,4,95.4573,6.6113,28.412,0.1379,7.9424,20.9991,0.372037,18.7173,16.3006,6,3631.6642,0,0.257936
16.2272,215608,3498.7133,392.6536,4,93.5379,5.7924,28.439,0.2485,7.8187,19.4644,0.455234,15.0208,13.6055,28,3236.4491,1,0.154772
21.3544,95153,2031.9308,279.3312,5,109.2585,5.4246,29.902,0.182,7.7992,16.1412,0.540926,20.8238,19.8318,15,1786.8009,1,0.031781
6.6988,147921,990.8886,242.1171,4,56.1995,7.2879,28.0458,0.1023,7.9098,18.0022,0.086713,3.2933,1.6233,60,2671.9533,1,0.461566
19.4955,82383,1606.0991,203.9954,4,52.115,7.0525,27.4783,0.0729,7.9779,20.6221,0.517174,18.1556,16.6409,18,1681.3965,0,0.176814
19.6033,81832,1604.174,446.6747,2,72.1959,5.7263,29.8795,0.1706,7.7805,18.6026,0.581054,18.5632,17.3393,27,1451.9162,1,0.133111
17.5824,182920,3216.1691,418.5885,3,57.5913,4.6095,28.8407,0.2355,7.8702,21.8074,0.762821,17.1453,16.5411,15,2767.9507,1,0.047878
3.6953,211943,783.1946,404.167,2,96.366,6.4886,29.4249,0.1275,7.7478,22.6673,0.0439,0.8416,0.8416,61,3972.4332,1,0.535875
10.8717,79147,860.4608,146.3683,4,101.8779,6.6269,29.0032,0.1776,7.7406,18.8881,0.215571,8.6026,6.122,56,1373.782,1,0.306598
24.8149,106466,2641.9478,160.4457,4,77.6633,5.8382,30.8422,0.0797,7.755,19.8017,0.716084,24.8149,24.5172,0,2394.7637,0,0.0
23.7889,77637,1846.9008,389.5076,2,88.7203,6.5278,28.6265,0.053,8.1286,18.7245,0.549723,22.4093,20.7946,0,1778.6202,0,0.177331
23.0358,82064,1890.4088,412.5647,3,19.9488,6.1962,28.3272,0.1559,8.0217,19.0564,0.709597,22.6147,21.8958,0,1819.8603,0,0.032633
15.5289,130161,2021.2514,188.4312,5,20.34,5.1457,27.462,0.2021,7.6573,17.025,0.359252,13.927,12.0667,31,2122.8687,1,0.207132
20.3363,56154,1141.9656,156.4467,4,36.5774,5.4858,30.5425,0.1576,7.7901,19.8998,0.542426,19.3767,18.1441,16,1073.3519,1,0.113672
22.7252,155106,3524.8113,177.6601,5,75.0214,6.6345,28.709,0.0906,7.9924,22.8584,0.665372,22.7252,22.5301,0,3246.2672,0,0.0
6.8829,147895,1017.9536,253.4666,3,31.6885,5.2682,29.0102,0.2115,7.7818,19.3229,0.111017,4.3069,2.3765,56,2344.764,1,0.348135
17.8471,158609,2830.7136,215.695,4,27.2544,5.0119,29.0693,0.243,7.9826,16.9774,0.663613,17.255,16.4588,15,2454.6053,1,0.066923
23.3858,117371,2744.8092,385.9746,3,41.2888,6.9926,26.716,0.1073,7.8107,21.1885,0.691821,22.6676,21.7037,0,2539.2514,0,0.081307
9.1864,204497,1878.5947,198.4836,5,110.0688,4.264,31.314,0.3093,7.6949,22.3085,0.28579,7.7319,6.152,6,1797.0521,1,0.197402
9.523,70520,671.5636,405.7251,3,122.1998,6.1675,28.1567,0.1499,7.8332,21.0603,0.168008,6.7258,3.6778,59,1284.1261,1,0.37881
16.3114,108707,1773.1648,272.6973,3,72.5302,4.1551,29.721,0.2609,7.8569,19.7677,0.653672,16.2393,15.8458,1,1504.0242,1,0.0
15.7048,190810,2996.6295,293.2321,5,67.1206,5.9211,28.6891,0.2237,7.8845,19.2109,0.399818,14.3764,12.7985,26,2821.983,1,0.168711
18.1356,166086,3012.0685,323.835,2,47.7817,6.272,29.0431,0.1499,7.7221,18.1756,0.402664,16.2374,14.1111,19,3546.9424,0,0.252163
21.4332,189870,4069.5129,164.2377,3,85.5438,6.8224,29.0581,0.1404,7.7789,20.3884,0.642959,20.7472,19.793,15,3624.5138,1,0.074571
21.9348,114163,2504.1374,292.4199,3,31.7932,6.538,27.4196,0.1427,7.9142,19.8011,0.697193,21.13,20.1451,1,2291.4795,0,0.099686
16.6298,132706,2206.8782,298.1241,2,90.9079,4.6177,31.2303,0.2692,7.8089,20.3966,0.719249,16.6298,16.6298,15,1825.6808,1,0.0
15.0718,85699,1291.6402,129.5246,5,36.9394,5.7071,30.8288,0.1681,7.9541,19.8878,0.296135,12.88,10.3482,32,1542.617,1,0.284597
8.7802,122453,1075.1564,213.7519,2,96.74,6.3272,27.4961,0.1395,7.9592,24.2705,0.13788,5.7022,2.3203,53,2171.6495,1,0.41445
14.8128,119566,1771.1092,346.9735,4,113.0781,6.3101,28.6752,0.1888,7.6089,20.417,0.358229,13.1285,11.2837,55,2183.5375,1,0.227289
10.5262,124358,1309.0119,151.5242,2,91.4518,4.8559,29.0113,0.279,7.99,18.2255,0.247316,8.667,6.5786,1,1117.0172,1,0.24648
18.181,199392,3625.1511,401.9425,4,62.0983,4.3418,27.7664,0.2429,8.07,21.7973,0.623126,17.7049,16.968,3,3167.8656,1,0.044627
12.7029,165099,2097.238,393.5921,3,74.7394,4.5323,30.9959,0.2773,7.6576,18.4074,0.346146,11.2524,9.612,1,1776.1708,1,0.191355
13.5366,70396,952.9211,397.403,4,33.6757,4.9485,30.6318,0.2317,7.8683,20.9183,0.49699,12.4984,11.331,10,830.5264,1,0.137534
4.4042,81013,356.7934,142.2679,2,18.182,6.5896,27.1485,0.0907,7.7838,22.1035,0.065108,1.1421,0.7975,60,1630.5962,0,0.446921
17.8711,214095,3826.1102,410.7151,5,40.7552,6.5657,29.4284,0.0875,7.5589,15.94,0.354088,15.9603,13.779,23,4544.8234,0,0.250338
18.4794,97971,1810.4407,259.3629,5,84.6647,4.2227,30.8455,0.2394,7.9181,19.5914,0.662325,18.4284,18.0285,15,1480.5401,1,0.0
20.4175,63686,1300.3084,191.9019,3,105.475,4.9345,29.3701,0.2257,7.7349,19.2668,0.776744,20.285,19.8632,15,1051.6138,1,0.0
9.7478,46898,457.1533,180.9007,3,65.3202,7.035,28.5173,0.1282,7.7346,20.889,0.118439,6.1771,2.3492,33,911.9451,0,0.483766
5.7936,63903,370.2262,372.0909,4,115.3599,6.2824,29.1326,0.1862,7.7904,20.054,0.100337,3.523,2.1793,85,1144.1982,1,0.312552
16.5943,177284,2941.9123,119.1142,5,122.6763,5.487,30.1931,0.2169,7.8166,19.5218,0.487227,15.5563,14.2961,22,2776.5144,1,0.129472
22.6959,105291,2389.6753,404.4983,5,126.3592,6.1795,28.9247,0.1465,7.7911,21.2251,0.743671,22.1081,21.3045,0,2180.8664,1,0.065186
18.4882,192944,3567.1921,256.4036,4,56.8535,5.2331,29.4366,0.1765,7.7428,18.6491,0.571168,17.7146,16.6731,15,3124.6117,1,0.08732
10.9964,158107,1738.6061,139.3716,3,37.4177,6.5059,29.2801,0.1482,8.0204,22.2396,0.235166,8.7186,6.243,61,3035.3294,1,0.309012
14.9002,153078,2280.8853,119.9864,5,126.8567,4.8412,29.8491,0.2747,7.7939,17.1674,0.386849,13.5449,11.9247,16,2116.6844,1,0.171234
10.3657,144421,1497.021,307.6741,3,88.7547,4.9379,31.6505,0.1642,7.6818,20.7349,0.182476,7.8666,5.0979,48,2395.7282,1,0.334571
19.3159,167641,3238.1397,364.4305,4,126.3969,4.8841,28.7042,0.2399,7.9643,21.8212,0.555929,18.6467,17.6585,15,2588.7589,1,0.067321
20.7304,69955,1450.1952,432.969,4,71.7043,6.7007,27.4714,0.1188,7.7857,18.6735,0.724672,20.1307,19.3447,15,1209.9967,1,0.069605
19.1435,125829,2408.8069,220.7331,3,22.2129,6.0359,30.847,0.1649,7.8776,21.4509,0.465294,18.1717,16.8147,15,2116.146,1,0.105169
18.4891,153755,2842.7859,184.6898,5,34.9088,6.3863,28.8853,0.1252,7.7425,21.794,0.497412,17.1271,15.6063,26,3256.8307,0,0.181347
4.6386,147818,685.6756,384.4824,2,96.7281,6.1673,27.4418,0.0862,7.7895,19.5741,0.072983,2.0038,1.3755,70,2946.3118,1,0.364044
22.402,109775,2459.1742,126.8228,5,69.1943,7.4768,27.5354,0.0545,7.9056,21.7394,0.577881,21.8929,20.9628,0,2334.7952,1,0.032918
20.6708,81878,1692.4801,429.1006,4,114.1724,6.4889,28.0662,0.12,7.8894,18.7043,0.568352,19.658,18.4223,15,1742.7569,0,0.125779
16.1105,89568,1442.9884,397.3491,4,115.2339,4.9163,30.1075,0.2606,7.9937,17.1529,0.462757,14.8018,13.2918,32,1343.993,1,0.170103
15.74,170701,2686.8389,321.0211,2,138.5968,4.7359,27.6344,0.2842,7.9304,19.8374,0.785245,15.74,15.74,7,2385.5357,1,0.0
20.2177,163153,3298.5794,324.7243,2,81.7174,5.4642,29.2091,0.2264,7.7921,18.3925,0.641582,20.2021,19.8233,15,2850.3064,1,0.0
19.7975,184605,3654.7264,327.9473,4,65.2208,6.2071,27.778,0.1024,8.03,20.1182,0.391177,18.1654,16.1617,17,3939.9084,0,0.201618
20.7218,143973,2983.3758,225.0946,4,111.8471,5.0578,31.0125,0.1811,7.8731,17.9296,0.714097,20.7186,20.4302,15,2597.4693,1,0.0
10.757,150263,1616.3849,88.7207,3,83.9426,6.8658,28.5481,0.1162,7.7794,22.4682,0.142704,7.3149,3.5584,32,3063.8384,0,0.465643
12.3558,205943,2544.5823,148.1952,5,130.3411,6.2012,28.4998,0.2253,7.8859,18.5997,0.29666,10.5118,8.478,50,3220.5608,1,0.247651
6.7462,213498,1440.3101,214.0115,4,94.3206,6.7312,27.7824,0.1147,7.7844,19.4446,0.078243,3.1967,2.0459,45,4503.9578,1,0.483019
18.721,69710,1305.0418,245.2358,2,63.1388,4.4452,28.2218,0.2532,7.9474,21.3575,0.47915,17.9029,16.69,5,1052.258,1,0.081844
14.3769,87192,1253.5474,107.5428,3,39.6247,4.2974,29.5871,0.3047,7.5211,16.1736,0.347313,12.7227,10.7865,2,1007.2987,1,0.212592
5.4434,214585,1168.0781,137.6318,3,65.559,6.6033,28.3267,0.0725,8.0404,19.1282,0.082759,2.2185,0.8494,51,4479.1924,0,0.443122
22.0715,154023,3399.5228,144.4848,3,72.4877,6.1978,28.4011,0.1799,7.644,21.631,0.60017,21.1294,19.9405,0,3133.6438,0,0.113501
20.3792,149637,3049.486,348.3882,2,84.8316,6.4729,28.3377,0.2021,7.8032,24.5743,0.539505,19.575,18.4141,15,2729.5339,1,0.083447
15.2223,169244,2576.2896,384.4818,4,137.2377,4.9681,29.009,0.2679,7.7041,20.7589,0.403704,13.8131,12.1636,12,2269.209,1,0.181117
15.6018,152842,2384.6115,403.1972,4,65.3381,5.2797,29.6378,0.187,7.8969,19.824,0.338901,13.6588,11.4726,41,2793.2901,1,0.257292
20.0612,114550,2298.0157,390.5269,5,41.9493,5.7829,29.8252,0.1494,7.8722,18.3538,0.739123,20.0612,20.0146,15,2009.3373,1,0.0
18.842,75586,1424.1897,148.2438,3,80.4414,6.5901,29.0306,0.1541,7.8282,19.051,0.578686,17.7811,16.5371,28,1310.9366,1,0.136155
15.229,61786,940.938,402.3717,5,51.0293,4.313,30.4484,0.2928,7.8623,25.0008,0.656748,14.6464,13.9218,4,825.043,1,0.071138
18.6795,144834,2705.4229,312.1066,2,63.4005,6.2382,30.7574,0.1272,7.8445,17.0592,0.461896,17.0402,15.2231,18,2920.1204,0,0.219395
14.1487,166275,2352.573,104.3248,2,68.9288,6.8256,28.1525,0.075,7.8598,20.1727,0.296477,12.0428,9.7696,35,3334.0557,0,0.286988
19.9315,45511,907.1037,328.846,4,85.1913,6.2815,27.9677,0.1462,7.8155,21.1928,0.674523,19.9229,19.5848,15,766.897,1,0.0
16.4057,162667,2668.6651,187.617,4,37.0868,5.073,28.6074,0.1969,7.7572,19.8064,0.528296,15.3229,14.0875,35,2537.632,1,0.141914
15.051,122514,1843.962,200.0397,2,90.7407,6.1816,27.966,0.0665,7.9026,22.1805,0.255082,12.2608,9.1614,24,2470.3353,0,0.372864
12.6795,146370,1855.905,220.2573,2,138.4388,4.9502,32.3231,0.2371,7.9879,17.0309,0.385172,11.3051,9.799,54,2244.5152,1,0.185404
7.2671,216196,1571.1132,370.3864,4,82.3743,5.277,30.5145,0.2334,7.7013,18.0252,0.115615,4.4267,1.8738,55,3261.3633,1,0.38339
18.6391,200951,3745.5471,301.2715,5,119.1215,6.0939,28.0838,0.1416,7.7128,21.925,0.506203,17.4448,16.0019,23,3668.5614,1,0.149569
3.0701,168982,518.7857,221.9839,2,57.2357,5.376,29.6068,0.2466,7.7552,19.6524,0.049744,1.5449,1.5449,85,2543.1353,1,0.309775
10.3374,166623,1722.4481,179.3715,2,43.2904,7.3271,28.3162,0.1424,7.6982,23.1166,0.176672,7.5244,4.4311,52,3057.458,1,0.378559
2.947,102015,300.6344,327.3456,3,44.2383,4.2046,28.248,0.3064,7.9501,20.2322,0.043706,1.9428,1.9428,1,275.6833,1,0.310745
16.7424,87994,1473.2282,268.6595,2,121.5353,5.135,30.2816,0.2719,7.8671,17.9444,0.521343,15.9339,14.8673,5,1239.9462,1,0.09324
16.4569,199123,3276.9477,296.8677,5,30.2157,5.4654,28.9176,0.1704,7.862,20.1608,0.390598,15.0311,13.3193,24,3303.5835,1,0.179515
10.3128,178851,1844.46,264.4684,2,85.9361,4.2435,30.1265,0.2704,7.8322,21.0272,0.297199,8.8517,7.2657,12,1883.078,1,0.198394
23.1128,59297,1370.5186,405.0743,3,80.8288,6.9538,29.5327,0.0953,7.9315,20.6168,0.646802,22.2983,21.2329,0,1333.1631,0,0.09475
10.4547,210376,2199.4259,384.6753,4,16.3314,7.1194,28.9422,0.0807,7.9241,22.0617,0.17343,7.6018,4.5033,42,4469.6042,0,0.387225
22.8891,62571,1432.1965,168.734,4,116.7957,6.4483,28.5299,0.093,7.6128,18.594,0.542531,21.7528,20.3178,0,1314.3233,0,0.13682
4.9818,148858,741.5765,211.7095,4,94.6501,7.2589,29.3264,0.0687,7.691,19.8544,0.061961,2.3392,2.2756,65,3032.3083,0,0.365418
5.2269,147690,771.9597,428.2884,5,53.9991,5.7663,29.5729,0.1974,7.9931,17.7924,0.082965,2.1113,0.8788,61,3149.3846,0,0.426559
15.6901,134391,2108.6079,326.5463,5,46.9206,7.2476,28.219,0.0909,7.8085,17.7079,0.26656,13.1667,10.3571,24,2700.3763,1,0.336652
11.2419,153054,1720.6203,264.7225,4,71.4845,6.9319,28.9825,0.0865,7.8297,20.5234,0.220339,8.8181,6.1859,51,3174.3554,0,0.328987
19.8363,100533,1994.2038,362.1448,2,103.5569,4.5966,29.3805,0.2338,7.8467,21.1965,0.789032,19.8363,19.7728,15,1703.9429,1,0.0
12.1634,105469,1282.862,384.5468,2,117.1454,7.0702,27.8379,0.1034,7.9534,22.3192,0.257646,9.968,7.5845,52,2056.2068,0,0.298033
19.3161,218640,4223.2705,276.4618,3,131.2271,5.2009,29.8872,0.1927,7.918,19.6787,0.419751,17.7992,15.9453,22,4016.086,1,0.188086
18.0638,62516,1129.2795,102.547,4,113.8332,4.5668,30.0235,0.2447,7.7195,20.2519,0.625974,17.6605,16.9789,5,916.0536,1,0.032002
12.445,117054,1456.7387,150.1889,4,51.8536,6.5304,28.4655,0.0722,7.9639,22.1507,0.161034,9.0806,5.3661,28,2495.5751,0,0.451527
22.2734,93480,2082.1171,152.5106,2,115.3431,5.8705,30.8967,0.1786,7.7202,20.3546,0.594788,21.6837,20.726,0,1959.8779,0,0.050771
14.3926,178857,2574.2087,143.1616,4,68.3112,6.8632,28.9729,0.1377,7.7506,17.5503,0.323802,12.5277,10.4885,48,3561.3141,0,0.251949
6.1435,98075,602.5234,121.2501,3,76.0903,4.3473,28.7365,0.2193,7.7028,20.6366,0.094683,3.0904,1.5233,9,745.3307,1,0.412071
17.9541,207963,3733.7886,405.3143,2,22.4302,5.8914,28.4006,0.1785,7.6827,23.445,0.622334,17.0683,16.021,26,3409.6769,1,0.112917
14.9968,48385,725.6225,222.7962,5,95.9894,6.9322,29.6181,0.0737,7.9646,24.7767,0.334056,13.0821,11.0097,35,976.9529,0,0.260477
25.6146,166304,4259.8169,179.7088,4,71.0176,7.0832,29.576,0.0611,7.8714,19.2024,0.741965,25.6146,25.6146,0,4117.4453,0,0.0
19.3925,161159,3125.2784,425.6658,3,127.635,5.9369,30.981,0.1955,7.8313,20.83,0.557483,19.0721,18.2767,15,2737.2684,1,0.0
5.3049,73012,387.3199,448.4775,3,49.5958,7.2214,27.9537,0.0455,8.0144,18.7667,0.057493,1.3232,1.3232,44,1557.017,0,0.5507
14.0214,112353,1575.3502,163.3634,4,34.0287,6.0067,29.1323,0.1133,8.0368,20.6339,0.247035,11.5647,8.8484,35,2416.2366,0,0.329363
15.4213,147907,2280.9209,182.673,4,143.3749,4.3656,29.3807,0.2612,7.6777,20.1262,0.691859,14.8219,14.0916,6,2023.6133,1,0.074516
10.9167,78082,852.3959,394.6752,5,127.0268,4.6698,29.5317,0.2482,7.7883,17.529,0.258398,9.1623,7.2301,51,1101.0839,1,0.235839
22.7089,156856,3562.0291,430.889,4,46.4783,6.8651,28.2709,0.1039,8.0229,21.8784,0.600936,22.5652,21.8757,0,3199.97,1,0.0
20.3472,137277,2793.2017,356.8899,4,129.5648,6.2932,29.5131,0.1648,7.8262,20.4995,0.664366,20.1562,19.5992,15,2427.0971,1,0.0
17.0241,68272,1162.2724,351.4508,3,88.6607,5.6999,27.8133,0.1668,7.8597,17.708,0.516902,15.8027,14.4297,41,1230.6816,1,0.161836
17.3531,166236,2884.7115,421.0913,5,113.9732,6.5096,29.1388,0.1382,7.8179,19.2971,0.28945,14.9512,12.1829,20,3401.3885,0,0.312425
16.7965,90769,1524.6028,120.0739,3,86.4277,7.1622,29.6906,0.0557,7.8934,15.8936,0.285429,14.1092,11.1058,18,1944.201,0,0.35755
18.4577,153970,2841.9264,373.0353,5,39.1606,5.7175,30.1579,0.2228,8.0012,19.4721,0.46368,17.0599,15.4013,26,2551.8876,1,0.177669
5.8268,48523,282.7332,186.749,5,45.5106,6.0717,28.0513,0.0991,8.0116,21.4004,0.083358,3.2202,2.2098,69,1046.5862,0,0.358954
21.7036,180103,3908.8745,347.5449,4,20.7105,5.6744,31.1598,0.1213,7.9856,20.5475,0.534045,20.5292,19.0846,3,3888.4004,0,0.144788
22.0012,141580,3114.9276,256.1539,3,71.2539,6.3849,29.7117,0.1759,7.9304,17.6852,0.753872,21.5397,20.8607,0,3043.6266,0,0.046652
15.0485,122441,1842.5586,188.0609,2,80.035,6.8572,28.5162,0.1174,7.8623,17.7529,0.300444,12.9198,10.5514,38,2497.3502,0,0.284159
22.7816,182627,4160.5293,379.9859,2,16.8753,5.8102,28.0205,0.1385,8.1135,20.0892,0.586913,22.2399,21.2736,0,3687.2108,1,0.037561
22.0313,66331,1461.3573,437.6,2,98.1581,7.0644,26.912,0.1027,7.8379,22.726,0.496221,21.1698,19.8115,0,1416.5217,0,0.078259
23.8285,56335,1342.3793,390.3556,2,45.5668,7.2144,29.5591,0.0738,7.7143,19.7408,0.586377,22.62,21.1708,0,1222.225,0,0.152303
19.4185,102637,1993.057,313.5152,2,67.1782,5.3409,30.1532,0.1824,7.9146,22.6235,0.668626,18.7288,17.8553,17,1707.2331,1,0.082798
16.5054,215110,3550.4706,341.2604,3,127.4272,4.8366,28.8925,0.2736,7.7675,21.1301,0.547311,16.1443,15.4315,15,2792.0697,1,0.017205
10.9678,199023,2182.8522,188.9277,4,96.665,5.4742,29.9395,0.2621,7.7961,20.1236,0.285866,9.3907,7.6548,51,2684.3727,1,0.212098
7.9606,79001,628.8953,80.8809,2,62.3487,5.8998,27.8822,0.1614,7.9792,22.1527,0.12205,5.2611,2.4332,59,1380.738,1,0.365789
6.2126,175473,1090.1392,285.2166,5,122.3702,6.0345,27.5995,0.1586,7.8742,20.936,0.121067,4.0153,1.8114,75,2862.5875,1,0.301062
19.4394,75561,1468.8641,219.9865,3,115.1851,6.9669,27.783,0.0799,7.6331,21.1968,0.318243,17.1234,14.4108,10,1582.3999,0,0.297503
3.8315,190329,729.2445,198.6686,4,110.3465,3.5,29.8308,0.2594,8.2493,19.2774,0.094219,1.9728,1.1926,8,917.008,1,0.256558
22.9966,186019,4277.7983,363.9789,5,119.9356,6.9497,28.0311,0.1015,8.0419,18.67,0.474373,21.6517,19.9075,0,3874.427,0,0.157808
19.0749,171014,3262.0814,137.4697,2,120.2883,4.7738,29.796,0.2095,7.7251,21.2075,0.618026,18.2805,17.2659,16,2724.8659,1,0.094624
21.1919,216538,4588.8573,193.0933,4,97.472,6.7196,27.7344,0.1305,7.9331,19.8537,0.464259,19.6759,17.8774,5,4314.5991,0,0.192743
18.1756,161294,2931.6098,440.0819,3,115.7065,5.2363,29.7014,0.1726,7.8614,17.7559,0.612695,17.4993,16.5885,15,2613.1162,1,0.076272
19.2724,62377,1202.155,194.9613,2,29.2459,5.7854,29.8176,0.1563,7.5426,21.4214,0.333483,17.0247,14.3451,12,1221.3487,0,0.28463
11.4948,51834,595.8208,367.0394,5,38.7704,6.2826,29.2545,0.1238,7.954,19.6486,0.200565,8.8799,6.0439,41,1074.888,0,0.355239
18.2672,150629,2751.5678,386.8999,2,20.9358,4.7397,30.7108,0.2505,8.0111,21.1488,0.595786,17.6726,16.8033,15,2319.5966,1,0.060655
17.1832,141881,2437.9749,388.6588,3,57.6642,6.4296,27.9582,0.0993,7.8229,18.2505,0.369363,15.356,13.2397,32,2507.3905,1,0.236783
16.2972,133014,2167.7493,395.6976,5,142.7642,4.0483,29.9982,0.2807,7.723,23.3497,0.542538,15.7301,14.861,8,1841.2991,1,0.053988
4.6289,171737,794.949,335.495,4,131.1298,4.7933,31.7002,0.2338,7.8422,18.5554,0.12568,2.8796,1.0888,24,1419.5915,1,0.241287
11.3617,185036,2102.3298,217.553,2,101.4715,5.6974,30.6632,0.214,7.7053,20.4097,0.257272,9.3215,7.0503,46,2874.5523,1,0.272225
23.4928,50692,1190.8962,328.5193,3,90.9247,6.049,28.2996,0.147,7.9258,23.43,0.774019,23.4132,22.989,0,1135.9045,0,0.0
18.4894,187999,3475.9818,138.5037,4,76.4011,5.7942,29.6162,0.1288,7.8487,19.0558,0.521366,17.3873,16.082,26,3427.6464,1,0.1403
24.4559,190653,4662.5948,313.832,2,51.5532,7.0583,29.1511,0.0927,7.9974,16.4224,0.595234,23.1627,21.6277,0,4261.5153,0,0.164372
16.564,134862,2233.8475,296.2573,2,127.7179,5.4772,28.8546,0.201,7.7425,22.5146,0.388292,14.9539,13.0862,31,2399.2976,1,0.208388
10.7559,120330,1294.2603,363.8806,2,89.7919,5.5085,29.1585,0.1583,7.7721,20.7068,0.166651,7.9182,4.817,44,2497.1686,0,0.383521
19.2589,121954,2348.7052,130.6054,5,111.6229,5.7015,27.9698,0.1276,7.8024,21.8488,0.3984,17.4083,15.2861,14,2573.6314,0,0.241636
17.657,58776,1037.8094,185.6848,3,41.2669,4.5325,28.5212,0.1994,7.7054,18.5285,0.554717,16.5802,15.3342,31,1003.2819,1,0.139643
23.3362,113806,2655.8024,336.4799,2,95.8841,6.1983,29.6804,0.159,7.9524,21.7103,0.503624,22.3376,20.8713,0,2536.343,0,0.101273
15.465,187069,2893.0303,375.8167,5,27.8953,4.1061,30.1111,0.3057,7.9523,21.9939,0.416451,14.2368,12.7434,7,2616.8353,1,0.152983
22.2162,188820,4194.8551,356.8612,4,115.6871,6.0808,29.4866,0.1543,8.0465,17.2439,0.689982,22.2092,21.8628,0,3901.8136,0,0.0
10.6502,111455,1187.0235,403.6615,5,138.801,4.9377,28.8056,0.2166,8.0198,17.6887,0.19829,8.2425,5.5903,51,1832.1436,1,0.323639
18.5461,70897,1314.8603,110.2949,2,67.9938,5.2127,28.7966,0.2091,7.737,19.8147,0.783047,18.1781,17.6282,15,1148.6367,1,0.03638
7.9781,176697,1409.6989,176.1983,5,80.2711,5.0408,29.8881,0.2261,7.8077,19.8428,0.14351,5.5485,2.9155,63,2846.7323,1,0.33021
6.0823,82927,504.3861,408.3333,2,83.4321,6.0186,30.1904,0.1844,7.7315,20.1458,0.076481,2.6064,1.7078,51,1741.368,0,0.472992
16.1509,103182,1666.4862,116.0109,2,71.2156,5.6776,28.7932,0.1691,7.7626,19.2851,0.421132,14.6475,12.9537,40,1793.3793,1,0.198901
21.7014,149492,3244.1903,112.0079,3,94.5469,5.8974,29.928,0.127,7.8947,20.7553,0.765578,21.7014,21.6101,15,2809.9552,1,0.0
18.7428,185673,3480.0367,413.3222,3,31.8874,4.7562,28.3905,0.2439,7.8533,22.3898,0.609509,18.5593,17.9503,13,2863.2471,1,0.0
22.7327,89070,2024.8016,336.4948,5,35.3093,6.4967,27.9972,0.1217,7.649,20.6652,0.459558,21.3196,19.4911,0,1800.6565,0,0.166186
12.4226,102008,1267.2084,191.5633,4,62.1802,7.0693,28.8134,0.122,7.8435,18.4281,0.291977,10.456,8.3364,54,2046.1681,0,0.268271
22.4692,203461,4571.6142,268.7383,5,126.928,5.5216,28.5027,0.163,7.863,15.7657,0.682926,21.9923,21.2046,0,4150.795,1,0.039713
14.3623,205957,2958.013,335.2013,3,75.2856,6.5331,28.9786,0.0999,7.7306,19.0303,0.296998,12.0691,9.5774,31,4345.0723,0,0.311139
6.3216,91133,576.1091,387.5544,2,68.3716,4.6599,27.8603,0.2201,7.9898,18.3425,0.165672,4.4067,2.3652,80,1401.2,1,0.263099
20.7622,188148,3906.3588,313.7561,3,122.1467,5.6391,28.4343,0.201,7.5582,20.5976,0.77477,20.3935,19.7982,15,3261.8217,1,0.03208
12.8717,202851,2611.0427,357.2584,2,80.2921,4.3353,30.6288,0.211,7.8481,22.6538,0.382277,11.4193,9.8366,58,3385.8591,1,0.196689
26.0319,79667,2073.8812,350.06,3,101.3391,6.8015,29.9847,0.081,8.0288,23.1345,0.630042,26.0319,25.7423,0,2014.8206,0,0.0
16.1364,203543,3284.4529,310.2111,4,62.0567,4.8736,30.7333,0.2706,7.8856,17.727,0.717519,15.8095,15.2895,8,2940.5075,1,0.02923
16.4482,144937,2383.9486,211.1097,2,72.5452,7.3325,28.9044,0.0625,7.5749,20.8804,0.233713,13.4671,10.1114,17,3019.4373,0,0.394614
19.7889,151127,2990.637,274.307,3,19.1244,4.8473,27.7666,0.2322,7.6798,19.2334,0.61311,18.8911,17.8057,23,2567.3101,1,0.112373
13.4077,116225,1558.3092,392.2453,3,45.1863,4.6464,29.3025,0.3067,7.9648,22.0979,0.522774,12.5133,11.5052,5,1418.3567,1,0.118297
7.1201,148352,1056.2803,99.8828,4,36.8526,7.2079,29.9335,0.0622,7.6664,18.6244,0.094658,3.8274,1.6825,43,3214.3107,0,0.452035
17.2808,218775,3780.6157,346.8655,2,56.1908,6.6149,28.3537,0.1736,7.9456,18.5644,0.37815,15.4182,13.2929,31,4337.8158,0,0.244106
16.5118,76194,1258.1027,444.369,2,21.4119,5.3886,27.7824,0.223,7.8586,24.6072,0.460521,15.202,13.6786,30,1248.2519,1,0.169194
15.6802,130911,2052.7167,171.8525,2,42.8086,5.15,29.3838,0.2578,8.0359,20.608,0.625699,15.0927,14.3124,3,1776.496,1,0.067296
14.9342,207235,3094.8827,381.3976,4,106.5009,5.1251,30.5116,0.2522,7.971,18.1624,0.403427,13.5606,11.9863,34,3284.8982,1,0.179417
6.5317,217298,1419.324,350.8549,5,89.1623,6.639,28.5234,0.079,7.6047,22.7966,0.119379,3.8731,1.0297,73,4412.1749,0,0.364515
23.4347,100822,2362.7329,305.8219,5,34.8414,6.0895,30.7093,0.1411,7.7482,14.8754,0.530591,22.5781,21.2897,0,2100.9199,0,0.083928
18.4784,123497,2282.0248,115.7159,5,31.7603,4.658,30.0725,0.2239,7.8113,16.9204,0.382845,16.8022,14.754,22,2033.8676,1,0.207901
16.8213,156463,2631.9043,80.5344,3,98.1384,4.5878,29.6007,0.2613,8.0691,15.7345,0.533465,15.8659,14.7243,11,2326.4884,1,0.120763
15.3475,117556,1804.1915,318.8477,4,93.2179,5.1244,29.092,0.2632,8.0013,17.8654,0.782372,15.3475,15.2612,12,1546.9363,1,0.0
22.465,101752,2285.8634,81.575,3,46.8715,5.1343,28.8729,0.1993,7.8089,18.1455,0.636069,21.8253,20.8746,0,2229.4751,0,0.063804
9.3545,110354,1032.3111,361.3383,4,110.1509,6.3694,28.9627,0.1464,7.9527,20.0475,0.13638,6.1627,2.6368,50,1961.0459,1,0.428211
5.2147,130979,683.0125,238.5341,3,136.0648,4.5065,30.4334,0.2239,7.9573,22.3195,0.1152,3.3061,1.829,89,1909.6513,1,0.263283
6.453,159667,1030.3367,168.5369,5,80.1006,6.3953,28.249,0.0376,7.8144,19.5973,0.094367,3.4693,1.5544,52,3313.3187,0,0.410031
16.796,134664,2261.8131,284.1291,5,80.5026,5.5435,29.64,0.2409,7.7301,20.704,0.638253,16.1321,15.3052,18,2016.2272,1,0.08094
9.9898,130952,1308.1829,386.338,3,76.7772,4.0149,29.0174,0.2424,7.9022,21.1286,0.183658,7.4497,4.6417,11,1396.2762,1,0.340601
20.3646,160966,3278.0065,240.5505,2,122.8029,5.7181,28.161,0.19,7.9195,19.9825,0.623497,20.1794,19.5564,15,2789.4398,1,0.0
17.4462,52946,923.7075,321.2626,5,50.1058,4.6899,28.8907,0.2414,7.8217,25.7197,0.622017,16.9358,16.1874,13,747.4073,1,0.051875
16.6801,113854,1899.093,158.2457,4,19.8404,5.0726,29.4913,0.2156,7.7302,19.5335,0.378119,15.1412,13.3133,26,1846.9375,1,0.195452
16.8549,69477,1171.0257,423.637,4,107.7898,6.4337,28.8302,0.0801,7.9625,19.8672,0.34245,14.8431,12.567,28,1425.003,0,0.265319
4.7767,73183,349.5701,337.9907,4,92.9996,5.5059,28.1824,0.1954,7.7779,17.1382,0.061748,2.0721,2.0721,72,1373.8299,1,0.406812
19.3197,95241,1840.027,374.0945,3,133.7777,5.4944,27.5812,0.1803,7.9859,18.9904,0.67709,19.2566,18.8247,15,1632.0313,1,0.0
15.285,120124,1836.0909,401.994,5,104.9324,5.3569,28.6409,0.2021,7.8891,20.8914,0.407158,13.7775,12.0826,41,1950.1574,1,0.199716
4.4079,152012,670.0462,362.6743,5,96.3841,5.7593,29.349,0.1889,7.6607,21.9405,0.067272,2.3752,2.3752,96,2537.4293,1,0.290892
11.5877,200905,2328.0217,106.0379,2,70.5197,5.5826,27.8971,0.0886,7.9451,21.4332,0.230775,9.1331,6.4602,48,4276.7649,1,0.332555
17.5992,70138,1234.37,175.594,4,62.3322,4.779,29.0296,0.2327,7.7497,20.917,0.554726,16.8125,15.7893,4,1075.9965,1,0.092045
5.7397,149946,860.6425,157.1855,2,45.0192,5.3321,27.943,0.1836,7.9527,18.9125,0.104608,3.3778,1.7686,74,2337.4214,1,0.323398
19.4861,116960,2279.0967,121.43,2,106.7942,6.2633,27.5746,0.136,7.8312,16.6501,0.402885,17.6011,15.4394,12,2402.4191,0,0.246117
5.8172,70421,409.6512,181.8962,3,84.205,5.1528,28.9852,0.2178,7.6673,17.7549,0.082444,2.8304,2.1332,57,1169.8423,1,0.403897
22.5538,58075,1309.8141,212.8943,4,59.6306,6.3383,28.8019,0.1497,7.7742,19.5654,0.708265,21.9029,21.0283,0,1159.472,0,0.073621
14.5242,152320,2212.3248,284.1002,4,45.886,6.7867,26.5851,0.1761,7.7528,19.2715,0.347962,12.7628,10.8288,53,2663.3942,1,0.237302
12.0121,89360,1073.4034,249.2227,5,22.616,4.2659,29.2415,0.2392,7.8506,24.688,0.362569,10.5857,9.0274,3,986.292,1,0.192843
3.5329,69242,244.6232,409.1388,3,125.7203,5.6584,27.8561,0.1739,7.6978,23.0393,0.046751,2.184,2.184,88,1087.5451,1,0.319271
17.5078,125109,2190.3885,202.0368,3,118.9615,5.1488,29.6841,0.2699,7.8687,18.7618,0.668917,17.2787,16.7546,4,1819.4329,1,0.00188
16.2817,144141,2346.8674,423.3401,5,111.6957,5.7973,28.9493,0.2008,7.7793,16.7962,0.46688,15.048,13.6025,29,2201.0351,1,0.158422
20.6954,187346,3877.2035,294.9283,3,66.9213,5.8445,28.2439,0.1691,8.0244,20.4524,0.562752,20.1977,19.2639,15,3295.2399,1,0.029439
16.4126,87589,1437.5596,448.7792,4,141.2578,4.5405,30.1689,0.2681,7.5892,16.3083,0.78569,16.339,16.0298,4,1204.674,1,0.0
21.3001,50962,1085.498,323.607,4,117.5165,6.2577,29.4779,0.1607,7.792,17.359,0.400752,19.3502,17.0327,3,992.0473,1,0.247566
19.8515,204751,4064.623,395.6989,4,43.5349,5.6106,30.1797,0.2289,7.6737,23.034,0.727716,19.8515,19.6689,15,3364.4072,1,0.0
13.624,94358,1285.535,276.2864,2,60.8039,4.1109,28.0698,0.2675,7.6915,19.8455,0.447009,12.5008,11.2315,4,1075.0822,1,0.148248
21.2402,192597,4090.8047,416.9588,5,62.989,6.3289,30.7643,0.1245,7.755,21.0519,0.487103,19.7858,18.0381,5,3979.5204,0,0.18299
17.9364,52971,950.1094,325.2014,4,50.6704,5.6542,28.8311,0.1858,7.9163,22.1326,0.696997,17.4041,16.6943,15,857.5047,1,0.060691
24.1704,137136,3314.6348,225.0695,4,57.4235,6.3823,29.8945,0.0957,7.7866,22.6825,0.600328,23.9626,23.2195,0,2969.9696,0,0.0
6.2024,64894,402.4964,120.4318,5,117.3188,6.4358,29.4391,0.1368,7.8149,21.8247,0.08652,3.2193,1.9534,63,1281.0219,0,0.40772
18.221,64292,1171.4632,362.5521,2,91.5379,4.9481,29.4381,0.2192,7.6921,17.5094,0.664496,17.8338,17.1833,15,1057.8774,1,0.031116
17.7857,99965,1777.9475,332.1472,5,50.1674,7.0567,28.7511,0.1331,7.9286,20.6729,0.433348,16.2713,14.5032,30,1801.6881,1,0.195015
10.8384,129893,1407.8337,291.5428,2,60.6934,6.3995,27.6222,0.1808,7.7871,21.4978,0.183748,7.9811,4.8545,44,2670.1287,0,0.38583
15.7873,134927,2130.1286,239.8365,4,81.1062,5.3479,30.4398,0.2013,7.8304,23.5778,0.406718,14.3423,12.6437,28,2041.8163,1,0.185062
10.9969,82160,903.5013,170.8148,4,121.9746,5.1882,28.5691,0.2746,7.9259,21.1488,0.38023,9.826,8.5495,1,778.0778,1,0.158496
20.84,92272,1922.9472,347.8182,2,38.9147,6.4621,28.9189,0.1308,7.8626,15.2335,0.546555,19.8292,18.5166,15,1643.9247,1,0.118451
16.5406,147003,2431.5223,116.4961,4,54.9845,6.0152,31.1986,0.2163,7.8957,19.4728,0.406889,14.9072,13.045,36,2699.6041,1,0.214199
4.1499,136080,564.7214,407.4153,5,119.692,4.315,30.541,0.2654,7.7301,18.5499,0.068879,2.2292,2.2292,10,767.9801,1,0.300512
8.3397,152567,1272.3703,269.3017,5,44.4331,5.2867,30.2363,0.2062,7.8205,17.0459,0.218744,6.5186,4.5706,76,2356.3851,1,0.249681
23.2179,90800,2108.1844,156.7902,5,111.5239,6.9085,29.2882,0.0527,7.8554,18.6586,0.530466,22.3096,20.9939,0,1925.1835,1,0.093825
8.0297,187832,1508.2275,207.2717,3,125.6458,5.8266,29.6597,0.1438,7.9349,24.9894,0.147301,5.4391,2.6414,66,3401.7565,1,0.352943
6.0181,49462,297.6694,287.8162,5,35.6691,5.0234,28.6087,0.2132,7.8831,19.4791,0.114079,3.8098,2.0608,87,855.6072,1,0.304263
22.8488,167710,3831.9651,240.6575,5,48.689,6.9653,28.1869,0.1194,7.6666,17.5344,0.481258,21.8123,20.2811,0,3391.0523,0,0.104207
22.3962,193913,4342.9189,305.4102,3,78.5721,5.3195,28.7381,0.1628,7.789,18.6616,0.705581,21.7844,20.9417,0,4080.9998,0,0.067301
10.5519,122910,1296.9371,211.4862,4,51.1746,6.2565,28.6841,0.1544,7.8928,21.4204,0.162938,7.7217,4.6344,45,2432.1369,0,0.382986
12.8994,58698,757.1695,127.2195,2,44.3176,5.6578,29.4693,0.1432,7.9582,20.8073,0.291514,10.9573,8.852,58,1221.3823,0,0.263907
16.8828,103764,1751.8222,330.0821,4,107.0448,5.848,30.0526,0.217,7.6267,19.7347,0.522421,15.6881,14.345,41,1812.2526,1,0.158291
16.0165,78651,1259.7166,206.3913,3,132.8452,4.5515,29.3648,0.2783,8.0458,20.6074,0.50549,14.9714,13.7376,9,1135.9037,1,0.133418
18.0289,101155,1823.7175,409.8414,2,82.9055,5.6197,29.3735,0.1991,7.9826,19.4691,0.648559,17.2369,16.2941,25,1713.6363,1,0.100424
8.6457,134604,1163.7393,130.4674,3,86.3804,4.7873,30.4478,0.2476,7.907,21.3271,0.147284,6.0057,3.0947,2,1085.816,1,0.354616
5.7078,103813,592.5463,93.449,4,32.2651,4.8372,29.9839,0.2339,7.8897,22.1712,0.141461,3.8566,1.8896,85,1545.4456,1,0.254917
20.5965,97239,2002.779,152.406,3,89.7326,7.2688,28.7829,0.0507,7.9806,20.5462,0.416698,18.7899,16.7217,7,1978.4365,0,0.236186
8.4742,104714,887.3718,110.6598,5,46.8483,5.5459,28.7642,0.2128,8.0905,20.8987,0.197384,6.4506,4.2801,73,1714.0759,1,0.27696
5.97,82671,493.5498,238.9161,2,141.6354,4.4443,28.5973,0.2777,7.6834,21.2672,0.144901,4.0155,1.9124,2,457.2415,1,0.266941
4.5855,151173,693.205,160.4102,2,143.821,4.4092,27.5263,0.2983,8.0056,19.8565,0.100392,2.5101,1.4238,9,884.7002,1,0.284735
5.0208,206233,1035.458,157.9747,3,38.3812,6.9057,30.1131,0.1079,8.0297,23.5549,0.068754,2.1027,1.7374,62,4404.9536,1,0.401418
16.0445,92001,1476.1096,105.7511,5,34.742,5.5665,29.9602,0.1396,7.9382,16.511,0.347967,14.1863,12.1094,40,1794.9493,0,0.247232
5.4837,80166,439.6063,86.7361,4,69.6515,4.64,29.7606,0.244,7.7723,19.3367,0.104839,3.0323,1.2736,80,1294.1025,1,0.336759
21.2765,178581,3799.576,282.762,5,81.0985,6.5316,27.5766,0.1047,7.6009,15.5995,0.464851,20.1008,18.4889,8,3849.6528,0,0.129998
6.2766,119245,748.4583,317.7977,2,105.1592,5.6919,29.5819,0.162,8.0499,21.9459,0.114021,3.6163,1.0861,64,2029.1425,1,0.361762
16.1673,213712,3455.148,355.7074,4,17.8814,4.604,29.3583,0.2245,7.8962,20.6831,0.473373,15.2432,14.0069,3,2757.8714,1,0.104993
16.8915,124141,2096.9337,198.4994,4,104.3344,4.9979,28.7164,0.2722,8.1015,20.9728,0.546378,16.2202,15.2635,7,1761.4451,1,0.070839
9.3572,115028,1076.3344,320.9969,3,74.9777,4.7179,31.0989,0.2666,7.9455,16.7519,0.24258,7.6551,5.7631,16,1270.7773,1,0.227341
16.6773,58090,968.7861,206.3834,3,45.3645,5.0721,28.5108,0.2476,7.7334,18.9117,0.334446,14.7087,12.3607,25,959.2424,1,0.249203
10.6382,105477,1122.083,250.4808,4,42.3808,4.187,29.0807,0.2883,7.7159,20.4599,0.201982,8.3136,5.7305,1,910.5322,1,0.310545
4.0475,202699,820.4325,150.6124,3,23.237,6.4627,29.58,0.1216,7.7852,18.5678,0.060276,1.2265,1.2143,74,3975.0804,0,0.388415
15.2168,199580,3036.9622,86.5186,2,138.5624,5.0793,30.3715,0.2563,7.8872,21.8125,0.446205,13.9933,12.557,28,2948.0366,1,0.156853
11.226,118274,1327.7459,415.5718,3,53.0368,5.8231,30.5801,0.1329,7.7265,21.7232,0.22674,8.8814,6.3439,52,2491.9889,0,0.318975
9.4276,170421,1606.6535,245.3361,3,105.5861,4.9182,30.1391,0.233,7.8167,21.1609,0.186463,7.0862,4.5,13,1819.9866,1,0.31411
20.5001,200745,4115.2896,85.3778,5,40.2368,5.6967,29.487,0.2244,7.8322,24.8339,0.556469,20.04,19.1247,15,3397.5013,1,0.021103
7.7142,117347,905.2418,190.1087,5,122.0898,6.1074,27.991,0.168,7.6725,22.2398,0.114361,4.3599,0.9602,53,2148.9552,1,0.451464
14.7225,160345,2360.6821,224.2518,3,59.0541,6.0458,29.5518,0.1085,7.6857,18.3674,0.221448,11.8214,8.596,24,3294.4214,0,0.387435
13.4542,187062,2516.7669,387.0488,2,33.8306,6.5887,26.9886,0.0757,7.7929,15.2112,0.170821,9.9292,6.0002,23,4016.5085,0,0.469904
11.8333,117766,1393.5623,95.3981,3,80.9015,5.715,28.4953,0.1847,7.9743,19.0938,0.264124,9.8609,7.694,53,1998.8284,1,0.265633
20.4766,57535,1178.1227,368.1105,2,82.0576,5.8408,29.7654,0.1931,7.6772,18.7253,0.64271,20.1749,19.5201,15,995.3487,1,0.006463
22.9615,52574,1207.1782,290.328,3,21.5477,7.0353,28.4101,0.0661,7.696,16.4307,0.44404,21.5391,19.6885,0,1147.2363,0,0.166381
18.9277,190498,3605.6842,320.4908,3,122.2522,5.14,29.95,0.2259,7.904,21.0504,0.644437,18.7441,18.2001,15,3009.055,1,0.0
16.7629,183144,3070.0197,169.7335,3,44.671,5.2163,30.5618,0.2459,7.8463,20.7621,0.56834,15.7602,14.6148,35,2937.346,1,0.131289
7.1712,87638,628.4696,384.7713,5,81.9386,6.7146,27.9348,0.097,7.8355,15.5187,0.131642,4.6284,1.9032,74,1604.3468,1,0.348174
17.4878,193372,3381.6493,230.9977,2,48.4513,6.3953,27.5015,0.1055,7.9966,16.9855,0.441753,15.8624,14.0739,26,4038.7213,0,0.218643
19.6776,186660,3673.0156,307.3298,2,84.5769,6.2378,28.5685,0.201,7.9453,17.6421,0.71546,19.6677,19.3709,15,3211.2397,1,0.0
7.1496,146360,1046.4133,283.3934,2,92.2723,6.36,28.6683,0.0899,7.7231,24.2774,0.094851,3.3865,0.929,41,3040.7632,0,0.510034
16.9954,86833,1475.7633,403.1295,5,30.1924,4.4022,29.2307,0.3295,7.9424,20.5305,0.746688,16.9954,16.9954,5,1289.7376,1,0.0
17.5418,55187,968.0786,354.1615,4,136.8868,4.7558,28.2657,0.2858,7.8096,20.5778,0.707151,17.5418,17.408,15,763.149,1,0.0
10.918,58380,637.3938,169.8726,5,114.6878,6.6489,30.2426,0.0785,7.6736,20.3193,0.222062,8.7329,6.3912,53,1152.9825,0,0.299223
6.6576,184816,1230.4256,232.206,4,106.7942,4.673,30.5167,0.2696,7.767,19.2205,0.136406,4.2653,1.6706,4,1169.1187,1,0.324984
8.0744,206650,1668.5752,329.4199,4,87.9633,7.0412,28.2041,0.0673,7.7411,22.9233,0.117015,5.0213,1.7776,43,4388.4679,0,0.419036
5.8195,134293,781.5127,85.456,4,128.5821,5.6732,28.393,0.161,8.0293,22.349,0.081552,3.0511,2.3398,76,2534.6837,1,0.379542
11.0436,147026,1623.7029,251.3705,4,108.1729,6.8976,28.3632,0.0822,7.7345,20.5856,0.212521,8.7411,6.2725,48,3020.1055,0,0.315202
14.9119,188159,2805.8025,354.5555,4,75.7393,4.6544,30.9056,0.2399,7.8627,20.3148,0.50343,13.9506,12.7907,23,2627.7144,1,0.120521
23.4386,93432,2189.9108,82.6759,4,27.1796,6.5104,27.626,0.1208,7.8394,18.579,0.668961,22.8288,21.916,0,2006.841,0,0.060136
14.9716,99391,1488.0449,335.3448,3,118.2851,4.3516,29.2466,0.272,7.7382,19.5987,0.577951,14.5845,13.9096,8,1224.384,1,0.028552
21.4363,177306,3800.7762,143.318,3,101.8882,5.8037,28.307,0.1351,7.911,18.6127,0.627223,20.8969,20.033,15,3243.2797,1,0.047646
18.501,167645,3101.6028,399.7723,2,121.5947,6.444,28.3919,0.1493,7.7134,22.1751,0.529854,17.7737,16.7403,15,2575.6382,1,0.077056
20.3492,182669,3717.1722,293.1061,4,76.1931,5.6063,29.3541,0.1662,7.781,16.6373,0.783159,20.3492,20.3126,15,3094.9828,1,0.0
18.5709,112948,2097.5427,208.1903,4,28.0517,6.3366,28.4069,0.2021,7.9846,21.1241,0.644802,17.8851,17.012,16,1853.3814,1,0.081943
12.1499,165533,2011.2042,86.5463,4,96.8765,4.7054,29.9069,0.2838,7.7936,20.0345,0.385456,10.9251,9.5231,24,2112.685,1,0.160124
21.4069,161452,3456.1939,263.5143,4,41.6763,5.7612,27.2707,0.1877,8.1353,21.4413,0.488775,20.4072,18.9776,15,3139.1903,1,0.105021
9.1473,88273,807.4552,424.9527,5,60.4182,5.0804,29.6454,0.2558,7.8645,20.0209,0.201871,7.1541,4.9372,6,756.8149,1,0.266109
8.0077,164384,1316.3349,250.5521,2,46.5401,6.7728,29.3029,0.1394,7.8149,19.6912,0.152709,5.5541,2.9406,61,3265.9614,0,0.337294
7.161,68289,489.0192,297.0976,5,26.9228,5.1641,28.7278,0.2359,7.852,18.7109,0.113829,4.2727,1.7303,54,1087.1338,1,0.389548
23.3971,183003,4281.7404,334.9066,2,57.3246,5.7284,30.2737,0.1538,7.6727,18.7465,0.705766,23.3425,22.8911,0,3884.422,0,0.0
5.5887,51203,286.1562,94.1238,5,59.337,3.957,29.2724,0.2637,7.6402,21.2675,0.107614,3.5056,2.3578,6,313.0531,1,0.285656
15.97,64757,1034.1684,293.4896,5,24.3742,4.5215,30.2002,0.1965,7.6159,23.3578,0.44416,14.5892,13.0466,43,1141.5028,1,0.183777
3.7089,217355,806.1383,356.4441,2,118.6916,6.9609,29.4959,0.0806,7.9022,18.9284,0.05813,0.7533,0.7533,61,4378.2584,0,0.41822
17.8945,132771,2375.869,291.0732,3,54.6044,5.1735,29.1713,0.2249,7.8881,21.2558,0.539361,17.2394,16.262,15,2043.5922,1,0.064961
16.1767,148926,2409.1354,189.4887,5,88.298,4.3715,31.1882,0.2849,8.0892,19.6238,0.699238,16.1751,15.9535,1,2013.6799,1,0.0
13.2336,192641,2549.3256,265.355,4,67.2251,5.2189,30.5472,0.2392,7.7758,22.8597,0.395857,11.818,10.2451,5,2137.8283,1,0.189122
8.3516,69935,584.0718,89.5613,5,103.7289,5.7588,31.6064,0.1895,7.826,17.3406,0.163909,5.9118,3.297,69,1489.1628,0,0.334084
20.9123,201796,4220.0114,263.8433,5,35.1603,5.7776,27.8232,0.1952,7.8185,22.6945,0.607484,20.3157,19.3799,15,3794.1082,1,0.054687
10.1396,50116,508.156,355.3851,5,99.5943,5.2994,27.9872,0.1753,7.928,20.18,0.281154,8.4026,6.5271,66,826.9805,1,0.236677
3.9837,200954,800.5338,258.2022,4,69.0057,4.8181,28.2974,0.214,7.7082,21.8314,0.044719,2.3911,2.3911,61,3069.9211,1,0.409567
17.7807,158669,2821.2458,287.7746,2,112.6135,7.0187,30.0047,0.1277,7.7801,19.9608,0.450635,16.2847,14.6277,28,3233.2058,0,0.200323
16.4967,123477,2036.9639,169.5682,5,81.1852,4.8552,30.6518,0.1857,8.0042,18.597,0.438908,15.0312,13.3695,38,2086.6847,1,0.192957
7.2351,141384,1022.9275,257.8009,5,43.0404,6.093,26.218,0.1288,7.865,20.9222,0.110067,4.3588,1.87,52,3051.6032,0,0.394679
17.6867,136677,2417.3672,242.3718,3,73.1987,6.0788,30.0603,0.1489,7.5571,21.3106,0.359365,15.8244,13.6832,27,2908.9399,0,0.242684
15.6023,46603,727.1163,333.8379,2,93.6424,5.7352,28.2617,0.1445,7.8409,18.7699,0.420804,14.1277,12.5091,53,889.5234,1,0.198724
10.1439,85725,869.5826,129.0765,4,110.1921,7.0474,27.6961,0.0553,7.8261,19.5937,0.149848,7.2992,4.227,42,1796.6144,0,0.387544
19.8273,63907,1267.102,316.4306,5,115.8474,5.6103,29.7641,0.1786,7.7458,19.9016,0.672982,19.3977,18.7035,15,1126.4944,1,0.037338
18.8332,73867,1391.1502,223.4335,2,98.9592,6.1375,29.06,0.1737,7.8441,18.4413,0.616357,17.9405,16.8591,22,1246.3,1,0.111544
15.9935,79239,1267.3051,197.3518,5,85.484,5.0442,29.3679,0.2406,8.1578,18.887,0.557876,15.3149,14.4202,8,1027.2822,1,0.078282
5.4731,88154,482.48,334.06,3,35.1383,5.1607,32.0612,0.2028,8.0659,18.0651,0.076308,2.4831,2.0188,62,1416.5663,1,0.406042
13.0454,218675,2852.7022,310.7615,3,63.1475,4.8103,30.0299,0.2667,7.6808,22.3259,0.538496,12.1636,11.158,2,2422.3076,1,0.115604
6.3854,126591,808.3363,311.2978,4,132.8272,4.3426,30.408,0.2701,7.9071,22.2603,0.145324,4.4918,2.4582,10,927.0815,1,0.258935
7.7788,148294,1153.5504,264.8889,4,50.4163,5.1502,29.348,0.2282,8.0649,17.2471,0.15195,5.5912,3.2333,4,1117.2922,1,0.298411
4.1122,69217,284.6355,147.2175,2,60.4552,4.0922,28.8545,0.2807,7.7085,20.6838,0.073826,2.1137,2.1137,1,243.6539,1,0.290936
18.4426,130497,2406.7064,80.4524,5,67.7381,7.1884,29.3088,0.0795,7.6526,25.8182,0.423888,16.7146,14.7747,19,2633.8865,0,0.229192
21.5653,199114,4293.9455,194.5435,4,120.2728,7.1505,27.4169,0.0656,7.7611,15.5436,0.585696,20.4309,19.0766,4,3970.7247,0,0.143475
19.1258,200646,3837.5183,167.3645,4,80.4412,6.0649,28.6846,0.1921,7.729,20.7034,0.779952,18.8406,18.3574,15,3306.5982,1,0.022497
20.9843,71119,1492.3816,432.4797,4,127.6433,5.3295,29.0689,0.2046,8.1043,18.2572,0.537549,20.3838,19.3378,15,1283.191,1,0.044347
8.6995,123843,1077.3724,101.6427,5,116.8592,4.5587,30.8673,0.2004,7.6767,20.6006,0.196169,6.7512,4.6387,62,1866.4654,1,0.264712
8.0671,121669,981.5218,118.1483,2,63.3905,4.7686,28.6175,0.2409,7.5578,18.7533,0.181511,6.0734,3.934,19,1205.0644,1,0.272764
18.7866,51031,958.6974,149.3064,2,86.54,6.2128,28.0148,0.1917,7.804,17.8681,0.55114,17.7521,16.4937,22,878.7516,1,0.128816
18.016,174043,3135.5649,367.2824,4,81.3178,6.5004,27.0546,0.1344,7.8093,18.1033,0.419056,16.6155,14.9157,22,3004.4069,1,0.174718
23.8817,91742,2190.955,355.6942,3,51.3038,7.337,27.6263,0.0417,7.7101,21.591,0.574475,22.9614,21.7038,0,1959.4907,0,0.102154
18.4055,217925,4011.0249,212.8094,3,110.2754,4.2039,29.8296,0.2597,7.8416,20.8708,0.688199,17.7974,17.0005,1,3336.1376,1,0.070604
4.2514,61127,259.8767,253.9604,3,50.3437,4.5256,30.5607,0.2671,7.8609,19.6965,0.07864,1.7793,1.2828,8,340.5412,1,0.339345
19.7441,190101,3753.3637,208.9026,3,96.0935,5.7036,29.2235,0.1268,7.909,20.2904,0.503195,18.642,17.2554,18,3574.7185,1,0.133145
9.973,192754,1922.3409,181.8923,2,96.935,5.1708,31.6082,0.2092,7.8123,18.255,0.188793,7.4596,4.712,56,3559.5081,1,0.339638
21.6264,117053,2531.4351,397.0594,2,48.0076,5.66,28.7935,0.1323,7.9532,18.3122,0.599051,20.6609,19.4445,4,2456.6535,0,0.116512
26.1332,173041,4522.1078,86.3795,5,41.1093,6.4264,29.3923,0.0806,7.7597,20.5168,0.569562,25.9535,25.1224,0,4346.5274,0,0.0
20.6649,171118,3536.1287,179.3712,2,30.0815,5.0768,29.3593,0.2029,7.752,24.2434,0.495936,19.5798,18.1329,15,3081.4565,1,0.123702
16.4625,149729,2464.9165,395.4069,2,84.72,5.3162,31.0994,0.2873,8.0944,20.9304,0.791077,16.4625,16.426,15,2082.3219,1,0.0
24.0878,62239,1499.1978,335.1523,2,73.2001,5.7271,28.6847,0.1172,7.8476,20.3108,0.769273,23.5295,22.7398,0,1433.5815,0,0.059442
19.068,79656,1518.8841,280.4192,3,75.5184,5.3097,27.3716,0.2083,7.826,20.8549,0.54064,18.0475,16.8097,22,1440.5141,1,0.127388
21.6659,212869,4612.0025,435.7108,3,40.3768,7.252,28.216,0.1209,7.8424,23.6445,0.747411,21.0982,20.327,7,4530.5625,0,0.063422
5.5693,154728,861.7302,277.581,5,34.2322,6.6548,28.4715,0.1215,7.7639,20.2461,0.07029,2.0234,1.4022,60,2890.5196,1,0.480593
20.4501,151876,3105.8787,212.9853,5,118.5054,6.0442,29.2291,0.1858,7.9852,18.523,0.587142,19.6165,18.5138,15,2633.7267,1,0.095846
13.555,143365,1943.3069,167.8573,5,57.2123,4.5506,30.4002,0.2486,7.7734,20.5931,0.47457,12.5189,11.3538,33,1884.1126,1,0.137255
17.0878,51857,886.1228,271.5613,3,52.5454,4.4154,27.6626,0.2305,7.9493,23.2347,0.572642,16.1234,14.9988,29,822.0364,1,0.12433
18.6102,122435,2278.5417,369.8578,4,23.5459,5.0658,31.9209,0.2553,7.9737,16.9933,0.66701,18.1585,17.4734,6,1898.5337,1,0.043702
15.3222,100885,1545.7799,360.0374,4,30.9429,4.6984,29.7091,0.3004,7.7281,17.8346,0.409974,13.922,12.3001,2,1274.4864,1,0.181438
14.6284,189296,2769.0884,297.8443,4,133.3793,4.559,30.4639,0.2536,7.8794,20.8715,0.605416,14.0407,13.2657,1,2438.2193,1,0.067802
20.3874,91649,1868.4807,172.4277,5,91.5741,6.3691,28.0514,0.094,7.8822,20.5298,0.469706,18.7512,16.9269,8,1967.7284,0,0.218052
22.7234,79311,1802.2186,417.4787,4,87.0473,5.1837,30.773,0.1789,7.7192,17.5185,0.639765,22.7234,22.5144,0,1665.8138,0,0.0
8.7455,84240,736.7236,428.9521,3,114.163,5.5753,27.8617,0.1645,7.6945,22.3815,0.10838,5.2831,2.4957,43,1701.9975,0,0.466838
16.273,145461,2367.0837,289.6157,3,107.1915,4.8409,28.3515,0.2631,7.993,22.1873,0.477154,15.0777,13.6887,25,2237.0197,1,0.154474
9.7904,207154,2028.1139,345.9918,5,77.219,5.224,31.5177,0.206,7.8109,20.4287,0.163932,7.1381,4.1938,47,3378.6453,1,0.354578
17.4481,72196,1259.6857,440.0288,3,32.3876,5.1438,29.0801,0.2001,7.8423,16.6468,0.525248,16.2782,14.9392,34,1226.7701,1,0.152977
20.8936,147973,3091.6938,382.2244,4,107.8876,4.835,29.0966,0.2453,7.8137,20.7692,0.467629,19.8365,18.3261,15,2727.836,1,0.111167
16.0927,190693,3068.7587,328.7537,2,65.1544,4.8697,28.71,0.1586,7.8281,16.8043,0.425717,14.7001,13.1025,34,3083.3348,1,0.181778
10.8826,94921,1032.984,354.7483,5,29.7431,5.9657,28.4193,0.1447,7.7677,16.5509,0.210303,8.3151,5.5434,44,1986.4253,0,0.349884
22.7037,214736,4875.2987,172.7263,5,121.5401,5.4313,27.2878,0.1606,8.0841,19.356,0.603365,22.463,21.7246,0,4597.9626,0,0.0
3.7634,194281,731.154,236.8231,2,24.2413,5.4397,28.9341,0.2051,7.7926,21.1064,0.049794,2.4315,2.4315,90,3250.3597,1,0.300014
3.5358,186745,660.294,416.7206,2,35.5658,4.7224,28.229,0.2211,7.8424,19.4061,0.046388,1.4837,1.4837,63,2691.6788,1,0.424125
6.2019,129433,802.7318,341.4937,2,44.5862,6.5744,29.8749,0.0526,7.7486,18.6727,0.063017,1.9887,1.655,37,2760.7203,0,0.572168
19.5294,97796,1909.8994,309.2887,4,98.2822,5.5865,28.8168,0.2715,7.5437,23.0175,0.736469,19.5294,19.486,2,1517.4625,1,0.0
16.2634,144165,2344.6078,232.8919,3,65.9882,4.8977,30.3618,0.2532,7.788,19.5769,0.393673,14.7789,13.0163,26,2242.3449,1,0.188598
19.6016,56288,1103.3323,374.7996,3,49.2484,5.3452,27.8555,0.2001,7.8859,18.7726,0.674798,18.916,18.0422,16,1017.7822,1,0.081836
4.8779,190857,930.9843,182.5963,5,132.1419,5.2977,28.8394,0.234,7.7808,18.0031,0.090288,2.4287,1.4231,76,3033.8734,1,0.335762
12.4976,146998,1837.1175,400.281,5,110.3013,5.4906,29.8036,0.2273,8.0126,20.5976,0.314659,10.714,8.7502,51,2467.2688,1,0.239832
13.7638,150993,2078.2419,447.7134,3,46.1765,5.034,28.132,0.216,7.8177,20.6283,0.429002,12.5601,11.2182,44,2338.7872,1,0.160446
23.9045,182436,4361.0361,121.1155,3,91.6413,6.8561,29.0315,0.1277,7.7246,21.0074,0.642204,22.8251,21.5426,0,4264.4859,0,0.137056
10.0658,74743,752.3507,214.7001,5,78.674,5.1316,28.3393,0.2649,7.9038,22.5907,0.184,7.6053,4.8832,1,634.4282,1,0.329748
13.8884,168052,2333.9773,289.0502,3,110.1885,4.1641,31.6062,0.2673,7.8734,24.8154,0.368868,12.5378,10.933,2,2017.6259,1,0.171509
20.0298,166109,3327.1318,292.5692,2,49.163,5.7234,29.185,0.1954,7.6965,18.6566,0.67884,19.913,19.4163,15,2830.259,1,0.0
8.3349,73183,609.9731,419.4403,5,40.153,4.153,30.5809,0.2201,7.8204,21.9131,0.166011,6.1197,3.725,65,1116.7231,1,0.301591
17.8695,83097,1484.9049,131.4499,3,46.8226,5.9111,29.2598,0.1758,7.6587,22.0013,0.523594,16.811,15.5228,22,1438.3333,1,0.131758
9.9475,129899,1292.1658,380.9414,4,75.6657,5.3508,30.2043,0.2503,7.9454,21.8352,0.19026,7.6989,5.2185,50,1990.6571,1,0.301958
18.6469,76938,1434.6542,209.4234,3,80.5304,6.6096,29.3068,0.1032,7.7581,22.9986,0.359366,16.6003,14.2449,16,1603.2804,0,0.266495
12.0126,167039,2006.5655,246.3396,4,120.1884,6.2648,28.2005,0.1332,8.0016,20.0819,0.249985,9.8562,7.5334,49,3345.928,0,0.294294
12.5181,79158,990.9088,388.1154,5,140.4983,4.3329,30.894,0.2774,7.9269,20.2139,0.379519,11.1343,9.5797,14,983.8058,1,0.183431
22.824,135023,3081.7629,147.5064,2,76.6434,7.1398,28.3286,0.0421,7.9477,17.8648,0.461422,21.0788,19.0603,0,2751.8217,0,0.226374
15.6761,146682,2299.3998,297.3676,2,33.5301,6.6201,27.6253,0.0973,7.8689,22.2131,0.223252,12.5522,9.0559,19,2890.8915,1,0.415212
14.977,202544,3033.4937,171.6245,4,130.429,5.5498,30.1386,0.2133,7.9056,16.3618,0.46274,13.7371,12.326,36,3057.4065,1,0.162788
11.7139,182719,2140.3577,98.2125,5,79.8447,5.166,29.4492,0.204,7.8608,17.7299,0.266404,9.6308,7.378,65,3302.6418,1,0.283552
19.3654,107675,2085.1706,368.8693,3,92.5436,5.4739,29.9924,0.2143,7.7921,19.7436,0.463198,17.9673,16.2973,25,2012.782,1,0.176766
14.3193,146973,2104.5466,103.1045,5,51.7875,5.2848,28.0279,0.2052,7.8226,18.1934,0.47107,13.2084,11.9714,45,2374.2177,1,0.14818
10.836,133574,1447.4026,272.8211,3,49.0759,5.4357,29.7761,0.2094,7.7866,22.3967,0.299603,9.1872,7.3897,58,2003.7153,1,0.223189
14.316,173128,2478.5008,289.7843,4,101.4659,4.3053,29.6607,0.3268,7.796,22.3282,0.337575,12.6636,10.7393,5,2196.4192,1,0.213223
4.3319,109138,472.7726,161.0102,3,131.4128,3.9523,30.9263,0.2911,7.8487,19.3792,0.075017,2.2521,2.2521,2,477.9648,1,0.300932
26.7124,217099,5799.2304,320.1526,3,73.1531,7.744,28.0613,0.0661,7.7485,20.0693,0.557561,25.8792,24.543,0,5136.0717,0,0.073447
6.6583,169157,1126.2973,122.4306,3,106.5339,5.6422,29.599,0.2179,7.8014,21.3112,0.12734,4.0203,1.1638,64,2770.5637,1,0.35875
9.3281,178789,1667.762,80.2268,2,84.2658,5.0986,29.0415,0.2339,7.9614,20.3526,0.216249,7.2878,5.0844,66,2746.9811,1,0.277974
14.494,205946,2984.99,384.5226,4,24.2022,6.695,28.6188,0.1079,7.7959,21.2864,0.206356,11.0967,7.3118,21,4264.5221,0,0.453043
20.7826,183326,3809.9917,410.2271,3,46.1825,6.7469,28.8188,0.1096,8.0503,17.9256,0.532111,19.6327,18.2284,11,3798.4397,0,0.142684
12.2756,102027,1252.4388,306.8931,2,82.5743,6.6975,28.5324,0.1152,7.9698,19.4329,0.254389,9.9473,7.4494,40,2146.4994,0,0.318579
10.8702,105722,1149.2229,204.6057,2,99.9108,4.6014,28.8661,0.274,7.6225,20.0487,0.394645,9.7727,8.5739,2,947.4691,1,0.148383
14.378,111935,1609.4051,159.6017,5,52.7932,5.0215,30.8428,0.2385,7.8631,19.6013,0.372876,12.7999,10.9976,35,1657.2994,1,0.206684
8.5204,205766,1753.2172,433.5198,2,108.593,5.6878,28.151,0.1724,7.7597,18.6203,0.182825,6.4732,4.2727,71,3544.6257,1,0.2798
3.6518,162534,593.5467,145.0595,2,87.5824,5.3384,29.1444,0.1575,8.0373,19.8676,0.047086,1.6418,1.6418,76,2749.225,1,0.405331
16.5195,174607,2884.423,388.8484,2,35.3739,5.9016,30.649,0.1413,8.0874,19.1901,0.435598,14.9359,13.1731,45,3247.7503,1,0.211315
19.9745,167482,3345.3658,439.3604,2,45.4145,5.9,28.9873,0.1693,7.7517,21.3717,0.450806,18.4758,16.713,13,3486.9466,0,0.191872
14.1458,106749,1510.0455,300.1817,2,42.4691,6.8441,29.4969,0.062,8.1791,14.9669,0.278342,11.8552,9.3934,31,2281.3076,0,0.313065
23.0945,194801,4498.8252,236.4281,4,30.3601,6.7192,29.4035,0.0613,7.9421,19.2879,0.569418,21.6443,19.9892,0,4008.24,0,0.190017
17.6112,115405,2032.4157,211.9511,3,120.8046,4.2921,28.4497,0.244,7.8298,21.6148,0.623655,17.003,16.186,15,1743.3716,1,0.068787
17.7112,142547,2524.6831,117.913,3,50.8969,4.8507,29.3075,0.2271,7.9475,19.1211,0.61602,17.5645,17.0493,15,2134.8991,1,0.0
10.7691,178703,1924.4709,234.8262,3,36.9758,6.7116,29.1179,0.0877,7.7395,22.2157,0.20947,8.3885,5.8321,48,3822.0375,0,0.325556
14.5873,80702,1177.2273,373.3973,5,28.5422,5.4181,29.8359,0.1842,7.6212,19.8817,0.384907,13.2064,11.6181,33,1216.252,1,0.179886
17.4109,203743,3547.3557,99.0668,4,126.6423,4.8354,29.469,0.2865,8.0185,21.6567,0.731984,17.0063,16.4271,2,3157.4079,1,0.042455
3.5883,178030,638.8191,205.8451,4,96.1857,5.5204,29.2535,0.1281,7.7894,21.0466,0.054472,1.3582,1.3582,82,3536.4486,0,0.362398
23.5205,71367,1678.5847,207.5102,5,44.4334,6.2946,28.1445,0.1702,7.7556,20.1266,0.645022,23.4949,23.0403,0,1636.8281,0,0.0
13.3875,134861,1805.4561,252.55,2,69.3974,7.3554,29.1227,0.0885,8.0384,19.6463,0.176844,9.8035,5.8218,23,2895.3511,0,0.478891
15.08,140575,2119.8769,436.1841,3,47.8798,6.1171,26.924,0.1495,7.7855,20.7562,0.29383,12.8933,10.5087,30,2997.7341,0,0.295999
10.9262,146835,1604.3417,343.1981,3,58.2284,5.3441,28.584,0.2303,7.7402,20.7648,0.241281,8.7214,6.3214,59,2490.6988,1,0.298765
6.8971,105289,726.1929,399.2096,3,38.542,6.4138,27.7113,0.1069,8.0186,21.7894,0.143919,4.5126,1.9714,81,1852.8893,1,0.327711
5.4902,172784,948.6258,352.3058,4,132.7164,4.4263,28.855,0.2843,7.8616,21.3863,0.138465,3.5261,1.4397,6,1007.8966,1,0.270497
16.7613,66994,1122.9057,314.7186,2,106.736,5.27,28.9551,0.2412,7.7259,17.2238,0.67512,16.0956,15.2889,22,937.3049,1,0.083167
10.6569,188625,2010.161,148.7976,2,52.4658,5.8872,30.5841,0.176,7.8475,20.5389,0.225857,8.5799,6.3554,62,3799.9126,0,0.28453
8.0754,85266,688.5534,292.2682,3,96.1745,6.3904,29.6189,0.0968,7.802,20.49,0.108376,4.9048,2.1405,44,1656.3783,0,0.432778
15.2602,125963,1922.2204,373.9102,4,56.6148,3.9976,30.9654,0.2639,7.83,17.8866,0.420831,14.0089,12.5,5,1645.8537,1,0.156964
10.6275,172237,1830.4416,178.1849,5,81.9979,5.2457,30.8754,0.2499,7.8056,21.9386,0.263251,8.701,6.6162,64,2973.8508,1,0.262078
17.3079,97863,1693.8054,192.3936,4,110.6753,5.1864,29.5564,0.194,7.8932,17.1202,0.576919,16.4743,15.4305,18,1518.3903,1,0.101148
23.8613,170632,4071.4947,257.4701,3,36.8968,7.2221,29.2436,0.0986,8.0028,20.8893,0.769647,23.7656,23.3322,0,3818.7923,0,0.0
10.5915,174463,1847.8227,431.9225,3,117.7678,6.1926,30.0716,0.1713,7.794,21.2574,0.252885,8.5656,6.3883,71,3292.9585,1,0.276898
24.2426,143286,3473.6303,169.2429,3,41.8971,6.681,28.7923,0.0588,7.8133,17.8127,0.670815,23.4171,22.3572,0,3251.0775,0,0.097846
11.7415,208209,2444.6804,271.289,2,70.1461,6.5155,28.7571,0.0506,7.7822,19.3583,0.200744,8.937,5.9194,34,4396.1565,0,0.382995
14.8019,117539,1739.7994,250.4243,4,62.5189,5.5321,29.9418,0.1693,7.8881,20.7075,0.416939,13.3144,11.6537,44,2080.5393,1,0.198049
23.0458,189935,4377.2108,434.5992,4,46.656,6.1834,27.4306,0.1539,7.7688,23.4348,0.571338,22.0549,20.7337,0,4010.6634,0,0.112997
9.9014,101757,1007.5375,203.4481,2,27.3092,5.4348,28.9153,0.1906,8.0493,20.0576,0.243077,7.8907,5.7383,75,1901.3247,1,0.275529
21.5471,107631,2319.1378,304.4563,2,82.6003,5.6607,28.6473,0.1974,7.8776,20.4789,0.578789,21.1543,20.3225,15,1989.6875,1,0.011448
6.0729,205229,1246.339,299.0853,2,119.7643,5.1567,29.9982,0.2991,7.7354,20.7694,0.155673,4.0785,1.9428,11,1422.9891,1,0.273223
9.9236,48188,478.1961,122.6446,2,44.2736,4.4697,28.7192,0.2578,7.9031,18.3683,0.287473,8.4019,6.7626,3,409.9232,1,0.207653
12.7378,60103,765.5811,270.5575,3,29.9164,6.3656,29.4439,0.1444,7.963,19.6541,0.224951,10.3448,7.6953,48,1112.871,1,0.320534
18.334,214592,3934.326,352.3336,4,127.754,4.7671,27.656,0.3092,7.9129,21.7157,0.578809,17.7934,16.9494,2,3258.1685,1,0.049914
11.6272,79877,928.7479,432.1959,3,108.5775,5.4326,29.828,0.1903,7.9738,19.4764,0.306148,9.8828,7.9977,65,1434.9648,1,0.237551
15.8518,179538,2845.995,408.3112,3,76.1611,6.5639,29.2163,0.1458,7.7763,18.6508,0.346401,13.9155,11.7746,33,3591.0052,0,0.259578
22.1497,48125,1065.9554,316.054,5,120.2036,6.4122,27.7554,0.1215,7.9373,22.8561,0.557128,21.4294,20.3051,0,1013.2385,0,0.066573
22.9478,144771,3322.1725,448.4322,5,69.2626,6.1252,27.6078,0.1121,8.1384,20.1408,0.449546,21.6082,19.8258,0,3109.8684,0,0.153093
7.5497,94452,713.0824,96.2968,2,102.2657,6.1866,26.9222,0.1544,8.0465,17.9567,0.10593,4.0605,1.0989,55,1763.2143,1,0.470647
18.431,167172,3081.139,228.2153,3,33.6027,4.8738,30.109,0.2014,7.8776,19.3415,0.541273,17.8633,16.9082,15,2543.1836,1,0.045483
5.2506,181622,953.6212,335.8865,4,65.2623,7.0118,28.739,0.0616,7.6295,19.4648,0.06707,1.9473,1.4666,49,3783.3133,0,0.454328
18.6326,188747,3516.8397,248.9879,2,69.7938,4.817,29.0606,0.25,7.9603,19.3329,0.421632,17.2039,15.4215,19,3089.1169,1,0.173941
22.1743,168533,3737.1029,114.925,5,108.3119,5.5018,29.767,0.1705,7.9098,17.6776,0.614157,21.4818,20.494,0,3426.5698,0,0.073002
13.8047,173117,2389.8356,155.4874,4,26.3036,6.3021,28.4189,0.1554,7.7745,20.8349,0.412328,12.3569,10.7724,55,2818.2201,1,0.195483
22.5596,67616,1525.3889,378.4489,5,110.7845,5.8336,27.8573,0.1775,7.7558,20.8193,0.651288,22.5596,22.4203,0,1413.6412,0,0.0
13.1301,174312,2288.7365,143.9408,4,119.1436,4.4665,29.6134,0.2891,7.8573,19.329,0.327845,11.5277,9.6576,6,2122.7398,1,0.206419
15.5034,75141,1164.9387,311.0733,2,85.441,6.374,28.2621,0.1146,8.0282,19.6943,0.313943,13.3428,10.9617,30,1598.3792,0,0.290328
26.1155,86211,2251.4468,122.9701,5,117.5523,7.084,29.0097,0.08,7.9861,22.4634,0.733052,26.1155,25.8163,0,2095.8208,0,0.0
23.6702,165435,3915.8731,433.1314,4,58.9773,6.1184,29.1826,0.1402,7.753,17.3596,0.607846,22.5795,21.2329,0,3781.5621,0,0.134045
22.4719,170580,3833.2517,182.092,4,27.2351,6.5539,28.2185,0.0989,7.6208,23.6531,0.741691,21.8307,20.9939,0,3708.8158,0,0.074745
10.8737,48686,529.3987,279.7506,3,43.8441,6.6793,28.0285,0.1529,8.0702,23.3548,0.256426,8.9512,6.8765,66,860.0275,1,0.262037
17.4294,91916,1602.0375,196.2031,4,40.5746,5.6029,28.2039,0.2016,7.8672,18.9445,0.441884,16.3886,14.9947,15,1453.9335,1,0.118127
19.7715,170456,3370.1655,135.3072,3,68.349,7.1514,30.9846,0.0984,7.6489,20.6409,0.3885,18.0563,16.0037,14,3401.7055,0,0.216534
22.4577,158433,3558.0485,180.2797,3,131.3112,5.0046,30.4775,0.1615,7.8459,22.503,0.648585,22.3095,21.7237,0,3189.4637,0,0.0
12.7966,115003,1471.6519,134.2816,2,46.2511,5.4268,30.3082,0.2202,7.8625,19.0944,0.249077,10.4165,7.7524,43,1872.2919,1,0.31634
21.3665,72008,1538.5573,90.3182,2,110.5063,6.1248,28.1871,0.1149,7.8082,22.0609,0.552362,20.0357,18.5201,4,1553.9166,0,0.174663
18.9231,135144,2557.3462,378.1567,2,80.9147,5.1832,30.244,0.2209,7.7298,22.28,0.643271,18.0807,17.0738,24,2336.1004,1,0.106447
17.2839,141378,2443.5685,80.7286,5,76.1403,5.176,30.4111,0.2241,8.0234,20.0805,0.592331,16.6255,15.7293,15,2168.6754,1,0.073411
23.3912,84599,1978.8749,202.9865,3,72.4755,6.9242,27.5248,0.132,7.5883,18.4301,0.757391,23.0054,22.3479,0,1840.1196,0,0.030051
18.3904,95652,1759.0829,387.6763,5,109.2343,5.7169,29.0157,0.2536,7.7755,22.3814,0.739354,17.8338,17.1133,15,1564.1158,1,0.065456
8.0663,106805,861.5211,139.1616,3,108.2109,4.6388,29.7312,0.2376,7.9737,22.595,0.12328,5.2289,2.3843,57,1750.7864,1,0.383778
19.0839,156660,2989.6906,203.1892,5,70.3517,5.0714,28.3944,0.1486,7.9702,20.8465,0.68771,19.0839,19.0735,15,2660.4356,1,0.0
12.8006,130917,1675.8124,126.0521,5,75.7427,5.1655,30.7184,0.1986,7.762,23.4989,0.355642,11.311,9.6387,42,1947.3148,1,0.197565
8.4861,172826,1466.619,441.966,2,85.7642,4.8845,30.7749,0.2356,7.9684,22.2546,0.217948,6.7646,4.9209,74,2525.0901,1,0.235819
9.2104,134171,1235.7677,396.7371,2,37.2296,5.8659,26.0127,0.1398,8.0086,23.6054,0.121764,5.666,1.7873,38,2729.1201,0,0.478596
5.1357,135100,693.8322,397.518,2,113.8545,4.8174,29.687,0.2603,7.8737,17.5006,0.123666,3.1265,1.0736,11,903.7298,1,0.276398
16.0973,125497,2020.1631,233.4546,3,128.9382,4.9466,29.1967,0.2578,7.8683,19.65,0.538778,15.0125,13.7787,20,1857.2624,1,0.142518
11.3021,68725,776.7344,266.1697,3,123.2907,5.0793,29.3034,0.1935,7.8471,17.5586,0.283864,9.4936,7.5215,58,1070.2445,1,0.244767
25.8992,172696,4472.6934,425.2384,3,41.7952,6.7974,28.2038,0.0848,7.6369,21.7106,0.669256,25.8992,25.6884,0,4322.9841,0,0.0
22.8899,126396,2893.1951,252.4787,4,60.4785,7.0741,27.146,0.1194,7.8857,17.933,0.71129,22.8899,22.8395,0,2648.0079,0,0.0
21.2133,121414,2575.5947,311.5124,5,27.0431,5.9725,27.6492,0.1607,7.7658,19.0998,0.504775,20.0255,18.5144,7,2542.3895,0,0.142023
5.9588,45354,270.2563,420.2752,2,26.3507,5.4042,28.9446,0.172,7.8621,23.7408,0.111687,3.329,0.9007,68,717.4909,1,0.358714
10.1354,139498,1413.8655,331.1793,2,43.2761,3.7686,29.2289,0.2515,7.7696,19.5095,0.19197,7.8304,5.253,4,1255.3075,1,0.306589
19.4558,94559,1839.7246,258.4191,3,69.5747,5.2814,29.1325,0.2333,7.8356,18.3844,0.69729,19.0068,18.3148,15,1597.4792,1,0.042358
16.7519,123637,2071.1498,365.1625,4,32.7991,4.2909,29.9403,0.2354,7.8572,22.2803,0.639463,16.1236,15.3257,16,1679.5956,1,0.075226
17.2097,171093,2944.4586,397.0125,3,122.5392,5.5087,28.7343,0.1795,7.7527,19.3488,0.498624,15.9181,14.4465,36,3035.1637,1,0.169457
21.4903,170066,3654.7745,285.4902,4,62.7472,6.77,29.0832,0.1097,7.9539,18.2114,0.491748,20.0688,18.3892,3,3323.1764,0,0.181317
17.8101,196415,3498.1658,187.5253,5,98.2104,5.8491,29.755,0.2414,7.9101,16.706,0.608624,16.876,15.7797,28,3287.9932,1,0.119787
23.0487,139649,3218.7336,265.1227,2,31.7336,7.0626,28.2683,0.0963,7.8741,25.3654,0.538425,22.2198,20.9966,0,2987.4588,0,0.083472
18.5794,151645,2817.4785,403.9545,5,53.9189,6.9054,29.246,0.1124,7.849,19.3583,0.391534,16.6281,14.4515,16,3028.1567,0,0.259998
18.1832,95849,1742.8389,200.7456,3,16.2282,6.2197,27.2749,0.0991,7.8556,20.9165,0.439502,16.5229,14.684,21,2011.2145,0,0.222317
18.6201,105722,1968.5592,378.4017,3,89.4735,6.9438,30.8842,0.0915,7.6553,19.1761,0.426296,16.9269,15.0123,19,2062.6835,0,0.223419
18.402,168696,3104.3499,97.5062,3,57.4371,5.0625,28.9466,0.2432,7.66,16.8175,0.393265,16.8333,14.8956,20,2778.2998,1,0.192713
14.8693,207621,3087.1766,311.3227,3,103.0866,4.6123,29.5525,0.2872,7.8896,16.4202,0.615634,14.1952,13.3635,12,2699.2088,1,0.0829
15.2003,81509,1238.9597,346.4936,3,82.7036,6.4801,28.1344,0.0795,7.7503,20.348,0.342163,13.2371,11.1018,33,1707.8433,0,0.266184
11.4658,210191,2410.0069,213.9647,4,19.3042,5.2533,29.2935,0.2371,7.8702,20.7432,0.246352,9.253,6.7951,47,3436.2285,1,0.29572
22.1632,148839,3298.753,440.9532,2,24.8919,6.6146,29.3346,0.1101,7.9573,19.7263,0.777338,21.8953,21.3553,0,3063.7512,0,0.011424
14.6879,46045,676.3048,429.8884,4,40.9245,6.3384,29.9834,0.1205,7.8257,20.3274,0.353309,12.887,10.9292,43,961.3927,0,0.244278
13.314,199784,2659.9289,245.337,5,30.4265,5.2773,29.8548,0.2497,7.9703,20.7089,0.358175,11.7741,10.0246,15,2662.8823,1,0.20247
5.1834,128085,663.9139,372.7526,2,72.2941,5.5279,30.1995,0.171,7.8273,21.6556,0.100204,2.5512,0.682,74,2179.5834,1,0.360344
11.7458,133815,1571.7688,150.6006,4,115.5561,5.9629,29.114,0.1694,7.6381,19.8032,0.255548,9.6302,7.3132,55,2290.3961,1,0.285524
11.3929,53971,614.8875,111.2442,4,117.9398,4.369,29.3915,0.2303,7.7609,21.708,0.391471,10.1306,8.7504,6,522.6571,1,0.170542
10.9179,116585,1272.8671,227.8983,5,82.3679,6.5571,29.6546,0.04,7.9452,19.4548,0.153397,7.5452,3.884,31,2423.4635,0,0.457902
22.8282,88574,2021.9861,137.2269,4,71.5703,7.1553,28.6441,0.0922,7.7967,18.7124,0.59838,22.5321,21.7432,0,1967.6042,0,0.0
16.9985,51118,868.9295,87.8699,3,123.1487,4.2869,30.0061,0.2655,8.0146,22.9586,0.600674,16.3638,15.5208,2,688.9341,1,0.072687
16.4629,168227,2769.5049,410.3371,5,137.8121,4.4298,30.3677,0.2222,7.7897,22.6143,0.678477,15.8565,15.1059,5,2411.2726,1,0.074345
12.4791,147460,1840.1714,409.9545,5,26.1047,5.2539,28.2043,0.2181,7.9115,20.5212,0.307519,10.6512,8.6424,52,2509.5371,1,0.246117
15.3338,53479,820.0368,357.925,2,28.7019,6.6901,29.0038,0.11,8.0696,20.5768,0.323639,13.2892,11.0682,31,1097.1296,0,0.277464
12.8546,61653,792.5277,128.8505,3,42.6675,5.2734,28.6493,0.1732,7.9685,20.2547,0.255657,10.5891,8.071,46,1131.5597,1,0.302615
15.2562,124193,1894.7137,118.6975,2,56.0068,6.1282,28.8453,0.0848,7.854,17.1523,0.324654,13.1103,10.7777,29,2563.9681,0,0.291081
7.2727,72888,530.096,274.529,5,44.7813,3.8553,30.2215,0.2795,8.0122,18.1182,0.181925,5.4285,3.4467,5,492.7615,1,0.2521
11.1816,108932,1218.0324,429.1912,2,109.2683,5.4231,28.8032,0.2233,7.9316,18.8017,0.238577,9.1172,6.8736,60,1829.7117,1,0.28007
18.1609,57305,1040.7093,130.6254,3,76.4357,5.4336,30.7525,0.1893,7.8212,18.6757,0.608079,17.7818,17.0923,15,908.6698,1,0.024857
20.4584,198673,4064.5274,92.5397,5,78.0114,6.5514,29.3629,0.1519,7.9028,19.7515,0.508158,19.7907,18.6595,15,3541.1122,1,0.052662
19.0239,69883,1329.444,141.1964,2,127.7193,5.8948,30.5036,0.1709,7.9617,19.4453,0.432624,17.4128,15.514,22,1453.4004,0,0.205929
11.1177,157810,1754.4872,359.0021,2,74.9071,4.4556,29.0853,0.2431,7.9004,23.9323,0.291437,9.4107,7.4935,1,1451.2912,1,0.226344
8.7128,160451,1397.9745,203.4998,5,123.2762,5.6644,29.317,0.2367,7.9925,22.4568,0.22192,6.9696,5.0864,65,2331.4602,1,0.237433
11.5481,105000,1212.552,282.0809,5,117.5471,5.0049,28.4548,0.2237,7.8506,21.2213,0.238572,9.4232,7.0195,39,1492.323,1,0.280282
22.6922,68967,1565.0111,431.791,2,24.1912,6.3053,28.4624,0.1217,7.8256,22.4587,0.613614,21.7994,20.6255,0,1517.4001,0,0.103326
4.4392,100189,444.7549,141.2168,3,84.5088,5.4085,30.761,0.1721,7.8908,19.5007,0.064075,1.3655,1.2906,75,1797.7645,1,0.420951
4.6952,87246,409.6413,174.0426,5,101.4968,5.6636,29.7861,0.2205,7.83,16.2911,0.05421,2.3134,2.3134,61,1330.5993,1,0.438331
17.1506,193666,3321.4923,242.7425,4,72.6434,4.9708,28.6041,0.2331,7.9125,21.5429,0.419535,15.5788,13.7867,36,3350.6141,1,0.206119
19.4883,122214,2381.7491,305.6211,3,117.3208,5.4916,29.5547,0.1968,8.0598,21.3969,0.768341,19.4883,19.4047,15,2095.4605,1,0.0
20.3939,165583,3376.8836,147.2022,2,98.294,6.4671,29.6373,0.0856,7.7484,18.6156,0.697678,20.3939,20.3578,15,2951.5325,1,0.0
21.2353,219068,4651.9798,420.3538,4,84.1017,6.7983,29.3712,0.0479,8.0583,17.6299,0.508783,19.8016,18.1362,5,4361.6646,0,0.185375
14.4868,124456,1802.9671,377.4275,4,54.5376,5.1956,30.3795,0.2451,7.7105,19.4603,0.365336,12.9529,11.161,6,1623.3527,1,0.197445
4.2396,166420,705.5536,317.6821,3,119.755,6.2073,28.7372,0.1047,7.8404,19.6037,0.063066,1.7473,1.683,90,3413.8998,0,0.344154
4.2247,108667,459.0817,115.8446,5,119.801,6.9223,30.9051,0.1508,7.7317,22.8192,0.057487,1.4882,1.4882,75,2015.5446,1,0.403214
19.5393,121716,2378.2486,126.6453,5,123.2228,5.7714,29.8155,0.1886,7.8451,16.7545,0.63809,18.8217,17.8749,15,2174.3493,1,0.082755
19.5304,156825,3062.8624,441.615,2,61.485,6.2458,28.4631,0.1259,7.8852,20.2333,0.522969,18.2991,16.8738,22,3305.6694,0,0.159632
16.287,59623,971.0789,351.6768,3,99.4588,4.9399,27.9412,0.2523,7.6886,22.367,0.614538,15.6255,14.7765,3,836.0265,1,0.078424
12.3143,134025,1650.4218,288.5651,2,58.9033,4.0367,29.7168,0.2854,8.0866,19.5452,0.380413,10.9948,9.5012,5,1448.8509,1,0.17396
8.6913,47828,415.6887,104.6538,5,85.1484,4.6787,28.0517,0.2573,7.8314,21.6823,0.251545,7.162,5.5213,7,393.0748,1,0.209247
10.5934,193144,2046.0472,87.9067,4,52.7028,4.2659,28.8819,0.271,7.94,21.1381,0.374095,9.3283,7.9511,1,1815.028,1,0.171426
16.8855,198594,3353.3663,414.7172,3,109.8791,5.1779,30.4726,0.253,7.9913,20.6598,0.52899,16.0051,14.9016,18,2863.7762,1,0.106743
18.6175,135655,2525.556,201.825,4,24.0745,5.0047,28.7385,0.237,7.9828,18.0289,0.627449,17.9044,16.9898,16,2074.7804,1,0.084581
4.1085,172167,707.3504,382.4391,4,111.841,6.6007,29.1078,0.0631,7.8603,18.7614,0.04601,1.5186,1.5186,56,3483.2408,0,0.46266
12.2865,171663,2109.1309,189.2433,5,30.9574,4.4724,31.2414,0.238,7.8942,21.939,0.408257,11.0887,9.7531,28,2403.9887,1,0.159622
14.705,199303,2930.746,405.5193,5,102.0633,5.1736,29.0649,0.2226,8.0263,21.3804,0.31287,12.8737,10.7787,35,3064.8091,1,0.239522
23.378,160802,3759.2236,184.0547,2,35.8249,6.5436,30.2545,0.1043,7.9183,20.0875,0.471394,21.9161,20.0414,0,3562.9529,0,0.173442
22.0343,111076,2447.4846,289.3587,3,60.1729,6.6607,28.2544,0.0936,8.0281,20.0845,0.617789,21.1427,20.0086,0,2236.7142,0,0.106621
15.969,99176,1583.744,376.4865,4,45.4457,5.9146,29.4449,0.1713,7.8824,22.8203,0.474418,14.7456,13.3375,33,1546.9433,1,0.159312
14.5419,118287,1720.1171,164.9444,4,36.545,6.1817,28.7625,0.1139,7.7329,18.4176,0.278102,12.2425,9.6926,36,2430.8761,1,0.307625
18.3866,161702,2973.1525,122.1121,4,111.5171,6.9356,28.6025,0.0984,7.6322,24.6053,0.288944,15.6815,12.5749,12,3472.9863,0,0.352818
7.6645,107381,823.0234,163.4887,2,37.34,6.1942,28.875,0.0904,7.7729,19.6915,0.113393,5.0011,2.4762,58,2149.1266,0,0.365319
12.0055,211711,2541.7012,159.0534,2,86.6547,5.4806,28.7823,0.2079,7.7818,19.7691,0.26815,10.1143,8.0251,49,3623.7179,1,0.253722
12.8198,180398,2312.6574,190.4566,2,57.158,4.2751,28.7434,0.2884,7.9845,18.6595,0.377269,11.3913,9.7784,10,2167.9977,1,0.188656
20.6621,59046,1220.0142,224.591,5,69.9333,5.337,28.3498,0.1848,7.8821,23.3389,0.606822,19.8306,18.7673,16,1061.4586,1,0.098942
17.8177,88927,1584.4769,122.4172,3,65.7563,4.8743,29.5771,0.2513,7.8698,22.2711,0.781838,17.5434,17.0816,15,1320.6848,1,0.021968
17.5379,211662,3712.1086,87.7535,4,26.2839,5.5557,28.4449,0.2377,7.7245,19.2308,0.613591,16.6587,15.6312,29,3222.8304,1,0.113127
17.7079,99513,1762.169,132.4883,5,54.2259,4.9879,30.9404,0.2389,7.631,19.5213,0.580011,16.7685,15.6635,27,1569.4387,1,0.120263
16.2109,50241,814.4499,122.6505,3,60.037,5.1519,28.0864,0.2472,7.9962,18.432,0.485029,15.3975,14.2619,3,683.8659,1,0.088028
22.4285,159585,3579.2596,292.7208,5,113.5487,6.787,28.2777,0.1069,7.7978,18.9154,0.428294,20.7203,18.5846,0,3293.0434,0,0.207583
3.9735,107831,428.464,334.2542,2,127.3047,5.7886,31.1932,0.1706,7.8795,16.767,0.046855,1.2364,1.2364,64,1960.8977,1,0.499363
7.5183,210899,1585.6086,325.2471,5,50.5059,5.6432,28.2458,0.1673,7.8488,17.6955,0.15395,5.4292,3.1892,73,3568.3718,1,0.285966
10.091,132457,1336.6236,341.2393,3,65.5978,6.777,28.0032,0.1054,7.9141,19.1713,0.173459,7.6476,5.0062,59,2630.3043,0,0.332652
7.756,120679,935.9834,389.8449,4,70.5422,5.7896,28.557,0.0831,7.8803,15.8294,0.10543,4.7936,2.4311,64,2238.6486,1,0.402781
18.5691,217194,4033.0967,372.9059,4,64.0596,5.7502,29.8985,0.1982,7.7388,18.4689,0.623104,18.2134,17.5388,15,3287.1831,1,0.020226
21.1178,184803,3902.6294,306.8684,2,42.0428,5.5998,29.5012,0.1523,7.9147,17.4868,0.730163,21.0981,20.7648,15,3299.8607,1,0.0
7.7083,155666,1199.9188,346.9145,4,135.663,4.7484,27.1592,0.209,7.8278,14.2455,0.123528,4.8436,1.7625,54,2558.919,1,0.386024
17.7365,48735,864.3894,185.4127,5,105.944,5.7663,28.0634,0.1341,7.8809,18.1999,0.442961,16.1797,14.4471,28,1021.3871,1,0.207759
11.7362,161779,1898.6783,121.9421,3,106.2976,6.7572,28.9644,0.132,7.9136,22.9447,0.279805,9.8054,7.718,65,3042.2488,1,0.262869
7.6042,138994,1056.9417,288.2413,3,80.7968,3.6248,28.2055,0.2468,7.7552,21.3957,0.25479,6.19,4.6688,1,952.8767,1,0.19317
21.5123,149484,3215.7483,109.8986,3,85.6648,5.4383,29.4178,0.208,7.6572,20.589,0.611077,21.3,20.6062,15,2804.6784,1,0.0
10.6175,206699,2194.6337,426.6534,4,85.1457,5.7855,30.0555,0.1574,7.8642,18.3317,0.198289,8.0531,5.2046,47,3296.6476,1,0.342699
18.2777,70860,1295.1591,240.0794,3,25.1429,6.5508,27.2784,0.0872,7.7422,18.2428,0.445584,16.703,14.9663,22,1465.2925,0,0.211492
9.353,209869,1962.914,185.0268,5,24.1208,5.9669,29.2482,0.159,7.7988,18.6077,0.189945,6.9663,4.4012,63,4198.3081,0,0.326211
12.4172,71447,887.1695,431.5237,3,34.362,6.4422,26.8951,0.1625,7.7087,18.2344,0.28134,10.2956,8.0078,47,1423.0807,0,0.289333
19.9146,142920,2846.1926,373.5662,2,127.3592,4.7617,28.6567,0.2214,7.8849,21.8232,0.694611,19.6394,19.0647,15,2340.6015,1,0.009121
16.6601,51058,850.6335,311.2069,4,50.4026,3.7113,26.1536,0.2478,7.768,20.5431,0.669489,16.6553,16.3924,1,732.3534,1,0.0
9.8231,176030,1729.1648,96.0313,3,80.0811,6.4434,30.4732,0.1342,7.9268,19.2341,0.146608,6.8674,3.6345,50,3610.2024,0,0.399239
17.1687,75617,1298.2487,433.6324,4,128.9113,4.9608,29.6457,0.2814,7.8726,16.9021,0.636974,17.1687,16.9785,1,1094.0829,1,0.0
5.305,56591,300.2164,282.8212,5,109.5528,6.1134,30.611,0.1952,7.7244,18.4889,0.0728,2.4818,2.2152,63,937.0171,1,0.38363
13.9221,48472,674.8338,142.9525,5,58.1096,5.8972,28.6303,0.1295,7.683,21.5978,0.393438,12.4662,10.8715,54,844.6678,1,0.196481
19.2184,61918,1189.9666,257.1377,3,114.4529,5.7234,28.5563,0.1988,7.7687,20.4727,0.766094,19.1085,18.7088,15,998.9782,1,0.0
22.5228,93002,2094.6699,288.6447,4,114.1597,6.0975,28.3098,0.2138,8.0589,18.6629,0.594044,22.3116,21.5918,0,1949.2971,0,0.0
14.5148,122003,1770.8492,280.9219,5,58.9326,4.7124,29.8267,0.2588,7.9308,22.413,0.397711,13.0278,11.3553,13,1626.4078,1,0.196959
17.8859,59469,1063.6572,380.2029,4,72.6854,5.5312,29.3778,0.1923,7.8976,21.5304,0.660695,17.2192,16.3634,15,899.9078,1,0.079029
10.7112,169824,1819.016,296.4131,2,99.2383,5.9321,29.2088,0.1832,7.9003,20.7493,0.192926,8.2637,5.6095,55,3535.3104,0,0.332527
12.0455,92639,1115.8871,85.9465,2,97.361,4.9494,28.2499,0.1976,7.879,21.3651,0.254673,9.9267,7.542,41,1513.452,1,0.280515
5.9743,138691,828.5803,92.3591,4,89.7943,5.347,29.3751,0.213,7.8055,22.8374,0.130386,3.9508,1.7884,77,2238.9053,1,0.277602
18.2038,137813,2508.7241,354.2099,4,52.2779,7.3535,30.0836,0.157,7.789,19.1055,0.374086,16.2358,14.0494,17,2907.5443,0,0.26296
4.13,71771,296.4155,299.7994,2,41.2608,5.4294,28.9085,0.1401,7.8556,18.1526,0.048983,2.2255,2.2255,76,1418.9295,0,0.382109
17.1825,91438,1571.129,349.7124,3,51.5271,4.1029,29.5387,0.2631,7.8794,20.8553,0.532482,16.3861,15.3176,1,1341.5279,1,0.090184
18.3664,172090,3160.6718,239.2533,3,27.5986,5.6848,27.4031,0.187,7.7474,20.1995,0.515091,17.1373,15.731,35,3117.8645,1,0.160762
13.0079,140604,1828.9614,117.0184,3,134.1909,5.2657,28.7221,0.2645,7.9652,15.7285,0.389802,11.6112,10.053,5,1545.9573,1,0.186061
25.5814,162420,4154.9233,298.78,4,119.9661,7.0691,28.6728,0.0922,7.9575,19.9926,0.684096,25.0042,24.0997,0,3859.2036,0,0.052989
13.2841,64345,854.7655,191.5835,3,119.9082,5.3847,31.0953,0.2072,7.8848,18.3749,0.301475,11.4015,9.3486,58,1210.7926,1,0.254807
21.8079,187318,4085.0177,394.935,3,16.4699,5.9613,29.0985,0.1323,8.0088,16.962,0.687089,21.7922,21.4227,15,3445.7956,1,0.0
23.751,95653,2271.8558,172.5548,4,73.3836,7.494,27.5341,0.0863,7.8428,18.5553,0.465351,22.4674,20.7469,0,2081.3985,0,0.145565
17.6242,151633,2672.4167,164.0996,2,21.508,6.0261,26.9238,0.1391,8.1631,19.7943,0.429041,16.0045,14.2179,26,2984.0199,0,0.217532
22.2471,194078,4317.6674,415.3242,4,68.295,7.1265,29.6242,0.0591,7.8693,18.8294,0.445065,20.9432,19.182,0,4118.8319,0,0.146602
16.2221,70460,1143.0083,315.0283,2,132.9132,4.2782,29.738,0.2432,8.0186,20.8641,0.69313,16.2221,16.0913,1,988.4381,1,0.0
12.6672,84070,1064.9355,206.9941,3,85.2887,4.6023,29.9691,0.2703,7.7476,20.1662,0.428217,11.5323,10.2524,9,1049.4357,1,0.150049
22.1123,106699,2359.3596,283.3672,3,46.6387,5.7998,31.1181,0.1991,8.0923,19.6884,0.553551,21.43,20.3346,0,2208.292,1,0.06002
16.6501,182737,3042.586,173.6683,3,71.2739,5.9871,28.8099,0.1392,7.9321,16.9832,0.398875,15.191,13.4658,27,3034.6106,1,0.186001
19.2489,171348,3298.2624,385.9074,3,48.4897,6.9063,28.7521,0.144,7.7916,23.2981,0.481385,17.7302,16.0108,17,3339.9544,0,0.200174
12.0508,101282,1220.5258,208.4353,5,37.5147,5.8116,29.1377,0.1228,8.0729,21.4389,0.192446,9.0872,5.7844,45,1929.7628,1,0.395117
21.7568,160812,3498.7583,423.8659,3,87.4113,6.246,29.8755,0.1611,7.5834,18.9751,0.471591,20.4976,18.8303,2,3270.5006,0,0.144659
10.0285,160095,1605.511,181.8068,5,57.7714,5.4614,29.5625,0.1801,7.9461,19.7914,0.235923,8.0678,5.9305,58,2659.3556,1,0.265442
4.3103,177251,764.0051,165.3222,2,36.8984,6.0931,30.8834,0.1606,7.7313,20.7663,0.055016,1.7478,1.7478,63,3565.6799,0,0.413049
18.966,113695,2156.343,135.2061,2,22.3631,5.5223,29.0575,0.211,8.054,17.0031,0.782298,18.966,18.8561,15,1825.8417,1,0.0
14.671,97130,1424.9924,141.7852,5,113.0871,4.9652,30.0267,0.2052,7.9094,18.0383,0.399462,13.2533,11.6728,44,1659.3111,1,0.188953
8.3496,208976,1744.8576,214.6225,4,125.434,4.9019,30.2995,0.2461,7.6408,20.5421,0.194315,6.4385,4.3757,2,1491.6761,1,0.260458
12.9519,81491,1055.4663,104.1652,2,68.1556,4.1965,29.0643,0.2818,7.676,19.9312,0.320836,11.3887,9.5864,14,1001.4423,1,0.203281
23.6454,71314,1686.2474,380.9483,3,81.283,5.9914,28.52,0.1477,7.7276,20.8795,0.553751,22.7861,21.5124,0,1594.9395,1,0.085984
16.7825,130862,2196.1953,155.6847,4,125.7339,4.4172,28.257,0.28,7.7133,21.6062,0.483797,15.6254,14.2292,3,1964.1476,1,0.145072
8.0154,207518,1663.3302,210.7081,5,42.0731,5.1205,28.2123,0.1979,7.7653,22.6323,0.148146,5.6195,3.0412,69,3594.5565,1,0.32718
3.0486,158303,482.5968,366.9908,2,62.65,5.2909,28.2558,0.176,7.6405,20.7538,0.043161,1.5943,1.5943,96,2838.3974,1,0.338846
22.5414,85656,1930.8028,378.4499,5,101.9077,5.894,30.0951,0.1619,7.6097,18.98,0.680908,22.5414,22.4509,0,1793.7019,0,0.0
14.4618,64992,939.9031,152.427,3,106.2029,6.4954,29.2785,0.1626,7.8638,22.5547,0.302874,12.4369,10.1421,38,1128.1789,1,0.266733
17.9144,157237,2816.8143,294.8656,5,33.5765,4.4254,28.8545,0.259,7.9873,19.788,0.563672,17.5539,16.8011,8,2512.9936,1,0.012001
10.1467,120757,1225.2848,231.4174,3,110.4468,5.5011,29.9543,0.1187,7.8774,19.4045,0.176319,7.278,4.1812,41,2440.3974,0,0.390942
21.1997,153959,3263.8859,343.3895,3,100.1097,6.3346,29.587,0.1533,7.8382,18.4427,0.382141,19.3591,17.1121,4,3291.0919,0,0.228462
13.2392,164037,2171.713,405.081,2,108.6088,3.8413,30.3256,0.2293,7.7264,22.8747,0.377506,11.8239,10.2107,15,2180.8665,1,0.185634
4.9857,144588,720.8667,253.8517,5,119.141,6.3902,28.7329,0.105,8.0886,17.9625,0.07431,2.4857,1.9332,75,2818.0699,0,0.345322
18.2759,90486,1653.711,204.3889,5,39.0908,5.5581,29.9878,0.2076,7.8767,19.552,0.48255,17.4756,16.2917,15,1462.2877,1,0.080304
10.8871,182733,1989.4282,203.3208,4,38.0682,4.5955,30.4525,0.2825,7.9182,20.622,0.285116,9.3589,7.6213,2,1816.5699,1,0.200791
14.0055,129362,1811.7753,330.2781,5,36.2861,5.2924,29.7387,0.2611,7.7632,17.24,0.350224,12.4344,10.6428,7,1561.1511,1,0.205994
14.6684,117544,1724.1845,292.8625,2,80.6727,5.6859,27.8401,0.1842,7.4818,16.4746,0.299387,12.5245,10.0993,39,2006.5583,1,0.282769
11.524,138192,1592.5291,275.2975,4,75.7413,6.2433,28.2031,0.0971,7.8084,21.4083,0.269142,9.5984,7.5151,64,2347.9512,1,0.262033
21.8183,58274,1271.4373,336.2685,4,40.8972,5.6034,27.7623,0.2102,7.7135,19.395,0.638675,21.047,20.0122,3,1229.1747,0,0.087361
4.56,203333,927.1968,174.7902,3,35.998,5.5391,27.4392,0.199,8.1249,20.4979,0.082041,2.3104,1.6972,94,3810.1421,1,0.310875
18.0956,80917,1464.2422,132.1912,2,21.809,4.7187,29.6546,0.2569,7.8444,21.0657,0.746975,17.7301,17.1673,15,1157.6397,1,0.034535
11.906,124869,1486.6862,150.2569,2,39.4139,4.9461,30.2918,0.2449,7.762,18.9562,0.3932,10.6311,9.233,2,1267.0648,1,0.171898
20.6609,168861,3488.8186,94.4628,4,126.0177,5.5554,29.0337,0.2155,7.7614,22.7892,0.649396,20.0102,19.0998,15,3050.3919,1,0.070247
12.3087,170720,2101.3404,82.0674,2,100.525,7.5718,27.5442,0.0711,7.9359,20.2898,0.192108,9.5429,6.5051,37,3628.5078,0,0.372524
19.7133,198729,3917.6075,91.2969,4,100.3123,6.4911,29.2087,0.0921,7.9261,20.6517,0.475679,18.1182,16.3389,12,3866.0725,0,0.212538
21.438,152587,3271.1536,329.3576,3,74.1494,6.4316,28.717,0.1011,7.9109,16.6499,0.50623,20.133,18.5756,4,3075.9717,0,0.165108
23.2702,138588,3224.9713,243.2252,5,97.4741,6.7974,27.5105,0.0723,8.0372,19.3969,0.719789,23.1109,22.5838,0,2954.584,0,0.0
3.2753,166905,546.6713,300.7759,4,44.6256,4.6075,28.9018,0.263,8.0383,20.6996,0.083181,1.361,0.7816,2,532.4502,1,0.264252
17.9273,155580,2789.1264,333.3284,2,18.3003,4.9768,32.5004,0.2564,7.9284,17.597,0.501698,16.8635,15.5569,21,2401.3049,1,0.131348
9.9225,139628,1385.4609,407.6864,2,60.6515,5.814,28.1687,0.165,7.8422,18.2332,0.167555,7.2378,4.2919,54,2357.2956,1,0.361835
14.6993,179300,2635.5815,392.5984,5,22.7336,4.5093,29.3088,0.299,7.6078,18.8349,0.414027,13.4932,12.0547,9,2403.0482,1,0.152672
22.2154,146484,3254.201,156.5101,5,108.5561,6.6372,29.8838,0.1606,7.849,20.1507,0.638041,21.4468,20.3997,0,3014.9964,0,0.085614
11.728,182798,2143.8522,133.0745,3,118.6034,6.5457,30.0464,0.1577,7.689,20.893,0.198969,9.0436,6.0639,47,3176.5401,1,0.35892
11.5339,162552,1874.8555,121.4695,4,52.6266,5.9801,29.4575,0.1815,7.9149,20.3987,0.235185,9.3893,7.0273,51,2682.2643,1,0.2883
8.256,61381,506.7619,81.3069,2,43.3581,6.5058,30.2088,0.1391,8.0547,21.6201,0.150955,5.7554,3.0728,67,1254.5778,0,0.342178
14.9682,54978,822.923,94.6981,3,128.1344,5.2971,27.8934,0.1995,7.8331,20.8546,0.506542,13.8984,12.6867,38,871.7966,1,0.140966
8.7099,202504,1763.7926,359.8826,3,62.065,6.3339,27.6376,0.1722,7.6948,16.873,0.141021,5.7412,2.4564,49,3296.8687,1,0.397815
3.5828,114891,411.631,305.7926,3,57.8304,6.1636,28.5937,0.1272,7.7585,18.1776,0.053491,0.662,0.662,74,2074.6754,1,0.445566
18.4031,45293,833.5331,274.2994,2,23.8537,6.1914,29.7445,0.1881,7.9917,18.2532,0.599712,17.3533,16.1452,33,794.1788,1,0.136697
5.9248,85462,506.3418,192.7861,5,50.0013,5.3591,28.5727,0.1868,7.7847,18.0852,0.079336,2.5277,1.5788,60,1535.101,1,0.460722
11.1926,98402,1101.3747,345.8899,5,99.5085,5.3107,28.0815,0.2036,7.6967,21.1658,0.192547,8.6211,5.7446,44,1635.5987,1,0.341922
17.9084,57585,1031.2553,229.0731,4,64.2347,5.1427,28.3264,0.1903,7.9154,24.3304,0.690368,17.2301,16.395,20,914.8292,1,0.083587
12.8095,111912,1433.5326,415.3866,5,99.2089,5.9056,28.7625,0.1215,7.7579,21.8916,0.230885,10.3901,7.7624,38,2196.4547,0,0.328343
5.9545,53317,317.4769,351.0774,2,53.2886,5.3525,29.6737,0.2218,7.8814,17.8754,0.091036,3.1633,2.0433,63,825.826,1,0.379465
15.49,49737,770.425,139.275,5,118.7247,6.1579,29.9643,0.1598,7.8558,24.1066,0.312268,13.458,11.1628,39,947.6308,1,0.268297
22.9628,171310,3933.7497,369.4053,5,67.4179,6.2922,27.9952,0.086,7.8258,18.0641,0.623203,21.7678,20.3714,0,3651.1146,0,0.153778
10.2734,179817,1847.3243,438.1845,2,31.9916,5.8198,30.8527,0.1891,7.7646,17.5187,0.164389,7.4476,4.3652,48,3787.8609,0,0.382381
14.6305,146994,2150.5909,336.4191,2,67.7486,4.3441,29.9531,0.267,7.7038,21.1573,0.479083,13.3963,12.0257,5,1764.1959,1,0.164961
23.8621,111224,2654.0329,139.095,5,23.4471,6.4367,29.7628,0.0824,7.8453,20.7677,0.780041,23.377,22.6647,0,2584.9971,0,0.049186
19.1098,132906,2539.8091,349.821,5,124.2659,5.1122,29.2019,0.2397,7.949,22.7169,0.565575,18.2809,17.1769,15,2118.4978,1,0.094644
13.2542,131026,1736.6438,91.2147,4,114.7817,4.8007,30.1276,0.2722,7.8578,21.9522,0.477612,12.1717,10.9466,2,1567.565,1,0.142717
8.455,184961,1563.8386,380.5662,3,92.9323,6.7119,30.1739,0.1286,7.9161,21.8739,0.144866,5.6676,2.6676,53,3741.0345,0,0.380591
17.9881,114852,2065.9677,221.0598,5,16.4594,7.1301,28.3743,0.0764,7.857,19.5952,0.295065,15.2784,12.2546,13,2380.5305,1,0.360923
14.5596,54814,798.0722,120.9714,5,85.8082,4.2938,30.6954,0.259,7.8449,23.5371,0.464611,13.5281,12.2743,17,752.9449,1,0.128535
18.0743,181682,3283.7701,196.8945,3,45.9746,4.2102,29.0786,0.2739,7.8119,20.5677,0.732829,17.935,17.5261,15,2890.1772,1,0.0
4.7408,162558,770.6586,216.9227,5,120.1694,4.6455,30.2747,0.2642,7.6833,18.3835,0.090061,2.385,1.4251,86,2698.4016,1,0.324503
21.9281,127437,2794.4566,86.3079,4,115.2198,6.5633,28.3601,0.1008,7.9739,17.394,0.741118,21.4889,20.8173,2,2669.657,0,0.041968
18.1288,191982,3480.4059,374.1921,3,30.8089,5.0284,30.4429,0.2374,7.7395,21.1546,0.750292,18.0016,17.6093,15,2973.4968,1,0.0
21.7907,141760,3089.0545,104.2823,5,96.6807,5.9901,28.756,0.0982,7.8896,17.8994,0.67969,21.7761,21.4142,15,2665.1949,1,0.0
4.3429,82732,359.2959,411.1792,5,107.6132,4.8367,30.9497,0.2817,7.9204,14.8791,0.101977,2.4618,1.4908,14,562.3712,1,0.257947
13.7986,155378,2143.9925,207.3587,2,100.1305,7.1981,29.8482,0.0662,7.7667,18.3478,0.189598,10.6677,7.1835,26,3135.0131,0,0.417836
13.8139,129071,1782.9791,365.5843,5,105.2404,5.6715,30.1416,0.1556,8.0011,18.4848,0.351006,12.0784,10.1807,56,2334.0169,1,0.234469
21.3713,75506,1613.659,151.5805,2,97.5582,6.4513,29.3722,0.097,7.6532,18.5928,0.648896,20.5319,19.5016,7,1609.8142,1,0.103695
18.0418,72594,1309.7246,385.8453,3,117.7367,6.7312,28.8447,0.0764,8.0298,20.1188,0.358244,16.0243,13.7563,18,1529.1768,0,0.267291
17.7459,105769,1876.9637,141.3667,4,124.9808,5.2351,29.2892,0.2107,7.7348,17.6817,0.597566,17.3261,16.5918,15,1534.077,1,0.030702
19.3791,179620,3480.8799,422.9348,4,97.9681,5.966,29.5251,0.154,7.9007,19.9552,0.404112,17.631,15.5675,16,3740.8767,0,0.223181
9.3675,170545,1597.5792,449.8412,5,105.2072,6.9282,29.2081,0.0673,7.8353,21.0878,0.143313,6.4499,3.2991,45,3390.1514,0,0.39748
18.5215,69790,1292.6151,109.811,5,71.9737,6.4875,28.6091,0.1838,7.7533,20.8393,0.37455,16.863,14.837,22,1205.5149,1,0.205746
9.3287,171310,1598.0946,230.3575,5,61.8661,4.2718,28.5696,0.239,7.8475,17.0044,0.185959,6.9861,4.3728,2,1357.5044,1,0.312108
15.7471,169092,2662.7059,214.4974,5,121.7941,4.8438,29.8841,0.2754,7.8609,23.1888,0.76153,15.4644,15.0163,6,2185.0841,1,0.02543
8.876,81335,721.93,195.3136,2,97.3104,5.6585,30.4578,0.2119,7.8128,18.4197,0.132879,5.8076,2.4178,50,1403.6958,1,0.41162
19.689,205472,4045.5371,431.9723,5,112.0599,5.6975,32.1466,0.1963,8.1302,19.7951,0.663344,19.447,18.8624,15,3305.869,1,0.000251
9.8483,50931,501.582,336.9731,2,106.3334,4.912,30.5602,0.2334,7.7514,21.5722,0.296424,8.3014,6.6196,60,716.1253,1,0.209783
6.3694,209842,1336.5682,83.6302,3,97.2167,6.7982,28.4557,0.0941,7.7092,19.3318,0.088028,3.2611,1.6168,47,4097.1821,0,0.4285
19.3674,77494,1500.8549,181.6065,3,70.1398,6.803,27.7068,0.092,7.9449,18.2949,0.398772,17.4624,15.2603,13,1663.2828,0,0.247222
8.881,147431,1309.3371,335.5137,4,42.5553,6.4933,30.2513,0.1092,7.8397,20.4895,0.135311,6.1857,3.3038,48,3134.8104,1,0.36963
6.4942,112366,729.7288,329.8472,5,23.4307,6.4365,28.7278,0.126,7.949,18.3644,0.105963,3.6815,1.421,57,2232.9313,0,0.386721
20.3471,105212,2140.7577,269.346,2,74.4985,6.5291,29.0756,0.1087,7.8606,19.4923,0.442098,18.9584,17.2284,15,2049.9998,0,0.169296
13.275,71172,944.8093,178.1009,2,128.2096,4.7145,29.799,0.2859,7.7664,23.7292,0.436377,12.0629,10.7125,3,778.9335,1,0.161651
16.7629,168970,2832.4262,355.9799,2,109.7164,7.2261,27.4231,0.0508,7.7206,17.5058,0.277436,14.1917,11.335,18,3601.7291,0,0.343534
13.7117,128132,1756.9041,382.4084,2,31.1784,6.7338,28.4015,0.0519,8.0709,22.4132,0.212596,10.9141,7.8603,28,2711.3824,0,0.3784
18.169,66368,1205.8424,293.5541,4,103.817,7.3935,30.0829,0.0886,7.8148,19.5245,0.442542,16.5571,14.755,23,1401.9109,0,0.214435
18.4889,144371,2669.2614,272.2083,3,78.9425,5.7731,28.4925,0.1924,7.8665,22.2122,0.665234,18.4605,18.0877,15,2389.3668,1,0.0
7.2301,129724,937.9139,329.3999,5,81.9893,6.4594,28.864,0.1171,7.7305,23.2855,0.068184,2.9776,2.3375,34,2622.8125,0,0.576603
11.8717,136607,1621.7511,395.0797,2,46.4488,4.4249,31.0025,0.2746,7.9272,19.896,0.38856,10.6189,9.2444,14,1613.8617,1,0.168843
15.1699,124295,1885.5366,278.1094,3,23.7181,6.6328,27.6987,0.0811,7.8826,22.4344,0.290146,12.8698,10.3423,29,2585.7794,0,0.30967
15.8295,131783,2086.0605,264.4171,3,133.0887,4.9062,28.6953,0.2067,7.7753,21.9967,0.547333,14.888,13.7954,30,2077.5198,1,0.121824
16.8829,119746,2021.6624,122.2476,5,47.7613,5.8034,30.2769,0.2458,8.0005,19.4815,0.444348,15.5076,13.9281,34,2105.9759,1,0.179353
13.7823,112957,1556.8018,307.8761,2,76.0701,5.1108,30.6469,0.1849,7.7489,22.4801,0.355936,12.2633,10.5478,39,1782.2075,1,0.20059
11.107,47393,526.3932,257.153,4,113.2374,4.8764,29.7225,0.2358,7.7312,22.8314,0.324214,9.5589,7.8804,62,752.8168,1,0.210333
6.8717,204868,1407.7892,320.7606,4,119.0732,4.116,29.9754,0.2441,7.8735,21.925,0.162725,4.82,2.6321,48,2830.4224,1,0.28184
11.486,208714,2397.2911,228.5328,4,100.7337,5.277,28.9193,0.2187,8.0934,22.1709,0.308098,9.8215,7.994,53,3388.2748,1,0.224242
15.2587,211052,3220.3735,91.1356,2,99.4817,4.282,28.6902,0.2765,7.877,24.0024,0.473577,14.2511,13.0136,3,2715.2573,1,0.124402
6.9674,120043,836.3864,125.5435,2,26.1994,5.7353,29.0385,0.1902,8.06,20.6902,0.164983,4.9081,2.6867,67,1856.0202,1,0.280758
19.9302,55362,1103.3776,232.85,4,131.8704,5.251,29.5338,0.1671,7.7634,20.6659,0.652622,19.9302,19.8379,15,896.5505,1,0.0
21.3823,147758,3159.4007,387.6313,2,56.2383,7.2882,28.1509,0.1056,7.8986,17.5538,0.655945,20.4752,19.3932,6,2921.7607,0,0.11481
9.5797,77159,739.1563,204.1743,2,80.1399,4.4879,30.6047,0.2332,8.0698,20.1127,0.2047,7.3778,4.96,4,697.051,1,0.296617
17.2863,145607,2517.0005,327.0632,4,61.7727,5.1056,28.6949,0.1995,7.8102,16.1085,0.651182,16.5277,15.6241,25,2258.9181,1,0.096136
12.8969,90693,1169.6547,317.9764,4,58.0768,4.8196,28.6046,0.2745,7.8011,21.3447,0.474189,11.7992,10.5744,9,1076.0264,1,0.146217
24.9284,155848,3885.034,378.7574,2,79.6045,6.5829,27.902,0.0921,7.6238,24.3486,0.623056,24.5068,23.6133,0,3423.4709,1,0.012186
13.0277,118080,1538.3142,167.4702,2,80.1926,4.3125,29.4489,0.2724,7.7559,21.3581,0.361336,11.7215,10.1661,8,1393.798,1,0.165581
7.9264,98702,782.3541,415.5389,2,90.5191,4.6214,29.139,0.2817,7.7282,22.6811,0.238723,6.4992,4.9707,2,676.1116,1,0.195521
16.5893,99394,1648.8779,268.5486,5,53.178,6.4736,29.8014,0.1049,7.8858,19.6653,0.285422,14.069,11.1888,23,1938.0248,0,0.329912
16.5352,56636,936.4884,170.9893,2,23.349,5.2032,28.5389,0.2776,7.8201,16.3066,0.685645,16.1747,15.596,1,786.2462,1,0.031719
5.2882,175454,927.8316,249.8347,3,21.0497,6.3398,27.4851,0.1319,7.8761,20.7989,0.058642,1.7635,1.7635,49,3536.8215,0,0.511606
15.4229,170167,2624.4694,435.2778,3,44.1751,4.0932,29.4184,0.2563,7.8896,20.2346,0.705045,15.4229,15.4026,4,2172.239,1,0.0
17.0902,207735,3550.2224,198.7469,4,117.0805,5.925,28.0658,0.1985,7.9277,18.6087,0.475075,15.7575,14.2453,37,3813.1189,1,0.175368
8.9371,45398,405.7281,280.0105,4,77.6119,6.4527,31.1277,0.1134,7.9966,21.1472,0.129555,5.885,2.5761,46,923.5466,1,0.414744
10.9828,146323,1607.043,171.8427,5,57.2155,5.3395,29.9337,0.1938,7.6856,18.7573,0.265475,9.1239,7.1191,67,2561.8661,1,0.253484
19.4356,160557,3120.5155,146.93,5,59.8859,4.418,28.9935,0.2395,7.9463,17.0313,0.759517,19.2024,18.7106,12,2453.1606,1,0.007079
10.4244,205794,2145.2708,205.6379,3,86.9971,5.6496,28.6058,0.1401,7.9138,19.3421,0.17836,7.5735,4.4907,41,4206.7838,0,0.388043
7.3268,49603,363.4319,213.0102,4,82.1136,7.1255,27.3239,0.0401,7.6862,20.2962,0.11863,4.4031,1.2659,53,983.8367,0,0.400022
16.5493,193710,3205.7621,292.7468,4,53.9823,6.5684,30.2028,0.0983,7.5417,20.2269,0.274091,13.8401,10.843,18,4046.5186,0,0.363085
14.8568,219739,3264.6168,160.2524,5,72.5704,5.6267,29.5124,0.2034,7.8668,22.1492,0.492075,13.7372,12.4924,45,3676.5435,1,0.149528
4.3426,144989,629.6227,229.09,5,121.2199,6.3239,30.3419,0.1509,7.8732,19.1999,0.066876,2.3394,2.3394,95,2470.4579,1,0.284404
21.2335,56554,1200.8383,146.5734,3,103.6267,6.4145,29.264,0.1141,7.9963,20.9652,0.53727,20.1372,18.7525,7,1171.4127,1,0.131966
7.9737,87913,700.9876,404.0095,3,86.4199,6.2613,30.3886,0.1856,7.7143,19.6974,0.191097,5.967,3.8199,76,1526.1673,1,0.275062
17.8577,51172,913.8134,147.5216,3,19.0439,7.014,27.1396,0.0688,7.9216,16.5759,0.429599,16.1279,14.2115,22,992.5656,0,0.231582
22.0538,106935,2358.3203,207.8767,2,109.7779,6.4473,27.79,0.149,7.7993,21.7052,0.720563,21.6995,21.054,0,2295.2068,0,0.023088
13.2416,179284,2374.0032,113.2234,2,72.8575,6.0474,29.6508,0.1111,7.8571,21.5419,0.267317,10.9525,8.4637,39,3505.252,0,0.310439
5.0349,210193,1058.2937,178.3876,4,36.4618,4.6095,27.7031,0.2696,8.0108,19.9556,0.11899,3.083,1.3468,6,1175.6787,1,0.267637
12.4236,177993,2211.3053,382.3348,2,132.0819,4.9152,29.3922,0.2478,7.9925,20.6313,0.330343,10.9319,9.2632,4,1851.3326,1,0.198341
12.5366,97207,1218.6468,115.9423,4,79.541,4.7907,27.1753,0.2266,7.7166,20.4118,0.340067,11.0517,9.3893,11,1187.0361,1,0.197327
15.032,133151,2001.5269,357.1598,2,97.7369,4.5024,29.9443,0.2332,8.01,20.1764,0.44768,13.9601,12.665,7,1778.6872,1,0.13423
8.5138,206191,1755.4758,139.7605,4,119.1303,4.5389,31.585,0.2412,7.7659,20.2075,0.221105,6.6882,4.7335,75,3365.7717,1,0.250147
12.6461,112014,1416.5383,257.953,5,113.6971,5.8189,31.1942,0.1767,7.8089,20.7377,0.260793,10.537,8.2301,56,2075.8152,1,0.284894
22.208,177221,3935.7209,211.4985,2,33.0336,7.3409,30.4375,0.1059,7.7405,19.6384,0.592416,21.6433,20.6764,0,3630.9559,0,0.043467
13.9041,101470,1410.8517,177.8718,4,63.3388,4.486,30.6353,0.3017,7.9262,19.4301,0.534548,13.1035,12.1393,1,1147.9596,1,0.10054
22.5647,77903,1757.86,269.1136,4,23.6708,7.1425,28.7335,0.0905,7.6206,20.7336,0.666532,22.245,21.5652,0,1578.6458,0,0.008933
16.677,45885,765.2247,230.3961,4,123.7976,4.5401,29.303,0.3095,7.7737,20.3267,0.548296,15.9468,14.9845,13,672.7861,1,0.084292
18.8062,73025,1373.3209,438.2761,3,85.6094,6.4823,28.5825,0.1566,8.0945,18.3362,0.617933,17.9425,16.8948,22,1324.7351,1,0.107803
5.9528,103345,615.1929,396.6144,2,75.1328,6.3133,29.3847,0.1397,8.0675,19.6609,0.115774,3.5269,1.1396,79,1865.1711,1,0.333028
19.3525,63726,1233.2586,306.9244,2,111.1116,6.4169,29.2256,0.08,7.8583,17.9902,0.538996,18.3302,17.0801,21,1151.2464,1,0.126733
18.1047,174692,3162.7398,203.3925,4,100.1016,5.8266,30.6111,0.2513,7.8821,21.9647,0.595505,17.3324,16.357,17,2862.2644,1,0.092961
16.7521,102725,1720.8606,350.6452,3,20.2375,4.7627,30.3233,0.2248,7.9074,17.6726,0.627806,16.7374,16.4111,15,1485.7345,1,0.0
14.4975,109347,1585.2565,86.7059,4,26.675,6.5459,29.8094,0.1396,8.0802,20.763,0.428579,13.1686,11.7103,53,1864.3443,1,0.179083
20.8795,101066,2110.2071,338.1439,5,116.1279,5.7683,28.2933,0.1688,8.0032,19.8118,0.618218,20.0004,18.8818,17,1880.9168,1,0.105088
19.8373,152280,3020.8223,368.2787,5,84.6773,5.7944,28.466,0.1683,7.5423,19.0021,0.470177,18.3477,16.5894,15,3071.4096,0,0.190149
18.9281,92408,1749.1112,313.1499,2,38.5492,4.5728,30.3651,0.2315,7.7987,19.1378,0.61365,18.6695,18.0446,15,1441.5884,1,0.000266
25.6671,198020,5082.6022,404.3794,5,30.4089,7.5392,27.6195,0.0406,7.99,19.5922,0.758592,25.6671,25.4739,0,4758.9688,0,0.0
24.3814,79873,1947.4164,344.8188,3,63.6198,7.083,28.8211,0.1061,7.6332,18.4258,0.568896,23.4615,22.1932,0,1740.1733,0,0.10104
21.5391,89699,1932.038,443.6151,2,129.3945,5.1723,28.9529,0.2244,7.8638,18.8622,0.702092,21.405,20.8972,15,1639.1113,1,0.0
19.8648,165592,3289.4547,260.6021,4,32.5371,5.2795,30.5684,0.1483,8.1224,21.5255,0.657025,19.3367,18.5358,15,2910.9169,1,0.051109
12.8444,70578,906.5338,141.6423,3,141.373,4.0851,30.0479,0.2694,7.8213,19.4659,0.363441,11.399,9.8094,8,801.6598,1,0.194509
9.4639,69969,662.1823,88.0086,3,126.0376,7.214,31.2149,0.1326,7.789,19.038,0.171333,7.1188,4.5992,64,1427.4539,0,0.320603
15.3983,194450,2994.1963,429.2992,2,46.4714,4.8609,30.6555,0.2475,7.711,23.1044,0.589168,14.5574,13.5652,27,2656.6671,1,0.10737
17.6368,183222,3231.4425,372.5463,3,124.4117,6.0952,30.0258,0.1858,7.9603,19.893,0.385228,16.0935,14.191,20,3145.7956,1,0.189934
15.8008,121884,1925.8703,282.3012,3,35.3546,5.8298,28.2877,0.111,7.8429,20.511,0.33911,13.8106,11.6209,31,2412.1346,0,0.267752
3.1006,129944,402.9001,131.3164,4,108.768,5.7068,30.274,0.1668,7.9531,17.4137,0.047906,1.0825,1.0825,78,2678.9065,0,0.367768
20.9968,92334,1938.7154,394.4687,2,104.2993,6.8803,28.9471,0.0736,7.8636,22.8981,0.357159,18.5588,15.7637,4,1827.3833,0,0.318363
3.8769,110913,429.9987,180.3611,3,108.9821,4.9453,28.6814,0.2406,7.7863,20.6862,0.05643,1.3547,1.3547,3,459.7247,1,0.416648
11.3554,94943,1078.1169,431.2575,5,96.6281,6.9315,28.2384,0.0817,7.6658,21.9612,0.234315,9.3082,7.1045,63,1986.9399,0,0.279511
25.1728,120969,3045.1256,97.6052,4,57.4135,6.3921,28.9783,0.1138,7.719,19.2045,0.722249,24.5661,23.6994,0,2684.9884,0,0.063803
19.435,62370,1212.1597,89.1525,2,107.2724,6.7051,28.7091,0.0935,7.9852,19.8683,0.47424,17.8819,16.153,15,1348.8722,0,0.207239
4.3357,175671,761.6486,349.0682,3,46.7825,7.9024,28.7967,0.098,7.8775,20.8731,0.049163,1.7353,1.7353,54,3432.4098,0,0.433643
21.0627,132673,2794.4464,431.9105,4,107.7321,6.3812,28.4612,0.1265,7.7518,20.4394,0.643417,20.8238,20.1951,15,2330.1538,1,0.0
20.2022,187421,3786.3142,95.5511,2,33.8767,4.9274,28.566,0.2588,7.8773,22.2453,0.681426,20.1961,19.8813,15,3259.6066,1,0.0
17.7951,111270,1980.0624,236.1678,5,63.8745,5.1406,29.3778,0.1585,7.9015,17.9807,0.412232,16.1509,14.2443,31,2033.647,1,0.212871
12.3426,47117,581.5471,141.4316,3,35.209,5.8602,26.5993,0.1429,7.8356,18.4024,0.256653,10.2546,7.9258,45,770.4493,1,0.278243
6.696,134896,903.2701,196.6937,2,116.8262,5.183,30.6967,0.2242,7.9329,21.6294,0.143516,4.6993,2.5628,76,1996.8075,1,0.273703
11.2328,203666,2287.7368,258.0716,4,39.1409,6.1997,28.6605,0.1445,7.8081,19.5228,0.185593,8.5111,5.5618,40,4171.9031,0,0.369964
24.7894,219816,5449.1128,180.7828,4,27.2761,6.8499,28.613,0.0947,7.7876,17.246,0.529452,24.1096,22.8754,0,5291.4998,0,0.04482
11.0291,78460,865.3394,372.6982,3,117.8025,3.6625,29.0487,0.2579,7.8426,19.9263,0.231844,8.9707,6.6432,2,762.8445,1,0.271564
20.8073,82925,1725.4449,379.7445,2,80.5693,5.5486,30.5437,0.1657,7.8975,17.6972,0.597087,19.9203,18.7895,16,1480.2974,1,0.105857
4.4311,215684,955.722,337.3036,2,67.5247,7.1555,29.0006,0.1275,7.9391,20.7078,0.074839,1.4348,0.6005,75,3835.7835,1,0.410494
15.1881,65213,990.4609,262.6408,5,19.8249,4.8566,28.2086,0.2964,7.7762,18.7488,0.582776,15.0624,14.5663,13,812.5592,1,0.0
14.8513,189928,2820.6826,121.1657,3,131.0302,4.7965,29.483,0.2786,7.7635,21.3611,0.583485,14.0867,13.185,3,2291.7728,1,0.097693
16.6343,142630,2372.5431,175.3811,5,54.9206,6.8351,28.8305,0.0894,7.9307,21.598,0.31701,14.5648,12.2204,29,2957.7753,0,0.272662
17.9661,153830,2763.726,103.3139,5,60.5684,4.7934,29.7508,0.2977,7.8543,22.1148,0.636493,17.9661,17.8049,15,2169.8532,1,0.0
16.9401,143983,2439.0898,433.6165,4,62.3453,6.1323,29.2838,0.2257,7.9011,23.7092,0.401928,15.5297,13.8454,25,2381.1143,1,0.178371
22.176,140343,3112.2488,249.7879,4,69.2232,6.8673,28.2391,0.1141,7.7602,19.8199,0.726235,22.175,21.8964,0,2775.4836,0,0.0
17.8237,180140,3210.757,416.999,2,110.9702,4.6286,28.5809,0.2472,7.9605,21.8,0.438523,16.5933,15.0152,16,2950.4599,1,0.145962
5.1309,94101,482.827,109.105,3,50.9499,7.624,27.7324,0.0756,7.8273,20.0852,0.051939,1.7874,1.7874,43,1942.1734,0,0.521321
17.367,84009,1458.9867,386.6543,5,20.4549,5.152,28.3929,0.2114,7.8411,17.7609,0.690454,16.9622,16.3491,15,1286.8154,1,0.039262
9.954,107103,1066.1049,174.8785,4,63.7664,5.8292,30.4385,0.1321,7.7982,17.9159,0.214252,7.6865,5.2569,59,2241.8785,0,0.31053
20.2667,135340,2742.8904,383.3015,3,87.1745,5.8322,28.3096,0.1904,7.9977,18.5865,0.670827,19.507,18.5624,19,2438.3647,1,0.092784
24.4341,66288,1619.6873,357.1404,4,27.3106,6.6631,27.181,0.0756,7.6158,16.9998,0.765357,24.4341,24.4341,0,1542.5217,0,0.0
6.4317,142403,915.8987,438.1326,2,96.2198,5.7492,28.9248,0.1846,7.6379,17.0783,0.111933,3.7903,1.4463,64,2421.0537,1,0.359371
23.6069,215254,5081.4848,316.4765,2,43.9292,7.0023,28.619,0.105,7.819,15.0852,0.608075,23.5089,22.8844,0,4637.3475,0,0.0
19.0919,186889,3568.0659,423.9997,5,100.7896,5.8126,27.8174,0.1251,7.8645,23.7639,0.497554,17.6795,16.104,19,3934.86,0,0.188188
17.9206,48958,877.3548,370.8641,3,29.5949,5.2527,30.273,0.1558,7.8101,19.0091,0.354398,16.0032,13.7458,28,954.1422,1,0.245269
22.8707,59518,1361.2207,373.6273,5,89.9605,6.5498,28.7353,0.1583,7.7553,22.9296,0.659067,22.8707,22.8701,0,1293.4522,0,0.0
19.05,134745,2566.8969,271.4482,4,100.9195,6.5034,27.3203,0.0913,7.6883,18.7665,0.373952,17.0825,14.7987,15,2731.2857,0,0.254536
4.7516,192264,913.5606,198.9186,5,121.2526,5.8671,28.6409,0.1563,7.6025,20.5913,0.066628,1.95,1.7616,75,4078.5507,0,0.385017
17.9931,124791,2245.374,392.2188,5,106.1184,5.1298,29.4258,0.2392,7.7682,17.2746,0.558323,17.0298,15.8526,21,1920.6722,1,0.119477
16.4927,158597,2615.6932,124.178,5,33.1149,5.5064,29.4157,0.2281,7.8683,22.7919,0.432303,15.3875,13.9611,10,2309.0915,1,0.130303
15.6607,132962,2082.2816,415.9105,2,59.8794,4.9833,27.8094,0.2737,7.8045,18.3657,0.401091,14.2544,12.5811,2,1830.2238,1,0.17838
15.5772,60728,945.9731,362.1452,3,112.1475,5.5579,29.6747,0.1976,7.9735,24.0904,0.421795,14.2374,12.6818,31,959.4799,1,0.173297
18.5745,48552,901.829,256.3942,5,45.391,6.4932,28.1156,0.113,8.158,20.4884,0.48332,17.1107,15.4639,23,1011.0164,0,0.193829
6.4343,76916,494.9015,405.5419,2,101.4691,6.9968,26.2105,0.1121,7.9159,21.5968,0.09551,3.6583,1.9151,57,1661.5381,0,0.382276
18.3302,78349,1436.1545,107.5889,5,83.8285,6.4758,30.7637,0.0517,7.977,18.3438,0.456014,16.7797,15.0204,25,1574.7844,0,0.204065
15.1524,208341,3156.8758,370.3479,3,79.2527,4.1755,31.1919,0.288,7.7177,17.3037,0.70538,14.6995,14.0957,4,2813.8786,1,0.051659
4.398,85094,374.2417,284.1178,4,18.4987,6.4876,28.7142,0.1195,7.8185,20.6794,0.081416,2.112,1.3297,90,1507.2995,1,0.315388
19.6504,174268,3424.4319,399.756,5,26.5664,6.6938,28.3935,0.0648,7.7717,20.3428,0.340356,17.3913,14.7391,10,3746.5409,0,0.289644
12.3229,144106,1775.8057,403.0414,5,56.6466,6.8512,26.6083,0.1023,7.9757,22.479,0.209593,9.7283,6.8443,46,2676.1371,1,0.346569
15.5631,214622,3340.1912,447.4956,4,57.477,5.1635,29.2048,0.2292,7.8496,24.4979,0.435841,14.345,12.8991,4,2880.7377,1,0.154805
17.7114,197347,3495.2993,382.925,4,89.1711,5.683,31.2725,0.2213,7.8574,23.3155,0.437145,16.3465,14.679,22,3044.2496,1,0.169333
20.0241,198181,3968.3886,122.3719,4,92.2617,5.7209,28.812,0.183,7.6448,20.2316,0.684844,19.4932,18.7329,15,3564.3201,1,0.055658
19.8701,56783,1128.2837,268.9529,2,101.6847,5.4181,30.1074,0.2383,7.7106,21.5036,0.739538,19.2947,18.5317,15,977.4715,1,0.065982
13.4533,192536,2590.2462,129.6335,5,64.3836,7.1308,30.0418,0.0604,7.9546,22.4737,0.255331,10.9464,8.1951,35,3775.4981,0,0.337828
4.6587,177364,826.2861,316.7048,3,26.9278,3.9784,29.4776,0.2502,7.9258,21.3768,0.098562,2.5907,1.6694,2,818.8413,1,0.284195
3.9072,98952,386.6267,249.4051,5,35.837,5.703,27.6854,0.2023,7.766,18.9469,0.041774,2.2681,2.2681,67,1532.3314,1,0.397093
16.9915,142745,2425.4549,347.2263,5,41.3186,5.7575,29.8057,0.2059,7.8614,21.6353,0.475045,15.8892,14.5572,23,2282.5609,1,0.13802
14.5436,190838,2775.4796,335.4297,3,116.2304,4.526,32.1811,0.2676,7.8656,21.2188,0.484816,13.4513,12.2243,7,2637.3097,1,0.144824
5.6354,125168,705.3679,310.4352,2,26.0343,7.1565,29.3868,0.0278,7.7651,20.2427,0.071161,2.4943,1.789,51,2697.9982,0,0.432094
10.9541,165206,1809.6781,251.368,2,47.8361,4.5983,31.9185,0.2132,7.7964,18.7834,0.325003,9.5445,8.0042,56,2270.7942,1,0.190531
19.856,50268,998.1234,382.9203,5,105.322,6.5285,29.6451,0.1636,7.8341,21.9786,0.578771,18.8773,17.6982,23,890.9126,1,0.122879
19.6977,202491,3988.5982,241.2706,5,87.7427,6.7324,29.0349,0.0993,7.9512,22.8959,0.413275,17.759,15.5787,10,4098.1874,0,0.256787
13.3515,95854,1279.7915,384.8392,5,140.5349,3.9861,29.4449,0.2712,7.7675,22.7167,0.434327,12.1608,10.8204,15,1223.8543,1,0.157613
20.3666,179028,3646.1972,429.1182,4,129.6433,6.0309,28.1836,0.1383,7.8974,21.067,0.625875,19.3315,18.125,16,3511.1981,0,0.133496
19.2997,147583,2848.3035,175.185,5,49.495,4.8135,29.6994,0.2327,7.928,20.5373,0.53424,18.708,17.7288,15,2265.097,1,0.049073
21.6575,46126,998.9717,128.7544,2,87.2522,5.9059,27.9262,0.1382,7.7106,18.7672,0.626325,21.6206,21.1572,15,813.5586,1,0.0
7.1804,125838,903.5717,136.0633,5,105.0171,6.3593,30.7059,0.1626,7.9712,19.2075,0.147213,4.9629,2.6022,82,2387.5253,1,0.304963
20.5051,142202,2915.8638,360.7795,2,99.121,5.6228,29.2659,0.1722,7.6606,21.8519,0.709093,19.8036,18.9172,17,2647.1125,1,0.084407
21.0146,129545,2722.3413,269.8922,5,23.4483,5.8913,28.6267,0.1213,7.7978,21.8456,0.667507,20.8285,20.2543,15,2350.5332,1,0.0
22.8995,68463,1567.7686,200.6739,2,94.9913,5.787,29.4139,0.1733,7.6501,18.5368,0.641777,22.2591,21.3256,0,1490.1061,0,0.065598
3.3561,113417,380.6444,122.5774,4,46.3552,5.3566,30.8472,0.1823,8.0204,19.6131,0.068292,1.0048,0.7711,79,1752.1258,1,0.322821
9.7227,191882,1865.6147,92.9222,2,90.1585,4.3261,29.1372,0.2767,7.9454,19.2069,0.299366,8.3598,6.8745,4,1735.5994,1,0.184546
9.8324,57551,565.8626,257.4449,4,128.1751,4.474,29.8213,0.2628,7.8977,20.0869,0.284839,8.3011,6.635,6,533.2693,1,0.20758
17.8523,72988,1303.0061,137.5577,3,115.1418,5.5407,28.3087,0.2478,7.7932,23.384,0.55766,17.1815,16.2331,3,1102.8084,1,0.0715
19.587,174958,3426.8991,250.8,5,126.3521,6.0334,29.4179,0.1411,7.9315,19.5325,0.635584,19.587,19.4525,15,3008.9233,1,0.0
4.1106,78781,323.8404,222.5465,4,98.2613,5.8059,30.0782,0.2077,7.8285,23.2969,0.057894,2.3418,2.3418,95,1355.3317,1,0.313795
17.1068,95811,1639.0202,400.3988,4,119.4607,4.4358,28.6533,0.2987,7.9268,21.4543,0.650162,17.0408,16.6206,4,1322.7585,1,0.0
14.8332,62419,925.8731,411.5373,3,27.9888,6.4765,28.3047,0.1249,7.5762,20.4197,0.288629,12.6201,10.1248,40,1094.5002,1,0.2926
6.8723,211482,1453.3613,429.7437,4,109.2168,4.7564,28.1839,0.2826,7.9214,20.4208,0.196643,5.1943,3.3854,3,1299.7141,1,0.228888
16.0957,185949,2992.9781,303.7464,5,121.5637,3.7412,28.8146,0.2873,8.0067,20.5723,0.403976,14.7676,13.1395,1,2452.8167,1,0.164258
14.9049,178774,2664.6136,421.4541,5,38.2647,5.1574,28.7873,0.2042,7.9145,20.9997,0.464518,13.7486,12.4442,39,2810.3139,1,0.152826
2.5324,142384,360.5697,290.481,3,53.0247,4.5192,28.5333,0.3009,7.8014,17.7888,0.047943,1.3016,1.3016,27,1098.3931,1,0.283325
19.092,107489,2052.1806,268.5136,5,100.3032,4.8899,28.7116,0.2118,7.7639,22.3962,0.652842,18.7615,18.1252,15,1799.9113,1,0.017687
10.0811,177216,1786.5403,415.6249,3,44.3133,5.1208,29.3174,0.2243,7.9236,20.9624,0.220796,7.9044,5.4679,4,1705.2147,1,0.289305
19.0774,208510,3977.8374,101.7009,4,65.5316,6.8059,28.2429,0.0988,7.7256,22.1226,0.345527,16.9026,14.4381,12,4078.1016,1,0.286502
8.2218,194455,1598.77,144.2407,4,19.6961,4.9994,30.9076,0.2023,7.8403,22.1388,0.158425,5.7208,2.9642,51,3007.4034,1,0.336049
13.0708,56606,739.8846,120.4578,4,53.9597,5.5597,27.594,0.1665,7.7673,17.1224,0.23736,10.5536,7.7666,44,1191.3397,0,0.33714
20.3905,182611,3723.5305,161.678,4,130.3827,5.0161,27.564,0.1718,7.7835,21.3608,0.638583,19.7497,18.8401,15,3312.9091,1,0.067969
11.306,101082,1142.837,204.7784,2,31.6202,4.4469,29.6066,0.2712,7.8145,17.8721,0.369857,10.0172,8.5978,9,1106.0337,1,0.173278
9.5508,201511,1924.5881,385.7005,2,33.0908,5.365,31.2202,0.2467,8.0058,21.1115,0.25821,7.9849,6.2885,8,1909.0412,1,0.212883
12.9916,68529,890.3022,357.3887,2,26.8003,5.8984,28.9607,0.175,8.0747,20.7632,0.29399,11.1003,9.0474,61,1266.6923,1,0.256786
7.9492,58051,461.4601,266.1409,3,71.9841,5.7411,29.9918,0.2124,7.73,19.9027,0.21181,6.126,4.1732,74,925.3834,1,0.249735
18.3853,117616,2162.4022,161.002,3,113.2955,5.5416,27.7799,0.2197,7.7887,19.593,0.622615,17.4926,16.4465,28,1982.4755,1,0.11463
16.8595,103254,1740.8057,121.0862,5,39.9828,4.7169,29.3135,0.26,7.8422,20.2686,0.602298,16.5265,15.8806,15,1397.0665,1,0.01726
6.9427,122563,850.9206,118.1595,3,103.5479,5.6631,28.279,0.206,7.904,20.9359,0.134612,4.5265,1.9412,76,2158.3969,1,0.331187
11.7061,103839,1215.5482,435.4969,5,24.9653,6.0202,29.2348,0.1287,7.8147,23.0143,0.198582,9.1401,6.3181,52,1910.356,1,0.345312
17.0671,209934,3582.9648,346.2805,4,22.6025,4.8872,30.4877,0.2901,7.6572,21.0049,0.650118,17.0467,16.7042,1,2900.795,1,0.0
18.5031,204921,3791.6764,439.5794,5,82.3953,5.4529,28.958,0.1651,7.806,17.1379,0.489347,17.1594,15.6392,29,4342.9937,0,0.177218
8.7234,193779,1690.4027,260.1528,3,120.4583,4.1592,30.397,0.2613,7.8153,19.9304,0.175499,6.5507,4.1592,9,1905.8745,1,0.292192
21.9354,89143,1955.391,198.9257,3,92.8678,6.7345,27.1639,0.0738,7.7601,18.7015,0.599099,21.1755,20.0959,1,1891.8492,0,0.080514
11.775,192433,2265.8915,385.0536,4,81.4858,6.3062,30.1985,0.1157,7.7925,23.9458,0.270515,9.908,7.8737,58,3210.8533,1,0.252832
17.552,193888,3403.1149,185.1827,2,112.2339,5.2137,28.7081,0.1698,7.9454,23.9217,0.758474,17.552,17.552,15,2832.1547,1,0.0
12.2184,151211,1847.5551,235.1305,5,39.6082,6.6238,28.6154,0.0994,7.8385,17.4024,0.246076,10.1001,7.8086,52,3163.3922,0,0.288255
10.5952,112238,1189.1873,145.6073,3,31.6934,7.3674,29.6911,0.102,7.6767,19.5819,0.173519,7.6364,4.4519,36,2301.3087,1,0.404029
10.5812,99038,1047.938,307.9498,5,51.6307,4.752,27.5223,0.2551,7.9683,20.2097,0.202994,8.3176,5.8081,12,1153.6727,1,0.30291
12.2496,186636,2286.2105,100.2526,2,86.0962,5.364,29.5136,0.203,7.887,18.2558,0.266517,10.2184,7.9924,54,3249.9295,1,0.273996
17.576,169617,2981.182,141.0744,4,25.0964,4.8219,28.8774,0.2443,7.83,21.3863,0.652869,17.576,17.571,1,2382.237,1,0.0
25.2603,66066,1668.8488,442.9885,5,40.4695,6.7383,28.2344,0.083,7.7479,21.8058,0.561543,24.5042,23.298,0,1474.632,0,0.067291
5.0842,213684,1086.4099,80.0241,5,81.3032,4.1288,28.13,0.2573,7.7531,22.5636,0.10528,3.0714,2.085,28,2098.683,1,0.276595
15.2507,136318,2078.95,381.6011,5,51.0582,4.4163,29.6828,0.2951,7.8038,23.6313,0.559812,14.3312,13.279,4,1739.3832,1,0.120264
7.7778,156665,1218.5145,340.0936,2,111.6528,4.3119,29.0759,0.2748,7.7385,20.5322,0.184516,5.8566,3.7792,6,1281.4109,1,0.261533
7.9439,123844,983.8073,198.8349,3,47.7592,4.4408,28.2751,0.2373,7.798,25.4498,0.148425,5.5853,3.0356,65,2048.6111,1,0.321132
4.1492,189805,787.5419,292.5144,2,107.6671,4.5311,30.4985,0.2623,8.0739,19.144,0.073348,1.8018,1.7972,6,925.7375,1,0.320392
22.1821,139621,3097.0822,271.7935,2,63.7927,5.6814,28.7008,0.184,7.6591,21.2537,0.630889,21.6075,20.6919,0,2815.3771,0,0.051222
19.0616,125681,2395.682,115.5529,5,32.0017,6.6407,30.2795,0.1289,7.6985,21.1016,0.453633,17.4526,15.6419,17,2476.9733,0,0.213014
8.7287,134229,1171.6403,152.9714,2,24.3422,3.7834,29.1892,0.3079,7.8724,18.0897,0.24463,7.0744,5.2665,6,1133.0188,1,0.22359
10.2752,58820,604.385,381.6889,4,92.8991,6.6754,29.1865,0.0962,7.8282,16.3481,0.176177,7.6576,4.789,55,1087.6016,1,0.353085
17.4847,69519,1215.522,333.9284,4,51.0833,4.8997,28.7632,0.2644,7.603,16.1434,0.698369,16.9918,16.3274,15,1007.615,1,0.055551
7.5455,96436,727.6541,179.857,3,40.0181,4.5793,30.4968,0.2269,7.795,24.1102,0.199734,5.6538,3.6342,78,1503.1168,1,0.259672
17.6998,83421,1476.5375,395.2977,4,110.7921,6.3955,31.08,0.1961,7.7109,20.9422,0.378237,16.0327,14.0476,26,1452.9237,1,0.211335
14.1331,74483,1052.6729,328.0207,2,18.5467,5.054,28.8313,0.2438,7.8996,22.3999,0.37277,12.638,10.9652,43,1189.4673,1,0.198776
14.425,216224,3119.0244,219.1212,4,63.1024,4.8154,28.1592,0.1892,7.9111,20.6591,0.298,12.4153,10.1655,43,4012.8828,1,0.267065
15.747,114376,1801.0764,189.2681,5,98.9036,4.9925,29.8723,0.2657,7.8838,19.4174,0.551638,14.9819,14.0021,16,1578.9309,1,0.090878
14.8921,165774,2468.7292,152.2138,5,117.2886,4.387,30.5484,0.234,7.8789,15.9191,0.466878,13.6925,12.3488,19,2269.4381,1,0.159357
18.0441,72005,1299.2674,195.143,3,66.5462,4.8598,30.0157,0.1887,7.7443,18.9637,0.409008,16.6476,14.8996,19,1274.0473,1,0.169538
8.8697,167408,1484.8557,233.4426,2,30.0173,5.4917,28.6576,0.1603,7.8822,18.6054,0.180891,6.5274,3.991,64,3029.5611,1,0.31854
22.7565,191930,4367.6559,368.5647,2,60.5025,7.0741,28.5344,0.0519,7.9275,24.4391,0.621045,21.6712,20.3991,0,4166.5579,0,0.139345
15.0594,213969,3222.2352,327.3435,4,125.828,4.9241,30.9246,0.2612,7.953,21.173,0.444531,13.8701,12.4609,4,2970.8817,1,0.151359
9.7087,69802,677.6892,249.0078,5,61.6469,5.4242,29.6551,0.1994,8.1216,17.3478,0.253995,7.8911,5.9355,69,1211.2515,1,0.248243
16.6871,182830,3050.9034,152.2496,4,96.5988,6.5799,27.005,0.1624,7.7695,18.8072,0.497213,15.4018,13.9686,44,3246.7635,1,0.1713
10.4201,72614,756.6466,120.7086,3,117.0297,4.9619,28.9696,0.2383,7.8417,24.2704,0.306142,8.8911,7.2399,65,1051.6177,1,0.208329
13.0607,61863,807.9749,375.956,2,19.2971,5.864,31.9271,0.1434,7.8764,19.7438,0.296182,11.1204,9.0254,50,1281.9963,0,0.264374
24.364,176026,4288.7054,209.7649,5,122.4964,6.2975,28.8739,0.0905,8.0192,20.2228,0.764484,23.7907,22.9889,0,3778.1181,0,0.061931
20.4572,153120,3132.4056,431.5862,4,62.6092,6.446,30.3211,0.1565,7.905,19.3659,0.418787,18.8324,16.8917,9,3164.9964,0,0.205448
21.2827,90248,1920.7172,378.553,4,27.4822,5.6867,28.0746,0.1738,7.834,19.6023,0.724323,20.6746,19.8518,15,1658.9622,1,0.068229
6.6804,181844,1214.7932,425.3544,4,113.0146,4.76,30.5383,0.2521,8.1137,23.0949,0.114939,4.0512,1.8083,67,3099.2219,1,0.358487
15.5671,168972,2630.4062,173.642,2,38.6374,5.0296,29.0554,0.2348,7.8229,18.1646,0.531035,14.718,13.6859,22,2265.0061,1,0.105804
15.2803,157020,2399.3061,237.1021,5,40.4658,5.9002,27.2859,0.1243,7.8989,20.9226,0.249839,12.4849,9.3137,26,3179.0366,0,0.367928
18.7349,197631,3702.6046,388.782,5,79.19,5.6871,29.7572,0.1533,7.8521,18.6694,0.504643,17.3345,15.7608,23,3941.3838,0,0.185607
19.7043,80202,1580.3226,199.0405,3,30.5876,6.0455,28.4301,0.1804,8.2257,17.5304,0.516208,18.4235,16.9225,20,1597.9511,0,0.164439
23.2691,138590,3224.8653,80.9639,3,70.9642,7.3622,27.1389,0.0658,7.886,18.7274,0.603043,22.8221,21.9666,0,2983.2697,0,0.024519
20.1658,156864,3163.2802,339.6664,5,19.4601,5.8881,27.0384,0.1425,7.9101,21.241,0.778923,20.0581,19.667,15,2783.8149,1,0.0
16.3014,108695,1771.8851,322.4352,5,118.4376,6.0136,31.2954,0.0966,7.7764,19.2629,0.368787,14.4318,12.3603,32,2209.9907,0,0.250283
22.892,73635,1685.6533,105.7293,3,17.9745,5.8842,30.1257,0.1362,7.8701,21.3121,0.6709,21.956,20.82,0,1633.4742,0,0.116785
19.5597,92570,1810.6376,127.3358,5,33.5978,5.8049,29.8088,0.1776,8.0396,20.575,0.780668,19.5597,19.5271,15,1585.6777,1,0.0
6.3631,83989,534.4267,139.1994,2,126.213,5.0007,27.545,0.2361,7.7228,17.4757,0.142705,4.3366,2.1377,20,802.8997,1,0.275194
10.7003,162666,1740.5669,91.3291,4,130.7261,4.4102,29.57,0.2705,7.7779,19.8619,0.36606,9.491,8.1751,10,1634.9201,1,0.163916
19.6395,178123,3498.2497,237.4624,2,120.6539,5.7623,28.4168,0.1363,7.8402,21.0102,0.556196,18.3973,16.9656,20,3469.9877,0,0.161559
16.681,212124,3538.4452,369.894,2,119.3986,5.3604,28.3966,0.199,7.7054,22.386,0.470373,15.5572,14.2035,23,3436.3076,1,0.14111
20.1962,79488,1605.3554,357.8978,2,120.2029,5.8791,30.8006,0.1227,7.823,21.3027,0.454505,18.8028,17.0518,18,1467.342,1,0.168538
17.3792,180962,3144.969,435.0204,2,57.6507,5.2466,28.8175,0.177,8.0522,20.8818,0.63424,16.564,15.5978,26,2984.6685,1,0.103711
19.4966,61925,1207.3256,267.4772,3,27.1382,6.1496,29.4204,0.117,7.8059,19.8545,0.480975,17.9821,16.2531,16,1302.1487,0,0.198403
17.8096,173312,3086.6259,103.1389,2,96.8271,5.6129,31.5085,0.2391,7.9168,18.3754,0.647341,17.0339,16.0972,22,2836.1026,1,0.097201
17.2304,50578,871.4791,427.3904,4,132.3365,4.4636,30.1948,0.3118,7.7192,15.8978,0.619995,16.5241,15.6358,15,793.0777,1,0.085361
4.6273,165635,766.4403,117.4781,4,25.8294,5.1144,28.5061,0.2424,8.045,17.2119,0.103195,2.5059,1.1268,14,1159.5581,1,0.291572
22.4008,204216,4574.6087,261.0907,4,116.2769,7.3442,28.5004,0.0138,7.8677,20.8956,0.423385,20.8123,18.749,0,4365.751,0,0.186117
20.3049,91971,1867.4645,415.6454,5,68.9032,5.6445,31.6141,0.1921,7.8041,19.983,0.647468,20.3049,20.1047,15,1655.2514,1,0.0
20.0749,61349,1231.5775,356.4387,2,82.2248,5.3203,29.9693,0.1948,7.7675,17.254,0.770092,20.0749,20.0511,15,1060.3717,1,0.0
22.3668,203037,4541.2875,203.1656,5,47.0157,6.8237,27.3763,0.1319,7.9881,20.6757,0.57567,21.1856,19.7638,0,4286.9737,0,0.148396
20.9966,76357,1603.2384,263.284,5,90.6979,6.1484,30.755,0.1189,8.0434,16.8647,0.411658,19.2037,17.0965,5,1556.5178,0,0.229684
4.3532,60248,262.2687,398.8574,3,111.0304,3.912,29.9755,0.2993,7.9203,21.2486,0.09881,2.3649,1.3777,12,397.1738,1,0.273505
9.6995,169516,1644.2186,385.986,3,89.0138,4.732,30.3281,0.2696,7.7396,22.7912,0.18955,7.2673,4.5475,3,1621.5875,1,0.323494
5.3258,218554,1163.9685,312.4767,3,118.7574,5.3448,30.2423,0.1851,7.8512,18.8509,0.065669,2.2823,2.2823,63,3708.2292,1,0.420796
17.8687,199257,3560.4728,424.0799,5,113.4607,4.7213,27.3019,0.2042,7.9753,19.7085,0.582616,17.5287,16.8158,15,2787.0655,1,0.010915
7.9011,129626,1024.1889,439.3233,3,111.5199,7.8368,30.7878,0.0643,8.0929,19.2712,0.087854,4.3263,2.4454,40,2777.3251,0,0.485629
18.0074,106328,1914.6894,425.231,5,90.8502,5.6671,29.1503,0.2162,7.6211,18.1304,0.412854,16.5427,14.7464,21,1867.379,1,0.181091
5.802,182972,1061.6125,275.5388,5,32.9118,4.8249,30.1968,0.1713,7.9788,21.3327,0.102326,3.244,1.4976,81,3446.6399,1,0.351619
15.8927,189985,3019.3684,175.5928,5,99.4855,5.3908,30.0303,0.1925,7.7842,23.8843,0.38886,14.2496,12.383,37,3158.7749,1,0.216021
13.0697,45723,597.5873,280.5143,5,129.733,6.5219,27.4919,0.1355,7.8951,22.0334,0.288054,11.0088,8.747,53,868.7164,1,0.277734
21.087,158549,3343.3252,131.0118,3,26.9075,6.7661,28.7727,0.0792,8.0595,17.8276,0.483469,19.3742,17.4624,5,3400.521,0,0.228099
17.0727,67542,1153.1263,223.4505,3,125.2307,5.0917,30.6776,0.2068,8.2735,19.1913,0.470991,16.22,14.9912,15,1000.2135,1,0.088684
12.0811,67925,820.6117,265.8364,2,85.5092,4.3569,29.4726,0.2526,7.9171,18.3245,0.227387,9.5756,6.7509,40,1071.3552,1,0.331282
17.554,118677,2083.2579,388.6084,2,114.1337,5.0786,28.9474,0.2218,8.1183,19.44,0.719167,17.554,17.4205,15,1630.683,1,0.0
19.504,131754,2569.726,211.8191,3,89.3364,7.2646,28.7298,0.116,7.9781,17.5042,0.502211,18.1139,16.5423,17,2826.607,1,0.183417
12.2847,74081,910.0641,226.7018,4,39.7156,5.92,28.1371,0.17,7.7208,20.4665,0.26953,10.3339,8.2274,62,1459.9903,0,0.265798
10.5247,206792,2176.4164,97.209,2,99.6045,6.701,29.049,0.0781,7.7123,20.1333,0.164236,7.5029,4.2469,36,4487.1696,0,0.412292
23.4044,182285,4266.2762,305.4221,2,116.6434,7.2952,30.9118,0.0944,7.7627,21.8844,0.742915,23.3408,22.9083,0,4037.3909,1,0.0
15.6781,46099,722.7434,346.4559,3,31.1807,5.322,30.8897,0.2595,7.7841,21.4119,0.44021,14.5785,13.2275,21,681.9533,1,0.135741
12.9696,47233,612.5928,361.6999,3,123.219,6.1982,28.3837,0.126,7.802,21.3832,0.247764,10.5675,7.9028,47,858.6077,1,0.321292
26.6107,155028,4125.4002,170.5143,3,74.4945,8.0036,29.327,0.0579,7.7692,23.7124,0.709924,25.8502,24.8101,0,3669.9909,0,0.084307
16.7161,174069,2909.7623,187.4682,2,64.8178,6.3776,28.85,0.1576,7.8246,19.0938,0.435019,15.1305,13.355,43,3140.2361,1,0.210706
20.3308,141626,2879.365,233.5924,3,100.2825,7.0074,26.5361,0.133,7.8833,22.2597,0.408632,18.5931,16.5294,9,2963.9666,0,0.220749
5.5979,165199,924.7715,206.1632,4,115.928,4.757,28.6856,0.2115,7.8618,18.7037,0.113657,3.5627,1.9876,88,2740.0282,1,0.280595
22.7003,116364,2641.4968,228.6786,2,62.0858,6.5072,28.9111,0.1124,7.6841,21.0893,0.686475,22.5132,21.9351,0,2437.6206,0,0.0
15.4116,149425,2302.8829,154.4612,2,38.6691,4.9755,29.909,0.2494,7.7145,16.0639,0.485821,14.1508,12.7482,45,2373.8139,1,0.168299
19.0236,59899,1139.4928,369.9533,5,37.0614,5.3538,30.3271,0.2005,8.0179,18.6028,0.700234,18.6492,18.0372,15,1027.8697,1,0.03181
11.8414,102281,1211.1548,237.477,2,26.5352,5.0196,29.8052,0.2781,7.8252,18.944,0.359832,10.4362,8.8791,1,1056.5268,1,0.188111
4.4621,68836,307.1556,311.4518,5,53.9673,6.8087,27.6102,0.1413,7.934,19.1719,0.054097,2.3439,2.3439,83,1354.4859,0,0.342244
15.0989,58996,890.7745,304.8744,5,28.2316,6.5466,28.4741,0.0684,8.1124,20.9613,0.217609,11.7691,8.029,20,1219.7724,0,0.44146
4.8435,55429,268.473,108.0502,3,129.3694,4.516,30.8776,0.249,7.9183,22.068,0.089003,2.1032,0.8344,7,337.812,1,0.374163
19.5905,50515,989.6147,216.8535,4,28.3652,7.518,28.7433,0.1248,8.01,19.5289,0.504021,18.2663,16.7118,21,1022.8057,0,0.169804
22.9315,187895,4308.7072,253.001,3,117.3442,6.4358,27.9695,0.065,8.0343,18.5667,0.605556,21.7825,20.4053,0,4112.6801,0,0.144861
5.6111,47363,265.7595,366.2118,2,112.8287,7.0861,29.2895,0.1307,7.8253,17.7621,0.083639,2.8863,1.7668,61,974.4275,0,0.375847
17.5309,109943,1927.3984,246.5764,2,75.3167,5.3168,28.9264,0.2279,7.8315,19.13,0.672572,17.2881,16.7752,1,1642.7548,1,0.007259
17.9958,94885,1707.5335,367.9047,2,49.3738,4.3857,31.3896,0.2901,7.627,23.0768,0.719421,17.9957,17.7746,11,1484.8528,1,0.0
16.8511,175630,2959.563,190.0944,2,49.8918,5.2762,29.6108,0.2558,7.935,18.3001,0.709135,16.2944,15.591,11,2632.178,1,0.066993
22.1536,205298,4548.0952,413.655,3,66.4889,6.6108,28.3573,0.085,7.8337,20.7669,0.7018,21.8419,21.2171,0,4216.5341,0,0.013723
16.9567,162807,2760.6717,262.2493,5,26.5049,4.5422,29.76,0.2918,7.9046,24.3178,0.672692,16.9567,16.9328,15,2375.8013,1,0.0
4.6776,112231,524.9725,226.0869,4,116.7274,5.8855,28.3495,0.1744,7.8658,17.968,0.045095,2.1036,2.1036,56,2388.9425,0,0.510764
20.0286,49472,990.8567,323.8085,4,123.7446,5.3993,28.4625,0.2231,7.7178,17.5219,0.652529,19.4536,18.639,15,836.5474,1,0.061119
15.3421,85089,1305.4473,290.2398,2,59.4092,4.5112,31.2744,0.3165,7.733,19.0814,0.702567,15.3421,15.3262,4,1127.8615,1,0.0
16.8497,205109,3456.0224,365.5217,4,97.5076,5.5231,30.2794,0.1715,7.873,20.0213,0.355858,15.0262,12.9451,36,3930.8577,1,0.238936
4.2422,83780,355.4154,268.9385,5,85.7774,4.7826,29.634,0.2752,7.6981,20.252,0.076103,1.6499,1.2546,2,336.4593,1,0.351782
13.2244,169644,2243.4341,262.1844,5,26.6605,6.9848,29.6917,0.1222,7.7528,18.9682,0.280698,11.2182,9.0369,51,3575.7267,0,0.27209
5.1036,185474,946.5884,318.0388,4,77.3083,6.705,27.506,0.0704,7.9835,19.089,0.053452,2.4786,2.4786,63,3667.9659,0,0.398592
3.1989,203621,651.3559,101.7492,3,103.9184,4.972,30.1608,0.2846,8.2273,18.9331,0.04722,1.802,1.802,13,1157.5575,1,0.336139
16.1368,128766,2077.871,278.1742,5,43.4092,7.3849,27.3033,0.0655,7.6829,17.7128,0.297647,13.5847,10.8003,20,2520.4779,0,0.345327
12.6359,124923,1578.5106,120.0549,4,103.3302,6.499,28.3641,0.0894,7.7202,20.6605,0.184737,9.6997,6.4639,33,2540.0379,0,0.394555
22.3793,172845,3868.1487,284.8117,5,54.567,5.7492,29.1543,0.1583,7.975,20.8399,0.64578,22.0996,21.4108,0,3516.0953,0,3e-05
21.5834,163849,3536.4254,194.8086,5,67.113,6.5877,28.2852,0.0798,7.793,22.3191,0.43443,20.0246,18.0539,3,3435.9879,1,0.18749
24.9212,140372,3498.2388,131.5463,5,51.5611,7.0893,29.1085,0.0939,7.7953,22.1432,0.686576,24.9212,24.6959,0,3141.5408,0,0.0
11.7473,146374,1719.4972,318.4785,3,119.2971,4.986,28.7994,0.2505,7.948,17.5293,0.359038,10.3559,8.8196,8,1523.7815,1,0.186711
20.2016,66211,1337.5651,171.7732,2,93.3213,5.8589,26.8787,0.1327,7.8413,17.0287,0.521617,18.9689,17.5127,15,1374.4396,0,0.157243
12.3537,186731,2306.824,111.1711,2,45.1352,3.9411,29.686,0.2507,7.9288,20.1573,0.484831,11.3739,10.2849,18,2397.8925,1,0.130889
13.1195,57080,748.8634,350.4942,2,77.4505,4.6284,26.5837,0.2759,7.8364,19.4564,0.465893,12.0744,10.9111,1,599.278,1,0.139477
12.1573,46943,570.7016,141.991,4,123.9422,5.903,28.3777,0.1368,8.0704,19.9208,0.256644,10.0035,7.6942,45,1008.6853,0,0.294853
12.6231,183576,2317.2979,147.0696,3,41.0469,7.1972,29.4984,0.0634,7.8846,20.1582,0.159863,9.177,5.4135,25,3847.3133,0,0.465982
8.9676,108446,972.5031,275.8892,2,90.6434,4.1198,29.3306,0.2373,7.7913,18.5931,0.190194,6.8227,4.4896,8,1045.016,1,0.29083
17.2145,134456,2314.5956,90.8466,5,43.0264,6.8072,28.2188,0.1276,7.8876,17.7639,0.34268,15.1744,12.9007,22,2856.8184,0,0.27199
18.5054,48549,898.4205,121.3987,4,126.945,6.3213,29.2256,0.1452,7.9892,17.246,0.462426,17.0822,15.4037,27,914.1104,1,0.181804
17.0937,212482,3632.1094,428.5426,2,23.0615,8.0521,28.6108,0.0872,7.8899,20.587,0.277951,14.6702,11.8918,21,4500.6997,0,0.316491
19.5731,202668,3966.8409,322.6863,5,50.0366,4.944,28.6016,0.2369,7.7283,18.9719,0.680457,19.5731,19.4246,15,3324.0465,1,0.0
20.8609,130111,2714.2281,95.3455,3,52.2973,6.1148,28.8541,0.13,7.8925,21.2348,0.52414,20.2419,19.1834,15,2328.6597,1,0.04782
14.0616,83375,1172.3842,356.2517,3,89.2777,6.0548,29.9542,0.1762,7.8218,21.8854,0.233445,11.2759,8.156,31,1625.673,0,0.370096
15.6744,92617,1451.7203,415.6272,5,43.5036,4.7911,31.435,0.1983,7.7491,19.7048,0.535558,14.6961,13.5483,28,1364.8562,1,0.125499
16.2098,187186,3034.251,143.1078,5,140.1803,4.3652,27.3483,0.2559,8.1055,19.1274,0.589797,15.3841,14.4071,7,2650.1813,1,0.105208
5.8823,190320,1119.5283,181.9681,4,51.352,6.8866,28.8556,0.0788,7.7113,20.8702,0.068731,2.6411,2.0598,49,4040.6374,0,0.445291
16.206,89403,1448.864,158.8834,5,101.2016,4.7033,30.1397,0.2478,7.8227,20.642,0.758341,16.206,16.206,11,1235.5367,1,0.0
18.9791,191871,3641.5364,92.9211,5,28.4477,6.967,27.7948,0.1748,7.6599,23.0435,0.686679,18.2392,17.3381,21,3429.0098,1,0.092035
14.203,66418,943.3342,204.0345,4,31.7753,4.706,30.5343,0.2739,7.9971,20.5266,0.395955,13.0089,11.551,5,787.9143,1,0.148208
15.3371,193751,2971.5808,313.3717,2,136.392,4.4325,30.2301,0.2485,8.0309,13.4918,0.497808,14.5609,13.5297,8,2520.7436,1,0.088862
18.0857,62257,1125.9642,142.5501,4,83.4153,6.2025,28.3685,0.1568,7.842,22.4594,0.449619,16.6401,14.9929,36,1225.4956,1,0.189671
18.1013,208389,3772.1127,216.5677,3,89.1507,5.4432,29.7594,0.1745,7.886,18.6265,0.385233,16.3966,14.3295,23,3660.1636,1,0.212844
16.238,80273,1303.4738,167.7459,5,133.1067,4.7129,28.3627,0.2814,7.6174,21.8081,0.671344,16.1924,15.8456,2,1067.0133,1,0.0
17.4109,188872,3288.4236,422.0174,4,93.9365,3.9329,30.663,0.2751,7.9486,16.9604,0.615042,16.7432,15.8631,8,2869.4993,1,0.077064
9.4171,166481,1567.7713,178.9345,5,43.9904,6.1441,27.759,0.1662,7.7133,20.7008,0.142021,6.3054,2.8601,49,3061.6636,1,0.416799
14.264,198753,2835.0142,180.7851,3,45.174,5.318,29.7519,0.209,7.8201,18.347,0.429981,13.0099,11.6171,46,3139.3624,1,0.167609
15.0178,188076,2824.4876,114.9663,2,139.8241,3.9389,29.1909,0.2866,7.9924,23.5164,0.768742,15.0178,14.9584,2,2394.538,1,0.0
17.8254,121579,2167.1962,396.5668,5,114.0654,5.9054,28.8815,0.2133,7.8677,20.4313,0.371464,16.1717,14.1677,23,2103.6897,1,0.206562
23.5031,68531,1610.691,159.4431,4,94.0082,6.9883,28.9056,0.0661,7.6402,19.5869,0.770447,22.9964,22.2705,0,1455.8048,0,0.053111
8.3532,125209,1045.9011,437.2037,2,91.2774,4.1266,29.9478,0.2678,7.9885,15.0515,0.168717,6.1631,3.7659,14,1363.5608,1,0.295703
18.5529,100321,1861.2416,217.7077,4,81.7979,5.0209,29.6874,0.2101,7.8627,22.4118,0.751248,18.5529,18.4453,15,1575.8436,1,0.0
16.4709,142157,2341.4598,126.8084,3,130.6834,5.5909,29.3408,0.2327,7.6471,18.4351,0.658447,15.9798,15.2928,15,1905.196,1,0.053025
13.2032,118112,1559.4565,108.1709,2,45.7661,6.1899,28.9516,0.1798,8.0143,20.8902,0.294209,11.2601,9.1685,46,2360.5923,0,0.265307
16.0953,71479,1150.4757,443.8964,5,44.9401,6.1542,27.4852,0.1496,7.7103,21.6072,0.31075,13.8436,11.2731,36,1314.4921,1,0.294987
16.0535,90724,1456.4375,239.8181,2,111.2783,5.2713,28.4646,0.2294,7.8128,22.2016,0.453063,15.036,13.7295,16,1228.675,1,0.120581
14.1996,211683,3005.8181,343.982,5,31.0411,5.4009,29.0723,0.2166,7.9086,18.1391,0.398267,12.7429,11.1368,50,3486.6442,1,0.19568
16.6715,149655,2494.9802,409.8468,2,37.9881,5.3625,28.6621,0.1746,7.9701,21.1686,0.523275,15.5397,14.2659,40,2694.7169,1,0.149836
12.8881,126867,1635.0765,169.9909,4,119.7397,4.7812,29.5324,0.2621,7.8014,16.4849,0.349609,11.4285,9.7917,3,1381.0016,1,0.19374
16.9119,53091,897.8679,186.4624,4,45.5776,4.7587,28.3226,0.251,7.9128,19.641,0.736043,16.8656,16.5517,14,754.95,1,0.0
4.2393,60567,256.7616,213.3407,3,39.3215,5.6997,30.3064,0.207,7.8086,19.2001,0.072936,1.2716,0.6732,59,897.9708,1,0.401852
18.727,109097,2043.055,182.0096,2,60.4668,7.3752,27.5148,0.0561,7.8364,20.8339,0.31137,16.2867,13.5369,12,2236.193,0,0.322762
14.3361,68158,977.1201,228.468,4,133.1795,4.8479,29.8659,0.2593,7.9525,20.7112,0.47947,13.4897,12.4317,5,845.0244,1,0.102886
18.6131,156492,2912.7975,155.9033,4,92.7936,5.1734,29.4863,0.2086,7.8049,20.5785,0.744734,18.6131,18.5248,15,2464.9824,1,0.0
7.6553,120279,920.7755,436.5955,3,18.3681,4.6529,31.8515,0.2391,8.0213,19.4465,0.181308,5.6973,3.5914,6,884.8869,1,0.267482
6.29,120523,758.0948,96.4032,4,78.5288,6.7128,27.7732,0.054,7.9018,19.7708,0.07219,2.303,1.3517,38,2399.6308,0,0.543164
10.4426,183308,1914.2045,242.314,3,65.9368,5.8254,28.6679,0.1786,7.8265,20.4507,0.24696,8.5577,6.5045,59,2844.9308,1,0.255305
15.3818,120926,1860.0612,89.2632,5,47.3503,4.1681,26.3336,0.2857,7.8405,18.1613,0.707841,14.8515,14.1858,1,1623.0575,1,0.064214
17.9838,184340,3315.1295,277.6139,4,101.9084,4.0413,30.2031,0.2687,7.8823,21.6821,0.724731,17.5978,17.0048,7,2797.5073,1,0.036586
12.0963,176473,2134.6705,313.135,4,77.3413,6.4616,28.4059,0.1036,7.8266,18.5539,0.287894,10.192,8.1427,62,3587.0974,0,0.26005
14.9513,72179,1079.169,308.1689,3,137.6326,4.5751,30.4369,0.2891,7.9239,18.4271,0.543575,14.1163,13.1162,6,945.9889,1,0.105333
17.6958,180066,3186.4074,336.8072,4,114.504,4.8231,28.9338,0.2569,7.9516,17.9301,0.768087,17.6958,17.6914,15,2604.4504,1,0.0
4.5197,146853,663.7276,103.7724,4,23.7519,6.1858,29.658,0.1654,7.9321,21.5424,0.063202,1.9102,1.9102,84,2787.4388,1,0.364636
6.824,132348,903.1458,222.2758,5,82.4089,4.7721,28.8537,0.2915,7.742,22.5952,0.172934,5.0001,3.0531,4,827.5207,1,0.250394
20.4644,68457,1400.9311,371.3617,3,82.7644,6.3053,28.5102,0.1093,8.015,20.7534,0.592027,19.3827,18.0928,15,1394.2133,0,0.136965
3.6277,171239,621.2073,142.3081,3,29.3228,4.8495,29.2084,0.3393,8.0251,22.7273,0.068519,1.0118,0.8076,6,823.4187,1,0.355078
7.4275,66285,492.3309,104.2392,3,116.3646,5.4153,29.7817,0.1864,7.9334,22.3895,0.123023,4.9051,2.3938,75,1187.7135,1,0.345629
19.264,160918,3099.9201,428.1849,3,26.4166,5.2953,29.2351,0.2346,7.7091,18.6788,0.706681,19.2469,18.9399,15,2653.7228,1,0.0
12.5589,93453,1173.6678,391.4315,2,117.7549,6.004,28.9785,0.0962,7.7832,15.81,0.277273,10.3512,7.9746,42,1983.9303,0,0.301416
20.9033,122322,2556.937,81.6736,2,85.6185,5.3862,29.0437,0.2162,7.8161,18.6037,0.732227,20.7121,20.2087,15,2082.3662,1,0.0
4.7268,70859,334.9344,180.5165,2,31.2981,5.1668,28.2904,0.2149,7.9153,23.1513,0.087292,2.3891,1.613,85,1165.6824,1,0.321787
22.1935,157990,3506.3566,346.7201,5,66.9895,7.1145,29.1545,0.0311,7.8243,18.1374,0.447178,20.31,18.1324,0,3111.6031,0,0.244408
19.4247,49023,952.2576,375.2767,5,97.9664,5.4542,28.6597,0.2178,7.8028,24.1858,0.721576,19.2073,18.7201,15,814.2626,1,0.002756
19.2854,119855,2311.4551,389.4174,5,80.6074,6.2577,28.4182,0.1332,7.7242,19.1052,0.375407,17.2364,14.9046,12,2361.3449,0,0.26907
16.637,93039,1547.8878,133.5716,4,65.0596,5.1178,29.3172,0.2335,7.9805,17.9295,0.421951,15.0161,13.2026,43,1742.5517,1,0.215485
14.9539,184564,2759.9582,165.4383,5,68.6081,4.5086,29.772,0.2989,7.647,22.5508,0.658319,14.4869,13.8462,4,2348.0466,1,0.051618
9.8667,215931,2130.5365,416.4402,3,84.2607,7.68,27.8276,0.0837,7.5331,21.2169,0.184853,7.3955,4.7617,47,4251.3353,0,0.3396
18.4257,151002,2782.3154,439.4003,2,34.6154,6.7037,29.3019,0.1161,7.9261,19.678,0.336358,16.1875,13.6549,15,3235.844,0,0.29514
24.2002,124553,3014.2111,401.0768,2,21.3439,6.8447,29.1453,0.0881,7.7829,22.1495,0.757123,23.5594,22.7144,0,2830.3297,0,0.073939
19.2523,172009,3311.5752,398.8567,2,83.7644,6.0653,30.4749,0.0932,7.952,19.5083,0.545848,17.982,16.5387,22,3481.7451,0,0.167019
8.1426,208144,1694.8346,381.0768,2,54.1956,6.2087,27.0592,0.1663,7.9587,19.6943,0.184525,6.2342,4.1966,78,3566.9907,1,0.261947
21.4412,97999,2101.2136,177.7794,4,127.5621,5.9029,30.7919,0.1486,7.8296,19.0359,0.633264,20.5071,19.3741,6,2000.6801,0,0.116575
19.2805,100842,1944.2866,425.9009,4,82.0738,5.4207,28.7013,0.2368,7.8941,18.9642,0.683312,19.2805,19.2805,5,1580.4555,1,0.0
10.2746,94445,970.3802,293.7274,3,72.1902,4.7577,28.636,0.225,7.6733,16.5484,0.214908,8.1295,5.7511,12,1041.1948,1,0.287019
6.6129,216993,1434.9629,119.6105,3,122.9965,4.8337,30.0303,0.2934,8.2222,18.8338,0.163239,4.9297,3.1173,3,1355.2604,1,0.229765
19.0895,80459,1535.9224,189.4248,4,101.727,6.5259,28.7219,0.0378,7.6662,15.8284,0.468021,17.6127,15.9287,20,1583.881,0,0.193622
4.2923,84070,360.856,190.4548,5,95.8352,4.6236,29.1839,0.2312,7.6448,22.0492,0.064802,1.9303,1.9303,74,1357.103,1,0.356656
10.5513,129987,1371.5339,285.1968,2,98.2296,4.6435,29.6589,0.27,7.8072,22.9898,0.246377,8.5061,6.2639,6,1328.4782,1,0.275811
8.9883,108924,979.037,395.1363,5,38.7756,5.5741,28.3813,0.186,7.7134,21.9565,0.174943,6.8157,4.4791,70,1834.2685,1,0.296805
8.1631,204074,1665.8809,120.862,4,125.558,5.3637,30.7821,0.1986,7.7982,20.2173,0.176924,5.9651,3.6183,78,3565.7051,1,0.30172
20.4426,214921,4393.5468,222.8832,5,134.3706,5.4047,30.1814,0.223,7.6363,21.6602,0.775192,20.4426,20.3979,15,3436.6118,1,0.0
25.2315,205802,5192.6844,280.0641,4,74.1538,6.5838,28.4343,0.0627,7.8158,24.1865,0.622086,25.1669,24.5801,0,4735.0444,0,0.0
11.4005,177591,2024.6223,110.6431,3,40.9664,4.3264,29.2588,0.2383,7.8413,18.6551,0.285118,9.7062,7.7824,10,2025.2707,1,0.222843
14.2813,149930,2141.1932,229.8212,2,90.8768,4.4704,29.8139,0.2827,7.9743,22.825,0.463914,13.1246,11.817,10,2072.8055,1,0.152645
20.603,124106,2556.9591,327.0796,3,24.2057,7.3619,30.1133,0.1218,8.0175,22.3394,0.378331,18.6424,16.3239,7,2520.8432,0,0.249933
19.9283,141976,2829.3427,175.7971,5,71.6043,6.1922,30.7316,0.1114,7.8856,22.7137,0.496718,18.503,16.8857,13,2883.4448,0,0.187562
12.6348,134665,1701.467,256.1946,3,68.8259,6.1135,29.0599,0.1391,8.0042,22.0157,0.266843,10.65,8.4633,51,2232.2149,1,0.26676
19.6248,204291,4009.1617,433.5884,2,128.4592,5.6884,27.9427,0.1837,7.7224,21.8565,0.400106,17.8585,15.781,13,4025.0211,0,0.226109
25.4782,188375,4799.4577,138.7465,4,22.4456,6.4919,28.3794,0.0509,7.7402,21.0093,0.555288,24.1641,22.526,0,4660.1119,0,0.160124
15.611,143078,2233.5844,158.7499,5,68.6012,5.4092,30.3073,0.1876,8.0339,20.9355,0.590769,14.7723,13.7795,26,2133.1248,1,0.106822
16.6185,49852,828.4631,176.982,3,117.5851,5.3409,30.2497,0.2643,7.8673,17.857,0.607416,16.059,15.2889,15,684.8202,1,0.061557
14.7181,90397,1330.4756,275.5515,4,70.3044,7.6126,29.2679,0.0681,7.7836,19.6943,0.202177,11.4503,7.8192,21,1773.6927,0,0.436583
20.281,70118,1422.0615,192.3677,2,39.1469,5.7275,29.2667,0.1166,7.6692,17.4129,0.543605,19.4973,18.397,15,1275.8897,1,0.084256
5.2444,108779,570.4797,80.4696,3,86.657,6.3603,29.0349,0.1383,7.7378,22.5104,0.098788,2.5334,0.6122,66,2315.0502,0,0.373695
14.0503,46761,657.007,138.5898,4,116.6049,5.7658,28.4381,0.1237,8.0338,19.105,0.258963,11.5958,8.8285,40,892.6646,1,0.324549
18.4363,54518,1005.1081,133.3668,2,71.1221,5.9375,27.8827,0.2053,7.8313,16.1685,0.717392,17.8444,17.0859,15,916.8289,1,0.070264
20.8071,67943,1413.6943,348.4164,5,96.0122,5.9371,29.9544,0.1658,7.745,20.0531,0.515433,20.095,18.9331,15,1264.1067,1,0.060759
17.0996,61774,1056.3106,285.3242,2,89.8331,4.6666,29.5637,0.2552,7.7708,21.73,0.511196,16.1943,15.0405,4,903.2487,1,0.108051
5.2646,71562,376.7488,332.0684,4,132.5051,4.0613,29.8782,0.2745,7.7304,17.5733,0.096356,2.6602,1.2951,13,568.5909,1,0.353594
22.7436,205237,4667.8345,336.0432,3,108.1887,6.4982,28.498,0.131,8.0076,17.1175,0.751674,22.4341,21.8258,0,4285.7539,0,0.015096
17.5896,185524,3263.2905,279.3606,4,96.2706,4.4382,27.857,0.2198,7.8207,24.5484,0.718015,17.5887,17.36,15,2609.0763,1,0.0
17.3859,94296,1639.424,252.7488,3,121.1529,5.4327,28.7561,0.1535,8.0423,18.9262,0.422296,15.7536,13.9065,37,1950.7592,0,0.215265
14.7257,73797,1086.7158,236.8996,5,102.5542,5.2705,28.7619,0.2637,7.8312,18.381,0.533592,13.6965,12.5309,38,1121.7675,1,0.135656
14.0694,57009,802.0819,388.5513,2,94.2283,5.3976,28.0142,0.2384,7.8515,16.5986,0.305654,12.2328,10.0962,31,805.8661,1,0.237158
5.2711,123055,648.6351,408.4812,4,25.5024,4.6256,29.9598,0.217,7.5825,21.0347,0.108637,2.8601,0.8939,1,591.4339,1,0.328572
13.5393,101055,1368.2155,220.8448,4,96.5513,6.8364,29.3448,0.1319,7.7226,19.9607,0.236258,10.9919,8.1362,43,1783.008,1,0.338196
10.0617,63787,641.8076,127.2201,3,26.582,5.619,29.9457,0.2301,7.9751,22.6982,0.261597,8.3229,6.4395,63,941.9758,1,0.236427
19.1396,179621,3437.8814,421.9101,5,51.3079,6.66,29.9566,0.1003,7.5427,19.057,0.419815,17.4793,15.5871,16,3799.5604,0,0.217795
6.5081,181790,1183.1164,134.0277,2,90.6297,6.4879,27.7502,0.07,7.9009,19.0026,0.070189,2.9678,2.2617,42,3886.451,0,0.484534
25.4795,61285,1561.51,373.3898,2,113.6915,6.4163,28.3585,0.1061,7.655,18.7964,0.676752,25.4795,25.4535,0,1375.2557,0,0.0
7.891,170361,1344.3112,252.7046,4,67.8593,5.9606,28.1713,0.1489,7.8212,20.416,0.134726,5.3913,2.7124,72,3334.1944,0,0.34228
8.2626,124899,1031.9882,374.2586,2,86.2268,5.1561,30.2765,0.2381,7.8492,19.6827,0.182979,6.1064,3.8046,79,2100.4437,1,0.296
10.6829,191966,2050.7463,390.5827,3,102.7308,4.805,29.124,0.1991,7.8636,21.0225,0.276316,9.0717,7.3218,61,2926.0294,1,0.218678
11.5642,161290,1865.1841,355.8707,5,101.1927,5.7753,29.1504,0.1873,7.8196,17.7229,0.20475,8.8956,5.9188,45,2791.9652,1,0.355535
15.1237,75794,1146.2877,364.8602,4,62.2613,4.4401,30.4164,0.3014,7.8357,17.6727,0.756394,15.1237,15.1237,3,949.4057,1,0.0
14.1051,199439,2813.1083,163.9701,3,136.6928,5.2134,30.0319,0.289,7.7827,20.563,0.345809,12.4665,10.5714,23,2734.4359,1,0.212557
6.9658,213055,1484.0967,207.7473,2,101.3725,6.0597,27.2334,0.1639,7.8707,21.3949,0.117309,4.162,1.2765,66,3777.9087,1,0.381879
12.5224,55928,700.3501,378.7315,3,127.5483,4.9857,30.3377,0.2899,7.8235,21.3075,0.330554,10.8621,9.0019,3,603.1953,1,0.220516
21.9295,68135,1494.1681,363.4255,3,105.918,6.3902,29.4436,0.0668,7.8625,19.0851,0.66579,21.9295,21.8174,15,1312.1951,1,0.0
15.6197,139246,2174.9873,364.8558,5,38.7517,5.6412,28.4125,0.1639,7.876,20.2302,0.413134,14.049,12.3182,51,2602.8208,1,0.211107
19.0646,151304,2884.5482,173.8225,3,31.442,6.8838,28.6851,0.1526,7.9819,19.2614,0.352699,16.9758,14.5075,14,3070.1722,0,0.266425
9.3707,93276,874.0651,170.5919,5,91.1726,7.2614,28.9594,0.0721,7.7007,21.5791,0.123374,5.7626,1.8613,33,1845.1281,0,0.491169
7.9146,63469,502.3319,329.4138,5,35.5479,5.8834,29.2643,0.1747,7.8343,20.7634,0.140379,5.1063,2.0459,59,1140.5937,1,0.38027
6.8103,120932,823.5866,101.166,4,97.0126,5.8498,29.5682,0.1841,7.9849,21.9903,0.140033,4.6165,2.271,77,2127.2576,1,0.300875
14.7951,58327,862.9548,216.0066,2,79.2771,5.9111,27.7606,0.2037,7.9806,20.5865,0.47635,13.6572,12.3829,42,894.717,1,0.151186
19.5598,169718,3319.658,234.4633,3,41.9259,5.8422,31.8682,0.1311,7.5967,19.5026,0.607955,18.6523,17.563,24,3044.4577,1,0.114302
17.5807,159406,2802.462,434.5638,4,40.229,4.594,29.78,0.278,7.8852,22.2154,0.527852,16.7211,15.5885,10,2338.2127,1,0.099244
15.1289,139755,2114.3424,205.1162,2,97.3615,6.4641,29.0573,0.11,7.9685,18.7768,0.296881,13.0478,10.7004,40,2633.7756,1,0.275055
19.4631,214585,4176.481,203.7177,2,30.6261,6.1274,29.0448,0.1968,7.6637,18.3626,0.739926,19.3796,18.9984,15,3713.1297,1,0.0
16.4373,203588,3346.427,370.0774,5,61.5086,7.2749,27.7124,0.1357,7.9893,16.213,0.441351,14.9268,13.2461,45,3699.3404,1,0.201603
20.5185,61488,1261.6392,241.7154,3,92.5576,6.0221,28.5133,0.1578,7.8835,18.7115,0.592231,20.3739,19.7532,15,1032.5081,1,0.0
15.9474,92945,1482.2319,170.9991,2,24.6883,4.5198,28.4957,0.2549,7.8576,19.9398,0.681665,15.3347,14.5951,5,1290.7935,1,0.076782
6.8694,145276,997.9637,178.978,4,70.8036,5.038,32.0581,0.2312,7.6948,22.2806,0.151169,4.9739,2.9386,5,949.6855,1,0.259226
10.3639,117673,1219.5528,127.5949,3,39.7798,5.7364,29.74,0.136,7.822,17.7404,0.200942,7.9265,5.2865,60,2313.5295,0,0.331412
23.9262,141217,3378.7849,96.9247,4,116.3883,6.8743,28.2821,0.09,7.8527,19.686,0.711076,23.4246,22.6339,0,3148.6509,0,0.045585
12.639,92794,1172.828,449.3764,3,80.5579,4.7553,29.3054,0.172,7.8455,18.787,0.257772,10.4037,7.8842,40,1538.8503,1,0.295613
3.566,128218,457.2233,132.3848,2,37.6727,6.3305,28.2805,0.092,7.738,19.183,0.050807,1.3681,1.3681,75,2618.0642,0,0.364781
16.5282,152835,2526.0812,440.3105,5,129.986,5.3192,29.7345,0.2105,7.9755,21.2775,0.554923,15.5315,14.3956,35,2618.94,1,0.130725
8.072,130753,1055.4383,424.9998,4,54.2974,6.1066,28.7932,0.1483,7.7181,19.4531,0.139979,5.1464,1.9531,57,2371.8848,1,0.395718
15.4709,74084,1146.1443,242.3758,5,51.4307,5.5238,27.3396,0.1881,7.8219,23.1288,0.411136,14.1355,12.5575,27,1170.526,1,0.170322
20.8235,213738,4450.7686,209.9827,3,125.7115,5.5885,28.946,0.178,7.9197,20.5139,0.754832,20.4366,19.8101,15,3632.5845,1,0.033482
15.4263,54818,845.6411,153.6009,3,33.6017,5.3628,29.2247,0.2101,7.9451,17.6242,0.40683,14.2822,12.8384,18,811.7165,1,0.137859
19.9078,136834,2724.0616,400.1571,5,132.4824,5.516,29.9108,0.2364,8.0077,22.6472,0.6215,18.9629,17.8295,24,2356.1968,1,0.119055
18.1587,46122,837.5144,426.5394,2,96.2838,6.029,30.0835,0.147,7.6258,15.9186,0.506189,16.8893,15.4081,30,805.1989,1,0.163538
17.639,215350,3798.5649,111.1767,2,119.1851,6.0414,28.0426,0.1916,7.8327,19.2825,0.644111,16.8705,15.9615,26,3433.5252,1,0.09796
3.9487,55642,219.7109,438.9696,5,76.2644,6.1603,28.5069,0.131,8.1621,18.9015,0.053376,1.4513,1.4513,81,1069.936,1,0.395522
20.3253,67837,1378.8049,409.9275,2,63.442,6.52,30.7393,0.1269,7.9684,18.4064,0.464467,19.0541,17.4311,17,1212.3946,1,0.151471
19.057,86413,1646.7725,228.5087,3,83.9205,5.2967,30.594,0.1782,8.1083,15.8018,0.4496,17.9374,16.438,15,1402.1495,1,0.127052
17.051,215364,3672.1669,152.3725,5,54.2633,4.6204,28.8815,0.2432,7.7974,14.3629,0.523001,16.1167,14.9684,3,2911.5976,1,0.115291
17.8678,87370,1561.1085,348.692,3,24.429,5.1339,28.1851,0.2699,8.0214,20.5362,0.751187,17.8678,17.8256,4,1300.4049,1,0.0
16.8895,66492,1123.0191,337.0487,3,41.0657,4.5641,28.8496,0.2345,7.9776,17.9531,0.626167,16.1212,15.1837,5,967.7199,1,0.095428
11.9489,186066,2223.2848,379.0409,2,38.2274,4.973,28.5885,0.2773,7.7398,26.3246,0.34368,10.5005,8.8958,2,2046.2444,1,0.193929
21.5358,177663,3826.117,156.0531,2,104.5405,5.5028,29.6601,0.2359,7.8427,22.9414,0.744506,21.4346,20.987,15,3219.4009,1,0.0
7.8524,165585,1300.2341,406.3861,5,40.0322,5.9944,29.567,0.1004,8.0422,18.8673,0.125503,5.3036,2.5639,71,2997.6326,1,0.348326
16.8548,94545,1593.5343,204.8401,3,18.2995,4.8957,31.4989,0.2035,7.8482,18.0126,0.721824,16.5059,15.9518,15,1398.7814,1,0.0313
12.0151,83114,998.6252,269.2869,5,84.5116,6.4928,28.8626,0.1264,7.8997,17.2688,0.233657,9.5682,6.8543,48,1472.243,1,0.327333
9.1429,144448,1320.6688,217.1299,4,135.9615,5.2482,28.5938,0.2365,7.9364,17.7174,0.160862,6.6779,3.98,55,2270.0605,1,0.332794
20.0212,91216,1826.2501,293.2031,3,112.0849,6.4849,29.1973,0.0981,8.0435,25.976,0.649265,19.2417,18.2654,18,1703.8442,1,0.094548
6.8236,63128,430.7589,449.5196,2,85.9081,6.4144,29.4387,0.0756,8.0613,18.68,0.118261,3.9653,0.8942,63,1276.7831,1,0.390712
5.5082,49416,272.1943,185.1468,3,31.2029,4.7363,29.1061,0.3169,7.7629,18.2155,0.130456,3.6522,1.8137,9,320.0414,1,0.254448
16.6009,169833,2819.377,368.3241,5,41.9574,6.0947,27.3662,0.1262,7.8488,21.1507,0.362452,14.8926,12.9302,34,3122.2655,1,0.222744
18.5544,71200,1321.0721,138.2655,4,74.5885,6.3325,31.555,0.1391,7.7627,19.9937,0.488145,17.0376,15.3444,22,1424.741,0,0.201999
8.4843,76983,653.1438,371.9841,2,55.6957,6.0072,28.2444,0.1484,7.8406,16.9246,0.197185,6.3625,4.0958,78,1340.8102,1,0.291123
16.5327,144568,2390.1056,367.7193,2,135.1694,4.3149,30.2758,0.2744,7.7033,21.2366,0.503435,15.4824,14.2424,5,1978.7911,1,0.134063
18.3181,212111,3885.4786,426.4672,5,103.3381,5.5431,28.3651,0.2107,7.8227,22.7398,0.724993,17.7939,17.0907,15,3342.0725,1,0.05939
17.4668,203724,3558.4084,396.7882,4,74.235,5.8484,28.3928,0.2372,7.9812,17.2188,0.779634,17.4656,17.2733,15,3049.7399,1,0.0
19.9772,54133,1081.4271,293.2153,4,43.6723,5.2043,28.2783,0.2313,7.6444,19.4622,0.701688,19.3527,18.5252,15,955.3363,1,0.071689
3.7438,172670,646.4415,409.8357,4,42.2937,5.5539,29.2683,0.1971,7.7393,24.9651,0.065518,1.1912,1.0675,87,2916.684,1,0.351748
4.7566,179422,853.4444,135.9987,3,45.8922,5.5059,28.7699,0.1616,8.0189,19.3886,0.083955,2.011,0.8845,80,3439.2634,1,0.377063
17.2324,68290,1176.8034,330.1624,4,59.4115,4.2826,30.4676,0.256,7.8863,22.3665,0.757864,17.2324,17.0742,9,1020.1765,1,0.0
24.1642,149225,3605.8989,276.3986,3,109.1189,7.6744,30.3328,0.0753,7.8203,22.7656,0.743888,24.1642,23.9227,0,3335.2341,1,0.0
9.8343,71319,701.369,298.1892,2,104.64,5.4145,29.8849,0.1884,7.9952,21.5014,0.212089,7.6365,5.2627,66,1210.8677,1,0.299371
17.732,164914,2924.262,392.0428,4,114.0276,4.5094,28.3255,0.2661,7.8538,21.3753,0.558663,16.9406,15.9017,8,2443.2129,1,0.091739
19.0246,159074,3026.326,161.0916,3,102.5035,5.7115,30.5142,0.1851,7.8372,20.3127,0.456171,17.564,15.8676,23,3195.4845,0,0.188861
12.1493,175789,2135.7102,346.4165,3,119.7243,6.6733,27.6087,0.0676,7.8483,17.4142,0.180498,9.0434,5.6507,30,3621.2968,0,0.419906
19.2773,190470,3671.7475,296.7603,4,81.9612,5.9108,30.7247,0.2023,7.9322,17.3778,0.519487,18.4104,17.2423,15,3253.1055,1,0.097738
20.3622,198752,4047.0367,251.1631,2,20.1698,6.1166,28.2238,0.1421,7.7769,23.6694,0.721309,20.3622,20.2779,15,3365.7141,1,0.0
16.1665,153593,2483.0598,414.3237,4,70.949,5.318,29.6423,0.2078,7.627,17.8969,0.38773,14.5283,12.623,31,2517.3919,1,0.211577
18.4489,218272,4026.8853,239.043,2,122.6943,5.4535,28.8456,0.1753,7.8506,20.2662,0.470875,17.0177,15.3758,33,4511.3251,0,0.186827
4.96,57183,283.6264,164.3843,5,34.5962,6.4861,27.9979,0.1522,7.9333,19.7343,0.055705,1.537,1.537,51,1216.2789,0,0.513397
17.3899,204484,3555.9652,105.1652,5,66.2091,5.4776,29.3513,0.1941,7.6841,19.8582,0.463146,16.1593,14.6848,24,3238.707,1,0.155186
18.5537,160678,2981.1784,174.6792,3,101.8443,4.9729,29.2418,0.2054,7.9153,18.7169,0.559944,17.6825,16.5768,17,2705.8872,1,0.104396
22.9351,144760,3320.0783,412.0197,3,20.7209,6.5729,28.574,0.1546,7.7872,23.6948,0.770485,22.9351,22.7057,0,3100.8611,0,0.0
24.8609,124576,3097.0756,191.1774,4,109.3974,6.6679,29.134,0.1003,7.652,21.1843,0.67674,24.4327,23.6397,0,2952.1745,0,0.026502
5.8805,197639,1162.21,247.451,5,123.081,4.7132,28.3179,0.2163,7.7459,20.2096,0.093971,3.1593,1.9821,11,1610.274,1,0.36874
17.8834,109125,1951.5207,145.8389,2,131.6112,4.6247,32.177,0.2565,7.8581,22.3001,0.631526,17.2692,16.4291,15,1709.8004,1,0.068092
12.043,150795,1816.0217,192.062,2,129.0931,4.2398,29.5977,0.2868,7.6998,20.6811,0.396747,10.794,9.4218,4,1552.7786,1,0.168201
4.8523,105722,512.9997,140.2002,3,21.7973,6.6745,29.0322,0.1443,7.8297,18.0174,0.071983,1.9505,1.4262,75,1868.9179,1,0.397581
9.518,218626,2080.888,154.4324,5,35.3633,4.3171,32.6595,0.2558,7.7454,19.9883,0.217802,7.5131,5.2523,12,2324.5162,1,0.265074
14.1064,82459,1163.2036,212.8045,2,92.4641,5.474,26.9365,0.214,7.8735,17.4348,0.296046,12.1437,9.9063,36,1421.7349,1,0.257418
7.6355,82287,628.3027,291.003,2,73.6492,5.0991,27.861,0.1816,7.782,18.9876,0.143672,5.4003,3.022,83,1483.5788,1,0.307491
4.8595,166507,809.1407,358.3136,2,57.4558,5.5863,29.3371,0.164,7.8969,17.5353,0.08741,2.0115,0.6167,75,2908.5306,1,0.390121
18.3812,209139,3844.2279,339.7536,5,103.8451,5.5676,30.5873,0.2105,7.9932,19.4147,0.498449,17.2479,15.8746,23,3675.2267,1,0.141571
10.4645,205434,2149.7578,292.1326,2,56.2371,4.1174,29.1835,0.268,7.8652,20.3868,0.264263,8.6557,6.6634,1,1891.7244,1,0.243135
22.9216,194141,4450.0192,192.8043,3,32.7467,6.9548,28.2239,0.067,7.8778,17.6934,0.619279,22.1097,21.0056,0,4078.9984,0,0.090601
14.9458,127825,1910.4526,418.5633,3,111.8326,4.7128,29.3213,0.2271,7.9148,22.8156,0.495392,13.8275,12.5575,37,1917.6051,1,0.147073
11.6551,57585,671.1572,373.1797,2,138.5639,5.3278,28.7531,0.2499,7.6952,23.8229,0.27441,9.7485,7.6304,46,862.0936,1,0.254763
15.605,163696,2554.4804,247.5435,2,93.5732,6.3489,29.2175,0.2312,7.7992,20.7978,0.469995,14.3887,13.0251,42,2526.6742,1,0.161476
20.089,55131,1107.5249,210.2822,2,66.691,5.6355,29.8179,0.1983,7.792,18.0987,0.771971,19.75,19.1991,15,978.4052,1,0.029125
17.5128,69412,1215.6011,283.2541,3,98.508,4.4892,28.7384,0.2076,7.855,18.7454,0.599907,17.5006,17.139,15,997.7519,1,0.0
7.3016,170949,1248.2026,428.1795,4,98.6596,5.7235,30.1828,0.1592,7.889,21.0303,0.122338,4.4847,1.4162,59,2809.0055,1,0.381555
24.957,59460,1483.9452,99.8193,2,114.6223,7.1707,27.8071,0.0885,7.7466,21.9565,0.757992,24.8188,24.3053,0,1350.3025,0,0.0
8.6462,83362,720.7661,223.0472,3,86.6818,4.4812,29.5282,0.259,8.0411,20.6882,0.174683,6.3377,3.7872,2,626.682,1,0.309673
10.7522,146836,1578.8114,377.9705,5,99.658,5.5606,27.6973,0.2094,7.7967,22.8627,0.22464,8.5438,6.149,62,2646.6547,1,0.30005
21.0873,92520,1950.9995,218.7034,5,98.3012,6.4777,30.7355,0.1289,7.5562,18.6704,0.484079,19.681,17.9932,6,1854.3199,0,0.177101
20.819,76951,1602.0416,132.7459,4,39.9106,5.7761,29.9205,0.1725,7.8329,21.163,0.4815,19.8453,18.4238,15,1460.7206,1,0.099532
12.9452,112527,1456.6819,230.3273,3,30.3026,5.6141,30.3951,0.1441,7.8111,17.8692,0.275809,10.8327,8.463,42,1885.9157,1,0.280335
19.0729,163923,3126.4914,262.0397,3,32.826,5.0692,29.6601,0.1663,7.686,20.3537,0.752034,19.0729,19.0125,15,2589.842,1,0.0
17.6561,89568,1581.4242,287.5721,2,49.6444,4.6669,29.1979,0.2741,7.8973,24.3753,0.664522,17.5739,17.1395,8,1366.9751,1,0.0
14.7108,166926,2455.6111,355.6416,5,122.5929,4.4437,28.6692,0.2732,7.8439,18.281,0.45511,13.5013,12.1225,1,2020.9092,1,0.158623
23.1655,96315,2231.1875,137.0747,3,16.8962,6.7348,29.1529,0.1079,7.8411,22.0562,0.676509,22.6898,21.8938,0,2062.9544,0,0.038552
15.725,111526,1753.7478,142.2989,5,98.4524,5.5556,30.7493,0.1671,7.7245,22.3652,0.383026,14.0833,12.2262,39,1961.6897,1,0.216535
24.6694,131984,3255.9693,231.7164,4,21.4896,6.3456,29.4209,0.0868,7.7487,22.2209,0.767845,24.6694,24.6005,0,3066.9731,0,0.0
18.2377,185342,3380.2039,145.6664,3,73.2315,5.6217,28.6152,0.2681,7.9415,15.213,0.421669,16.9644,15.3295,16,2999.6337,1,0.150885
14.557,86423,1258.0554,205.6777,2,35.6154,5.44,27.1984,0.2351,7.8656,21.307,0.45334,13.3551,11.9848,36,1321.1648,1,0.157602
22.2472,191945,4270.2314,246.7713,4,25.3594,6.3071,28.3867,0.1595,7.906,21.2847,0.548199,21.082,19.6635,0,4107.1393,0,0.144967
3.3521,208099,697.5723,317.5555,4,123.4785,5.7732,29.9791,0.1509,7.89,21.3055,0.059973,0.7271,0.7271,85,4247.3445,0,0.368989
17.9121,69709,1248.6358,142.1404,2,97.9551,4.7719,29.3745,0.2371,7.8512,20.886,0.746082,17.9121,17.8695,15,1025.1878,1,0.0
18.6016,124761,2320.7526,155.5045,2,111.7548,5.1914,30.0636,0.1948,7.8933,22.3019,0.632527,17.8444,16.8958,18,2157.8863,1,0.091834
9.3819,60837,570.7661,257.9116,4,65.9082,7.2101,29.4393,0.0706,7.9727,23.8028,0.186498,7.0663,4.5883,60,1289.8465,0,0.317388
15.6858,137839,2162.1174,445.2309,4,59.3625,5.1906,30.006,0.2626,8.0184,24.1007,0.428408,14.6348,13.261,4,1784.7603,1,0.12236
15.1381,66070,1000.1775,152.577,5,27.2852,3.5,29.353,0.2661,7.87,25.1999,0.761238,15.1381,15.1226,1,855.8187,1,0.0
19.225,116496,2239.6366,93.8556,5,39.7076,6.0817,28.0515,0.2077,8.0356,20.9046,0.640841,19.225,19.0986,15,1928.146,1,0.0
11.8752,131725,1564.2575,141.5434,3,99.2727,5.139,30.3773,0.2499,7.9473,17.6704,0.330102,10.2804,8.5259,1,1313.6912,1,0.214567
23.2781,151447,3525.3983,110.6093,5,42.3786,5.8513,29.0138,0.1534,7.9165,21.1227,0.707849,22.8928,22.1928,0,3294.0975,0,0.025353
20.3933,172468,3517.1911,306.8181,5,76.3207,6.0978,27.6611,0.1572,7.7637,20.901,0.424711,18.8115,16.88,10,3646.1129,0,0.196316
17.643,136998,2417.059,284.4213,5,110.8107,5.1411,30.0285,0.2507,7.7858,17.3877,0.784032,17.643,17.522,6,1895.9211,1,0.0
17.0797,156280,2669.2084,365.5672,2,105.6536,4.8404,31.3524,0.2702,7.9163,14.9096,0.620737,16.7753,16.1771,11,2338.112,1,0.014853
3.1545,62221,196.2781,308.754,2,88.7189,4.9914,27.8092,0.2013,7.9103,21.7673,0.045009,1.3561,1.3561,78,1016.0113,1,0.374997
20.0553,89726,1799.4783,432.2578,2,24.7266,6.6832,29.2871,0.0671,7.8666,18.5262,0.471409,18.5723,16.8129,13,1850.3333,0,0.188553
3.6949,96689,357.2606,330.451,2,91.6317,5.338,29.6174,0.2296,7.8522,20.7453,0.057393,0.7325,0.7325,67,1649.5556,1,0.436723
7.7473,88679,687.0268,131.561,5,35.4441,4.9876,29.8394,0.2625,7.8282,19.3297,0.223589,6.1644,4.4736,16,793.606,1,0.217238
8.396,185919,1560.9759,444.2042,3,24.6141,6.3266,29.7711,0.1373,7.8666,19.6907,0.208548,6.3814,4.2244,75,3027.7218,1,0.276037
7.4331,147043,1092.9913,243.4362,2,91.3585,6.1225,28.4112,0.1085,8.2659,19.4599,0.126081,4.9076,2.207,69,3070.494,0,0.346331
17.7508,196733,3492.1593,361.1063,5,112.705,6.0533,30.0592,0.1754,7.909,20.5067,0.447228,16.4825,14.9312,21,3373.4301,1,0.157168
6.946,146166,1015.2694,204.1115,3,109.5045,6.2697,29.5648,0.1363,7.8531,19.3563,0.12012,4.3907,1.7008,60,3148.1776,0,0.352371
18.5287,156377,2897.4603,190.8736,2,41.8883,6.6449,29.4173,0.0934,7.8874,17.3172,0.501672,17.1842,15.6582,30,3326.354,1,0.176893
21.8154,105686,2305.5856,103.8942,2,95.7776,5.7484,28.6487,0.1851,7.8377,19.672,0.544906,21.307,20.3087,15,1974.2057,1,0.024885
8.7535,198348,1736.234,420.9134,3,81.7449,5.3653,27.7393,0.1903,7.7125,20.0554,0.17273,6.2487,3.5134,57,3269.5294,1,0.338715
12.2218,199489,2438.1221,120.2024,3,125.5945,5.052,29.4806,0.2445,7.8375,20.1229,0.375172,10.8963,9.4159,44,2817.3344,1,0.17646
22.1363,116080,2569.5832,88.5029,5,41.4069,5.6771,28.4668,0.1704,7.9446,19.1557,0.451287,20.6128,18.7172,0,2353.3342,0,0.185966
19.5188,184809,3607.252,226.9857,2,112.8675,5.4839,27.6882,0.2143,7.8014,17.3023,0.702556,19.4524,19.0447,15,3216.5399,1,0.0
21.9922,185687,4083.6646,286.3346,5,36.3453,5.0399,30.4284,0.1597,7.8299,20.5177,0.661031,21.3371,20.4344,1,3716.6115,0,0.072022
17.63,192454,3392.9722,350.5273,3,88.6632,4.846,31.2126,0.2416,7.6075,20.4167,0.641918,17.183,16.4849,7,2918.7081,1,0.04128
21.8805,81969,1793.5215,355.3025,5,19.659,5.8789,28.2655,0.1467,7.8014,18.2409,0.607277,20.8898,19.6733,1,1623.8636,0,0.122336
16.4728,84646,1394.3561,341.0474,3,82.8368,4.7417,28.4382,0.3031,7.9996,17.8792,0.544933,15.5114,14.3717,3,1216.2763,1,0.122314
15.964,145645,2325.0828,335.7744,2,54.5251,4.4144,29.5337,0.2846,7.7315,17.1633,0.71516,15.964,15.964,15,1890.2971,1,0.0
15.1904,121045,1838.7247,147.9986,5,134.7168,4.0615,29.3725,0.2806,7.6782,18.6994,0.529566,14.3625,13.3328,14,1634.5561,1,0.101098
11.8969,152824,1818.1379,174.7417,4,95.6585,4.6794,28.6058,0.1901,7.8338,20.1049,0.317676,10.2102,8.3695,57,2303.3066,1,0.228201
12.8346,61571,790.2376,333.4659,2,89.7407,7.5639,27.3768,0.0861,7.7928,21.2397,0.292849,10.8455,8.7003,49,1303.5687,0,0.271221
19.6123,134687,2641.5177,404.3793,2,60.4809,6.7671,29.0953,0.0791,8.1133,21.7988,0.326945,17.1413,14.3407,8,2889.381,0,0.325456
8.7973,132959,1169.68,143.3951,5,116.4607,5.2183,28.4341,0.2761,7.9474,22.8726,0.257624,7.1238,5.3231,6,1142.6611,1,0.228553
19.5112,101287,1976.2353,191.0201,4,87.9326,6.2481,28.3278,0.1623,7.9704,22.9496,0.69594,18.8426,18.0064,18,1811.2469,1,0.081239
14.3762,64562,928.153,298.6852,5,107.6627,4.7409,30.3656,0.2323,7.7696,17.689,0.477421,13.1662,11.823,46,1016.1578,1,0.161761
18.8527,127673,2406.9789,202.0193,5,60.2956,5.0135,30.0011,0.2513,7.7103,20.6579,0.605689,18.2362,17.3671,15,2048.6096,1,0.065947
9.6059,168786,1621.3497,181.9757,4,70.2016,5.9462,29.6674,0.1668,7.8576,20.9835,0.170803,6.9235,3.974,52,3047.1637,1,0.361024
18.6414,94910,1769.2525,299.0854,3,92.5113,6.338,26.8168,0.1363,7.8284,20.8689,0.541851,17.4442,16.0589,31,1776.9152,1,0.155244
14.9672,145367,2175.735,249.6086,2,88.4098,5.0886,29.4402,0.2482,7.9083,23.1426,0.466237,13.9416,12.7185,6,1779.3334,1,0.129838
10.2711,101980,1047.4432,410.2842,4,34.56,4.4626,29.8671,0.2523,7.6869,22.5383,0.273367,8.6689,6.9195,8,1027.5245,1,0.216652
16.8598,143856,2425.3818,316.5209,4,60.2924,4.6444,29.1914,0.2476,7.8776,21.5332,0.600207,16.6117,16.0161,6,1951.323,1,0.000385
15.7307,154413,2429.0233,379.9755,5,99.0281,4.5744,28.5377,0.2555,7.8661,23.1736,0.655342,15.6592,15.2788,1,1965.7682,1,0.0
27.1362,183788,4987.3044,283.3956,5,41.0853,6.5757,29.4692,0.0854,7.7554,21.0536,0.684485,26.8825,26.1477,0,4398.6178,0,0.0
21.2862,171453,3649.5799,392.5224,5,112.054,6.2684,28.9548,0.1108,8.1611,17.6584,0.758126,20.934,20.3399,15,3015.816,1,0.028053
5.8273,163613,953.4162,278.3471,4,41.849,4.6946,30.4182,0.2505,7.8908,21.6867,0.099279,2.8897,1.0102,10,1307.2441,1,0.395968
18.352,183561,3368.7205,398.715,5,51.616,6.2599,27.7267,0.0906,7.925,19.0595,0.273751,15.6012,12.4296,12,3843.7112,1,0.357698
17.5327,204023,3577.068,112.235,2,76.9079,5.8656,28.4559,0.1262,7.9153,20.734,0.444853,16.0674,14.4048,37,3621.3717,1,0.192822
5.4901,199054,1092.8221,158.0872,5,100.6901,6.6265,27.8083,0.107,7.7425,17.8907,0.083752,2.7612,1.6363,63,3965.7041,0,0.37618
19.1897,63305,1214.8057,340.6807,2,85.7745,5.8145,28.8851,0.1313,7.624,20.0119,0.546152,17.968,16.5643,27,1340.2058,0,0.159291
16.6727,162442,2708.3431,405.0812,3,126.3553,4.5901,30.1049,0.2108,7.7447,21.663,0.54149,15.6828,14.523,28,2411.004,1,0.127101
22.0409,99808,2199.8618,102.3574,5,21.3105,5.3275,29.3967,0.1708,7.829,21.4875,0.70506,21.9009,21.398,0,1966.666,0,0.0
19.0955,187403,3578.5498,218.9831,3,26.1879,5.5599,29.4988,0.2655,8.0893,22.4538,0.611128,19.0563,18.592,15,3016.8573,1,0.0
18.3961,159591,2935.8487,403.032,3,91.5522,5.3703,29.6991,0.1993,7.9473,19.5171,0.521564,17.1756,15.786,36,3090.464,1,0.160216
9.6411,155401,1498.241,319.066,2,101.0564,3.906,29.6892,0.2651,7.8188,19.2905,0.290018,8.2114,6.651,16,1618.5266,1,0.193413
16.0135,175055,2803.2464,353.0141,3,71.5903,3.9529,28.9809,0.2533,7.8873,19.993,0.60822,16.0031,15.6706,3,2265.641,1,0.0
16.0327,146205,2344.0548,163.9291,4,112.1258,4.7226,30.5037,0.3153,7.5958,21.7815,0.624756,15.4308,14.6529,2,1979.4969,1,0.070874
17.2954,45927,794.3249,84.7651,4,66.843,6.108,29.7103,0.1031,7.7498,20.8824,0.381095,15.5535,13.5682,36,876.2933,1,0.228491
22.0828,208589,4606.2385,392.8731,4,91.7168,5.9586,28.1693,0.1557,7.9318,20.8355,0.658492,21.3953,20.4664,0,4229.7313,0,0.077285
7.4293,186069,1382.357,390.8941,3,71.5437,5.365,29.5706,0.2697,7.7855,16.2887,0.172266,5.5642,3.5742,79,2744.2479,1,0.25613
12.5937,125443,1579.795,366.6485,5,50.8929,6.9677,30.9292,0.084,7.8354,18.2761,0.176458,9.4654,6.0425,29,2697.2141,0,0.422441
12.8198,165695,2124.184,446.1807,5,73.7561,5.5381,29.026,0.1606,7.8477,18.5853,0.348759,11.2411,9.5145,55,2891.9166,1,0.213279
22.9994,104619,2406.1783,300.5115,5,55.7705,6.2723,30.5038,0.1325,7.9233,20.8264,0.648875,22.9994,22.736,0,2156.4517,0,0.0
14.6662,72617,1065.0136,380.9937,5,24.8914,4.5597,27.6433,0.2321,7.999,18.9097,0.419799,13.351,11.8443,3,896.7101,1,0.171851
23.8323,145807,3474.9227,112.2077,3,63.4126,6.0488,28.7504,0.1421,7.8438,22.9439,0.702432,23.2346,22.355,0,3127.4583,0,0.060446
18.5407,209287,3880.3245,240.5756,3,80.1083,5.6603,27.3764,0.1961,7.948,22.1846,0.49673,17.3506,15.9403,26,3887.9592,1,0.151453
15.6064,206208,3218.1569,257.9598,2,50.2727,6.4902,28.8147,0.1588,8.018,17.1168,0.322447,13.531,11.2028,39,4420.9888,0,0.275385
14.2189,96276,1368.9354,443.6884,5,116.3239,6.4144,28.2741,0.064,8.1129,24.259,0.298755,12.1152,9.8467,35,1949.7088,0,0.286886
23.8096,152115,3621.7931,167.5665,2,48.8331,6.5399,28.8155,0.1333,7.9428,22.8018,0.71143,23.3429,22.588,0,3257.902,0,0.040486
18.7891,193087,3627.9289,342.2882,3,75.9339,5.0266,30.5409,0.21,7.8226,18.834,0.788583,18.7891,18.7891,15,3060.2956,1,0.0
21.79,126079,2747.2627,306.5391,5,112.1999,6.2628,31.5026,0.1788,7.9519,22.3634,0.658559,21.6394,21.0776,15,2383.6105,1,0.0
27.1946,137451,3737.9207,439.2509,5,20.4872,7.2879,29.3411,0.0977,7.8431,21.3303,0.698115,27.1946,27.0894,0,3589.2475,0,0.0
6.3688,90307,575.1473,207.0119,3,97.5539,4.6841,30.3314,0.2611,7.9117,17.0279,0.156169,4.3802,2.2235,14,777.6249,1,0.270153
10.4608,214982,2248.887,199.028,5,64.5209,5.9417,28.1623,0.1297,7.7419,18.0059,0.190821,8.1168,5.5768,63,3819.4403,1,0.318627
18.1906,185266,3370.0982,281.218,2,97.7943,4.9773,29.9752,0.207,7.7499,21.9109,0.742693,17.6888,17.0211,15,3009.2731,1,0.057341
11.2694,139072,1567.2608,181.1508,3,83.8641,4.3131,29.6696,0.2504,7.902,20.3683,0.308289,9.6314,7.8459,13,1619.6275,1,0.221764
6.971,152375,1062.2063,120.7454,4,28.8967,4.733,29.7987,0.2403,8.0262,20.1225,0.168332,5.0565,3.0046,2,970.146,1,0.262129
24.3771,160547,3913.6739,209.9997,4,114.5359,6.9256,29.4953,0.1051,7.9763,20.2279,0.65229,24.365,23.9284,0,3586.81,0,0.0
16.456,107174,1763.6522,325.6253,3,99.4284,4.3709,30.2242,0.3052,7.8427,21.4224,0.424449,15.2313,13.7022,9,1579.9155,1,0.148991
3.9243,167183,656.0804,430.6949,4,52.2312,6.1431,29.029,0.2005,7.8295,19.9043,0.054113,2.3352,2.3352,85,2804.3676,1,0.314217
15.5313,142722,2216.6618,235.1065,5,72.5676,6.1843,30.4985,0.1624,8.043,20.2702,0.426798,13.9793,12.2623,48,2531.496,1,0.207999
17.3657,177973,3090.6222,332.8546,3,40.9838,5.2273,28.1928,0.2215,7.8834,20.7078,0.493012,16.4629,15.2818,15,2807.5642,1,0.10502
18.7897,62065,1166.1837,428.6119,2,60.1693,6.3448,28.6197,0.1448,8.1163,18.7755,0.5708,17.6795,16.3935,31,1167.9924,1,0.143833
22.9206,192727,4417.4238,84.7457,4,89.3848,6.2324,27.853,0.1431,7.8155,21.2731,0.715454,22.3819,21.5974,0,3942.8421,0,0.055255
9.8712,126197,1245.7214,128.1207,4,95.6212,6.6031,26.7989,0.058,7.6875,20.8745,0.181578,7.1758,4.2963,43,2466.3894,0,0.369871
18.6032,126873,2360.2402,390.5324,4,90.5691,5.7672,28.5439,0.2197,7.8648,18.3419,0.614256,18.1652,17.4383,15,1980.998,1,0.036114
19.8941,148810,2960.4424,370.3486,4,47.156,6.7954,30.4908,0.0961,7.9191,20.2781,0.434618,18.1132,16.1183,10,3124.303,0,0.236576
7.0958,110691,785.4438,150.2581,3,81.3741,6.5892,26.7251,0.1034,7.7711,22.4338,0.111678,4.4329,1.9992,71,2310.1068,0,0.364527
6.6055,148950,983.8822,111.0086,5,18.1643,4.8069,31.2389,0.2412,7.903,21.6602,0.169014,4.8244,2.9241,79,2187.4746,1,0.244601
11.0989,130403,1447.3291,167.4087,2,101.1038,5.5938,29.1067,0.1335,8.1131,19.2052,0.210742,8.7637,6.1807,49,2304.0941,1,0.312999
22.4131,90283,2023.5261,282.8803,3,122.0649,6.1652,28.9297,0.1531,7.6045,23.5737,0.517599,21.0995,19.5096,0,1799.8482,0,0.164254
12.3887,99023,1226.7664,437.8747,4,48.3609,4.6661,30.0573,0.3014,7.9454,17.1256,0.288303,10.7171,8.777,21,1363.5034,1,0.216249
11.3316,194874,2208.2294,176.8202,5,113.1729,5.4457,28.8842,0.1887,7.9422,18.9472,0.212856,8.8735,6.1133,42,3045.9797,1,0.325957
3.921,161808,634.4428,214.2126,4,17.8753,5.4165,27.9899,0.2119,7.7382,19.3499,0.05286,2.3695,2.3695,92,2850.9607,1,0.314758
21.3587,70606,1508.053,180.0196,4,67.1066,6.2625,28.693,0.1717,7.822,18.0873,0.628395,21.3587,21.0763,15,1246.3972,1,0.0
14.4709,165514,2395.1317,189.7189,3,76.8652,4.4675,31.1547,0.3123,7.5859,21.0953,0.5408,13.7313,12.7978,6,2052.8639,1,0.089093
14.3941,174571,2512.7991,332.936,5,19.1942,6.5957,30.4519,0.1245,7.8383,20.0131,0.242689,11.5845,8.4544,27,3628.0488,0,0.374684
16.217,133959,2172.4122,288.3688,2,23.8615,4.9309,29.0426,0.1886,7.9123,22.8262,0.377284,14.3497,12.2707,34,2755.6205,0,0.249123
17.8298,219177,3907.877,144.5654,3,82.6868,6.1582,29.2515,0.1147,7.8265,18.8015,0.518444,16.533,15.0772,41,4309.4329,1,0.172004
21.9054,117074,2564.5549,244.0513,3,38.5979,6.4898,28.813,0.1024,7.7472,20.4952,0.548775,21.444,20.5043,15,2289.2006,1,0.018465
14.1727,189148,2680.7288,324.2637,4,57.1732,5.3278,28.8422,0.1924,7.8748,22.5186,0.382257,12.669,10.9842,42,3133.4157,1,0.199713
19.6679,79827,1570.0334,256.9734,5,47.751,5.8406,30.4072,0.2162,7.7616,15.6971,0.619195,18.7216,17.609,28,1463.7643,1,0.121185
8.2631,152709,1261.8544,227.6072,2,76.6976,5.1423,30.3037,0.2567,7.7589,22.5037,0.200441,6.4495,4.4976,69,2213.2358,1,0.247653
22.0112,116516,2564.6562,354.1802,4,26.9792,5.5991,28.0311,0.1602,7.7342,22.4023,0.648349,22.0112,21.9346,0,2319.9708,0,0.0
23.968,106511,2552.8608,134.8304,4,121.0917,6.1719,28.4522,0.1424,7.8439,20.8201,0.562764,23.1004,21.8503,0,2333.7874,0,0.090267
15.6628,57108,894.4726,151.5149,2,58.1269,5.6595,26.7098,0.1444,7.7255,20.3764,0.448069,14.2658,12.7042,43,964.8573,1,0.185849
5.7454,215136,1236.0368,441.5328,5,25.6076,4.4946,29.1843,0.2723,7.8544,23.7747,0.144383,4.0503,2.2519,1,1092.7857,1,0.233624
17.0894,99684,1703.5428,147.4097,4,23.6005,6.5503,28.8436,0.1455,7.7353,20.3919,0.400633,15.2721,13.252,27,2037.4521,0,0.242731
19.0897,195451,3731.1023,225.5683,2,28.6591,5.8116,29.6731,0.2287,7.7846,21.2352,0.613856,18.3477,17.3861,15,3275.9783,1,0.087131
17.3674,74758,1298.3541,114.23,5,30.8823,6.0289,30.5832,0.1621,7.7272,20.2891,0.46394,15.9097,14.2801,39,1609.5872,0,0.19392
12.2686,162097,1988.6966,315.1495,4,96.9872,4.9767,29.5886,0.2714,7.9416,19.535,0.343254,10.7012,8.9794,4,1790.1138,1,0.211074
10.6495,212789,2266.0908,253.9354,2,116.4739,4.7942,27.6588,0.2198,7.7561,20.8079,0.331293,9.1721,7.5705,62,2946.4362,1,0.20077
14.2325,207984,2960.1338,355.83,5,95.9163,5.9857,29.1159,0.1722,7.9055,20.6044,0.304722,12.2839,10.1546,45,4169.4689,0,0.263382
21.4618,172994,3712.7544,163.5084,5,85.4923,5.7502,28.4982,0.1616,7.7722,21.251,0.71443,20.7974,19.9343,10,3397.7796,0,0.077809
15.6736,167843,2630.7036,198.5057,5,64.9385,6.1084,28.9371,0.1953,7.6842,18.0578,0.388785,14.1211,12.3666,39,2959.4043,1,0.204909
18.8385,160681,3026.9861,119.5436,4,48.6878,5.0767,29.0648,0.2252,7.8431,20.9641,0.526188,18.2278,17.2507,15,2460.9595,1,0.054053
21.9342,113669,2493.2369,250.134,3,73.0607,6.4582,28.971,0.1022,7.7917,18.4445,0.396432,20.1586,17.9778,1,2230.8488,0,0.219223
19.5885,210056,4114.6804,313.9569,4,18.0944,7.2122,30.0407,0.0723,7.8411,20.0312,0.426021,17.7541,15.7084,11,4433.8336,0,0.244444
14.562,142363,2073.0859,375.9833,2,91.4649,4.8123,31.7407,0.2668,7.8627,23.9375,0.334603,12.8864,10.8892,1,1749.9425,1,0.212205
8.1218,153864,1249.656,307.1493,3,97.2677,5.6125,28.4314,0.2562,7.6624,20.8678,0.133204,5.3196,2.2462,54,2579.1318,1,0.377784
15.2885,178320,2726.2473,332.8841,3,87.0907,4.2656,29.7877,0.2861,7.811,15.5554,0.750871,15.2885,15.2885,12,2179.4336,1,0.0
20.1919,200386,4046.1768,282.3049,5,28.155,6.6876,29.8783,0.0762,7.7141,16.7852,0.374878,18.0816,15.7139,7,4262.882,0,0.280005
17.4737,219234,3830.8194,210.8998,4,73.2252,6.0915,29.3166,0.1777,7.7113,21.1351,0.394001,15.9305,14.1174,28,3972.724,1,0.197741
18.8925,58449,1104.2501,346.4252,4,93.6651,5.9091,29.8894,0.1998,7.5817,21.3995,0.682857,18.3115,17.5456,15,945.4357,1,0.067068
21.8499,162303,3546.303,191.9203,4,84.7006,7.0163,30.253,0.0768,7.8214,18.7121,0.679522,21.0532,20.0588,2,3346.2589,0,0.096962
23.8375,180461,4301.7319,355.4543,3,35.0642,7.3029,28.2963,0.1036,7.6896,19.544,0.715358,23.8375,23.5906,0,3939.9377,0,0.0
17.6379,178082,3140.9943,299.4914,5,23.2785,5.2758,28.7488,0.1981,7.8366,23.211,0.488956,16.3897,14.9153,27,3138.7137,1,0.159273
10.8943,145538,1585.5379,109.4879,4,46.1471,5.4352,29.5258,0.2379,8.0064,18.6077,0.218812,8.6525,6.1608,46,2153.2689,1,0.299465
17.6281,209631,3695.391,286.0724,4,31.8107,6.9158,28.3579,0.1143,7.8209,20.6263,0.413898,15.853,13.8872,23,4419.5754,0,0.237715
6.8508,84209,576.8968,300.725,2,43.299,4.0418,29.3644,0.2691,7.895,23.0056,0.162008,5.0437,3.1089,8,606.1307,1,0.247602
22.5047,102028,2296.1101,244.1863,3,81.4642,6.8323,28.1732,0.122,7.6745,23.3421,0.702215,22.5047,22.5022,0,2082.0139,0,0.0
7.4598,190318,1419.7415,391.7481,4,42.8896,5.6469,27.7545,0.1979,7.82,20.2895,0.143301,5.0761,2.4957,64,3119.7772,1,0.324259
21.6196,153201,3312.1505,383.9436,3,66.3695,5.9689,29.7157,0.0795,7.8532,23.1128,0.490361,20.2837,18.6449,3,3110.4266,0,0.165131
18.1247,138437,2509.1326,395.1633,4,33.7385,5.7567,30.3036,0.1746,7.8134,19.2104,0.344048,16.1144,13.7259,26,2472.8196,1,0.255282
3.7536,126114,473.3804,441.2062,3,20.6716,4.9217,29.1323,0.2935,7.744,19.8832,0.087445,1.7879,1.1499,8,637.8564,1,0.271009
25.3313,55638,1409.3839,342.8374,2,80.5625,6.3849,29.8271,0.0759,7.6943,18.1757,0.62501,24.3146,23.0089,0,1341.7914,0,0.12046
20.1197,101453,2041.2074,278.9323,2,82.1625,5.6107,30.7974,0.1773,7.8884,18.4776,0.638412,20.1197,19.9377,15,1796.4196,1,0.0
17.2396,121589,2096.1471,302.7192,5,85.9657,5.2999,29.1848,0.218,7.632,23.202,0.676471,17.2396,17.0657,15,1701.0662,1,0.0
2.6404,187451,494.9512,203.2294,2,76.4787,4.7268,28.8511,0.3127,8.1215,21.2897,0.050245,1.4856,1.4856,10,818.8132,1,0.269371
27.3702,183075,5010.7989,398.0495,3,117.1126,7.0888,27.369,0.0513,7.9222,17.413,0.582399,26.5044,25.1703,0,4775.7367,0,0.081714
6.6489,72287,480.6258,187.7209,4,50.2589,4.9933,28.5875,0.227,7.9774,20.1136,0.146088,4.5875,2.3912,81,1105.3989,1,0.283321
3.8009,197806,751.8311,440.6875,5,86.0719,6.2353,27.6219,0.1034,7.8388,19.7512,0.05256,1.3816,1.3816,83,3597.8214,1,0.389887
26.4187,116789,3085.4193,100.2706,4,100.8745,7.0126,28.0996,0.0962,7.821,22.4451,0.646977,26.2849,25.6182,0,2942.7013,0,0.0
6.1944,53785,333.1668,234.4799,3,110.9488,5.2895,28.873,0.2269,7.844,20.0994,0.085449,3.2938,2.3816,68,893.7184,1,0.395773
14.8945,196517,2927.0299,390.8522,3,32.844,5.906,28.1684,0.1595,7.9658,15.82,0.276259,12.6471,10.1173,41,3590.7168,1,0.297512
5.1192,143672,735.486,312.9058,5,115.5377,5.2374,27.8587,0.1886,8.0201,20.5677,0.130841,3.2422,1.2516,88,2222.7084,1,0.258772
13.8746,57644,799.7855,212.9469,3,74.0049,5.5278,29.4373,0.1952,7.8198,21.8823,0.240837,11.3678,8.5653,44,1055.1464,1,0.333453
4.6268,101481,469.5346,392.4733,2,71.3424,4.4538,30.5791,0.2609,7.808,19.6808,0.118933,2.6923,0.8091,11,643.6081,1,0.266765
19.2017,117720,2260.4296,283.6494,3,124.7154,4.8094,28.2285,0.2238,7.835,19.8007,0.618602,19.1687,18.7354,2,1831.1098,1,0.0
6.8753,107187,736.9407,430.9129,5,72.5494,4.022,31.0087,0.285,7.9272,18.9996,0.180885,5.0952,3.1957,5,719.5643,1,0.244436
13.8407,207354,2869.923,265.0471,5,110.6637,5.4661,29.0083,0.2408,7.8917,19.1861,0.390839,12.4522,10.854,2,2314.2121,1,0.180794
10.3053,156590,1613.7094,92.5214,2,75.507,5.3294,30.0311,0.2161,8.0531,21.2761,0.188768,7.9677,5.3886,50,2478.578,1,0.313857
3.3012,102814,339.4056,320.1861,2,91.7789,6.0291,28.728,0.1864,7.7797,19.0716,0.052859,1.0173,1.0173,82,1733.175,1,0.373734
19.1575,108212,2073.071,328.764,5,76.2309,4.8854,30.2787,0.2219,7.8108,19.1789,0.664176,19.1388,18.7741,15,1792.5853,1,0.0
14.7723,133177,1967.3333,149.9,3,77.4363,5.7565,30.8028,0.1655,7.7871,16.1557,0.362247,13.1401,11.3355,49,2444.5715,1,0.218842
19.8819,136021,2704.3545,449.3753,3,36.6365,6.2952,29.9588,0.1097,7.9275,20.0976,0.547695,18.6617,17.2397,18,2882.3609,0,0.157368
23.1419,50029,1157.7668,292.8907,3,103.0585,6.8263,28.9723,0.0375,7.9666,21.1406,0.698627,22.4539,21.5473,0,1072.4456,0,0.079429
14.4961,94500,1369.8827,349.1096,4,31.4138,4.6799,28.6666,0.2878,8.0062,16.7424,0.385884,13.1878,11.6125,13,1226.9931,1,0.164319
5.1533,123301,635.4023,150.0076,3,57.0677,6.973,28.2518,0.0637,7.8363,21.5865,0.052263,2.4014,2.4014,54,2403.72,0,0.435689
23.6997,88985,2108.9178,183.534,3,23.6594,6.4813,28.4852,0.1332,7.8504,19.747,0.737772,23.2933,22.6151,0,1893.3452,1,0.033119
7.4682,50694,378.5923,322.2148,2,87.0435,5.2317,28.7281,0.1844,7.8603,18.6936,0.156485,5.1156,2.5789,67,812.7321,1,0.320831
26.5262,181288,4808.8768,208.4434,2,24.5441,7.0751,28.1052,0.0669,7.4926,22.0641,0.682651,26.5262,26.2711,0,4680.6443,0,0.0
9.9712,129450,1290.777,261.6359,3,50.7008,5.8895,31.5605,0.1764,7.853,18.7749,0.220589,7.8467,5.5292,58,2217.128,1,0.287498
25.5165,136092,3472.5873,433.6585,2,75.3124,6.7662,29.1394,0.0573,7.9489,17.2975,0.688341,24.9098,24.004,0,3121.6976,0,0.060069
16.6929,66744,1114.151,136.6347,2,70.0297,6.5745,27.3914,0.1224,7.8509,17.4728,0.400975,15.1116,13.3253,39,1270.02,1,0.208766
14.09,65927,928.9098,124.9543,3,77.0007,5.4698,28.6454,0.1634,7.7039,22.6287,0.340765,12.3297,10.4024,55,1155.0312,1,0.237592
3.3757,134325,453.4434,218.2447,2,104.153,5.3676,27.5975,0.1642,7.7161,20.4336,0.055163,0.7928,0.7928,63,1991.3454,1,0.400509
20.7843,210429,4373.6103,419.9774,5,71.5686,5.5963,28.3303,0.1677,7.9113,21.1946,0.39556,19.0261,16.8161,7,4354.8227,0,0.212595
11.0204,216432,2385.1687,383.2452,4,110.9508,5.5007,29.8073,0.193,7.6169,18.7873,0.23381,8.8563,6.4934,57,3883.2626,1,0.292654
18.3659,96260,1767.9053,119.4158,5,56.9184,4.8572,29.3218,0.2069,7.9625,14.38,0.684918,18.3643,18.0931,15,1460.1677,1,0.0
22.0833,218674,4829.0407,416.5959,2,25.807,5.2831,28.8381,0.1951,7.7738,16.4572,0.747197,21.5169,20.7402,0,4432.9888,0,0.062598
21.4514,56092,1203.2517,186.9057,5,73.3271,6.5232,28.6954,0.1281,8.0173,16.2151,0.602189,21.3264,20.7022,15,1066.821,1,0.0
11.4111,128041,1461.0897,417.0914,4,30.2834,6.2861,29.0897,0.1255,7.7073,19.5383,0.21886,8.8563,6.1185,39,2515.247,0,0.349856
12.4154,172276,2138.8681,252.8789,3,69.3757,4.3959,29.6142,0.2658,7.8376,15.0543,0.266217,10.4669,8.2733,5,2002.2515,1,0.257874
6.8151,152174,1037.0802,162.5693,4,133.5082,4.4006,30.6041,0.2628,7.981,21.8759,0.185344,5.1145,3.3013,24,1507.8255,1,0.233627
14.6171,65377,955.6224,314.4763,4,35.0923,6.4267,29.2947,0.0871,7.7504,17.3251,0.28416,12.4433,10.065,34,1384.1952,0,0.293556
20.6327,181991,3754.967,213.2534,4,80.2015,6.0025,29.0981,0.0843,7.729,20.6861,0.485925,19.1628,17.4442,9,3865.6033,1,0.189061
21.0982,96974,2045.9721,446.6727,4,107.5916,5.9312,29.2453,0.1795,7.7487,14.9326,0.771097,20.8291,20.2999,15,1831.6807,1,0.013066
19.1487,108611,2079.7568,417.3457,5,52.3692,5.4039,28.2949,0.217,7.7971,21.3221,0.654956,19.1487,19.1002,15,1715.3192,1,0.0
22.8394,59665,1362.7138,428.3947,2,84.1536,6.8612,27.216,0.0581,8.0004,21.6277,0.509599,22.0694,20.8323,0,1214.5188,0,0.067651
11.3988,215903,2461.0323,415.8628,2,29.3393,5.0622,28.0882,0.2234,7.7839,19.7523,0.225384,9.1975,6.7787,53,3563.8996,1,0.296417
14.5662,151808,2211.2587,378.3508,5,109.4024,4.0546,29.9333,0.2543,7.7985,20.4849,0.640695,13.9321,13.17,10,1875.4679,1,0.079748
14.4525,131500,1900.4999,379.8353,3,117.8474,5.3138,27.7072,0.2459,7.8344,21.6524,0.472023,13.4442,12.2196,1,1530.8575,1,0.125708
13.8257,90198,1247.0463,359.8431,3,52.2788,5.3909,27.3782,0.1664,7.7252,18.8418,0.407523,12.419,10.8727,52,1467.8751,1,0.189337
16.2795,152174,2477.3162,236.1125,5,59.1568,5.8873,29.0854,0.1843,7.8592,20.3097,0.419553,14.7438,13.0027,38,2552.6712,1,0.20222
21.6325,66375,1435.8556,392.0495,3,48.2474,6.0616,27.6065,0.131,8.073,20.5459,0.708499,21.1017,20.3441,15,1301.6059,1,0.055902
12.9309,56346,728.6024,317.8511,2,37.5576,6.9303,28.1317,0.156,7.6739,23.7216,0.297141,11.0108,8.9085,55,980.8067,1,0.259156
16.3832,180214,2952.4751,135.0437,2,35.9617,5.9143,29.4675,0.1229,7.8482,20.5092,0.404906,14.8248,13.0616,39,3149.4173,1,0.205506
10.8675,136764,1486.2815,274.8225,4,46.2121,5.9613,27.5862,0.0979,7.8048,19.4129,0.193404,8.1156,5.0987,51,2660.8097,0,0.371123
15.3413,115222,1767.6519,407.4506,5,40.7898,3.8478,29.2123,0.25,7.756,17.2065,0.641368,14.8229,14.129,3,1504.2072,1,0.058852
15.4994,73563,1140.1807,81.1114,5,41.8045,6.7226,29.5207,0.1573,7.8517,20.7067,0.266651,12.927,10.009,28,1452.0553,0,0.338589
23.545,46126,1086.0384,191.2677,5,77.0974,6.6468,29.9777,0.1251,7.8512,22.7734,0.610111,22.5952,21.3847,0,1049.9853,0,0.113364
17.9767,186281,3348.7099,424.9161,3,22.2224,4.6859,28.6731,0.205,7.8396,21.9184,0.67181,17.5097,16.8205,11,2926.1754,1,0.047036
17.1817,83426,1433.3968,381.1074,3,101.9248,4.1772,30.8035,0.2939,7.9056,22.1817,0.592734,16.414,15.4499,2,1201.6765,1,0.09291
19.3855,129004,2500.8042,290.0472,5,27.9935,5.2656,29.1518,0.2625,8.0991,17.5807,0.737122,19.1143,18.5816,15,2023.7948,1,0.013258
15.8214,142795,2259.2172,267.3002,4,29.1381,4.5636,29.9305,0.1797,7.9106,24.3504,0.568726,14.9383,13.8923,26,2058.4409,1,0.11242
20.2789,149098,3023.5394,325.4827,5,38.6858,5.3957,28.5911,0.2011,7.7872,23.1568,0.62862,19.754,18.9439,15,2506.9417,1,0.049407
9.7428,213037,2075.5755,348.8077,3,48.7226,4.3786,30.7377,0.27,7.7839,15.4458,0.251374,7.9988,6.0479,14,2394.6661,1,0.231911
21.4236,208995,4477.4249,405.2668,2,62.1087,6.0967,29.3422,0.1299,8.0237,20.1167,0.407516,19.6691,17.5085,3,4441.0565,0,0.216126
18.1422,58985,1070.1193,192.4955,3,26.3225,4.7659,29.4592,0.2437,7.787,21.3031,0.51905,17.6078,16.6846,10,921.2524,1,0.040313
4.9152,189610,931.9694,107.3736,3,49.84,4.0541,31.2416,0.2685,7.9499,18.9375,0.100964,2.8701,1.9899,1,817.9328,1,0.281437
16.8802,93532,1578.8388,343.1052,3,107.749,5.3056,29.1625,0.2036,7.9454,18.4357,0.443057,15.6623,14.1517,20,1469.4451,1,0.149072
14.6327,203906,2983.6854,243.6054,3,17.8948,4.8881,27.5418,0.2441,7.9401,22.5906,0.487333,13.5866,12.3937,35,2908.6204,1,0.137146
14.0878,120511,1697.7393,179.5906,5,94.2282,6.2627,29.2488,0.1659,7.7534,21.6363,0.307016,12.1673,9.9616,34,1929.9504,1,0.250463
15.8804,112101,1780.2077,352.2567,5,54.1014,4.6066,29.8475,0.2871,7.9306,19.8836,0.597007,15.3558,14.5871,1,1478.9548,1,0.05335
23.5421,181872,4281.6432,154.5036,4,121.2645,6.5861,28.9209,0.1196,7.871,22.3074,0.428144,21.9148,19.7782,0,3926.0544,0,0.188561
6.4483,206593,1332.1706,436.2277,4,51.7528,5.9044,30.5838,0.1647,7.8639,18.4277,0.069806,2.593,2.1079,44,4387.0409,0,0.521742
16.0162,186059,2979.9578,202.7233,2,77.8892,3.57,29.6494,0.2698,8.1958,21.7353,0.562486,15.2699,14.3159,11,2534.5957,1,0.088823
14.9185,190426,2840.8722,414.4553,5,55.3776,4.9808,29.2666,0.2598,8.0282,18.7935,0.384658,13.6353,12.0709,4,2399.6684,1,0.159462
9.604,100955,969.5675,240.014,3,115.0491,5.4667,28.5493,0.1757,7.7692,18.9134,0.169057,7.0386,4.2527,61,1849.3733,1,0.348206
8.0482,140714,1132.4919,195.8068,4,72.4471,7.5252,27.8782,0.0987,8.0109,19.888,0.098396,4.6798,2.2929,46,3035.8573,1,0.456169
5.3251,70669,376.3189,81.5249,3,34.3535,6.5182,30.3133,0.1123,7.7603,21.3178,0.089286,2.5942,1.1828,68,1525.2197,0,0.375833
18.5749,161024,2991.0087,384.091,4,99.4209,4.3039,27.9386,0.2529,7.864,16.4347,0.62242,17.8061,16.8235,2,2445.1788,1,0.091525
22.0209,172307,3794.3566,276.4145,3,33.7438,6.6058,28.8799,0.0825,7.8826,21.7276,0.747817,21.5319,20.8186,0,3685.7439,0,0.050028
8.0934,135453,1096.269,364.9011,5,97.7343,6.0378,28.0394,0.1513,7.8406,19.2058,0.197873,6.0587,3.8788,74,2272.8162,1,0.278658
6.0507,127388,770.7893,156.1848,2,95.4493,4.5557,27.7514,0.2447,7.8014,18.5222,0.142016,4.0309,1.8487,3,725.3353,1,0.275101
18.2037,60033,1092.824,276.3801,4,118.305,5.7008,28.1326,0.1605,7.8767,18.5801,0.739943,17.7713,17.1571,15,942.2509,1,0.045812
18.1058,60043,1087.1283,192.0526,4,28.5207,4.6164,29.8383,0.2619,7.9042,18.617,0.677904,17.8662,17.3382,4,933.2317,1,0.004075
21.9009,108113,2367.7756,301.0628,3,17.6673,6.2728,28.4526,0.1774,7.7713,22.3844,0.441573,20.5115,18.6691,1,2309.5262,0,0.159379
15.2126,88191,1341.6146,381.7695,5,113.3029,5.2297,29.2961,0.221,7.9089,18.49,0.518608,14.2539,13.141,30,1252.6168,1,0.124023
17.3068,81942,1418.1535,326.4467,3,56.9458,6.2531,28.6296,0.1317,7.9148,20.0294,0.571286,16.3469,15.2391,32,1342.6091,1,0.124728
12.9338,75134,971.7658,393.9939,3,135.3924,4.8593,29.7204,0.2548,7.9537,19.6524,0.261927,10.7543,8.3077,42,1170.7849,1,0.289059
8.4176,90958,765.6492,291.6942,2,92.6335,4.661,29.2876,0.2628,7.7952,17.6902,0.164036,6.1571,3.6926,6,763.646,1,0.306008
5.7322,145627,834.7577,324.4708,4,107.5944,4.6451,29.4586,0.2517,7.6266,21.223,0.087474,2.8115,1.797,1,722.2477,1,0.395534
19.6354,103014,2022.7253,340.6309,4,119.1128,7.3818,28.1516,0.109,7.7497,17.6835,0.577628,18.5185,17.2342,23,2035.604,0,0.145534
13.415,194509,2609.3354,148.4417,5,104.3816,5.2107,30.4775,0.2232,7.8934,18.8312,0.354308,11.7557,9.9026,44,3059.4317,1,0.220885
14.9799,63080,944.9296,342.8618,5,83.6881,5.4218,27.7805,0.1845,7.7235,18.8852,0.434121,13.6635,12.1818,40,1033.7049,1,0.17425
10.3051,202038,2082.0273,409.7393,3,60.1792,4.4562,28.2777,0.2615,8.035,21.0852,0.343786,8.9312,7.4315,1,1717.6697,1,0.185841
6.4067,120906,774.6119,335.5593,5,67.7182,5.7775,28.0129,0.2128,7.8881,19.2572,0.090863,3.5748,2.4607,70,2145.9608,1,0.38685
16.2543,202293,3288.132,408.4059,5,15.5721,7.0464,28.9038,0.0734,7.8478,19.2452,0.279253,13.7687,10.9419,25,4239.5054,0,0.326566
19.4738,52580,1023.9307,281.1424,5,109.4407,5.4723,28.9867,0.2114,7.8128,24.5133,0.472975,18.2913,16.7835,17,957.0525,1,0.141086
17.2659,160155,2765.2186,173.0196,3,31.5924,5.238,28.9434,0.2227,7.9456,19.4429,0.56575,16.4604,15.4397,17,2393.0749,1,0.096664
18.5117,110585,2047.1216,309.734,3,37.346,5.7557,29.5493,0.1925,7.7954,20.6049,0.606046,17.56,16.449,29,1875.7036,1,0.122573
15.8961,69510,1104.938,169.7004,3,57.8795,4.8556,28.8888,0.247,7.7836,19.9232,0.368517,14.4225,12.6221,5,976.6174,1,0.182777
15.0717,207030,3120.2924,375.9465,2,56.0187,7.285,30.2426,0.055,7.5238,17.7398,0.358902,13.1956,11.1554,37,4452.5815,0,0.254411
8.2907,193601,1605.0815,307.1317,5,85.2663,5.3684,27.3208,0.1831,7.8469,18.5037,0.145787,5.7879,3.0909,68,3629.2787,1,0.341462
4.5064,195587,881.3882,249.9825,3,41.4876,5.8594,30.5074,0.1878,7.7623,22.3729,0.058369,1.3137,1.3137,59,4049.9241,0,0.465567
11.1052,88355,981.1974,446.4629,4,126.1709,4.6658,31.7892,0.2656,7.9186,19.7212,0.277996,9.317,7.3655,11,1027.6695,1,0.241899
17.6245,140721,2480.1342,419.0934,3,59.6711,6.9862,27.8536,0.1368,7.7352,21.271,0.336908,15.4287,12.9749,18,3021.0588,0,0.292183
6.1699,171798,1059.972,84.4409,4,51.3253,6.9671,28.9396,0.1325,7.8262,21.2296,0.080225,2.3579,0.8801,41,3490.458,0,0.52009
9.6853,98356,952.6092,163.1598,3,37.0925,3.9456,29.2198,0.2609,7.8414,20.3911,0.225239,7.7098,5.4952,4,876.9514,1,0.262291
11.2893,215837,2436.6544,320.0554,2,21.0748,5.2859,27.8192,0.2198,7.9111,18.7482,0.299897,9.6346,7.8515,68,3760.8186,1,0.225765
15.0595,141548,2131.6364,187.4321,5,85.0038,5.4975,29.2318,0.2475,7.8018,21.7535,0.475893,13.9483,12.6818,36,2138.2383,1,0.145738
11.9148,147356,1755.7224,256.0182,5,70.2586,5.0394,29.764,0.3066,7.9063,18.4759,0.309453,10.2829,8.5121,61,2270.6754,1,0.221616
17.1462,171629,2942.7885,118.3666,3,113.5867,6.0992,29.7621,0.1311,7.629,21.3835,0.316446,14.8411,12.1984,22,3696.5656,0,0.301031
12.8486,138865,1784.2147,315.903,3,111.6056,7.1037,26.2998,0.0881,7.8238,22.172,0.174666,9.3563,5.4871,25,2923.2831,0,0.467535
17.2318,136024,2343.9339,220.3424,2,72.7308,5.0866,29.9436,0.1966,7.8887,16.5741,0.510792,16.2017,14.9539,22,2305.9924,1,0.128723
13.7962,92877,1281.3512,118.1981,3,128.2843,4.3199,31.0203,0.2598,7.8821,18.4373,0.541257,12.9243,11.9251,10,1217.8279,1,0.113895
10.0758,101508,1022.7757,261.035,2,50.4028,5.6163,29.1435,0.2252,7.9537,18.8924,0.297049,8.5671,6.9329,63,1444.762,1,0.205139
7.6709,89313,685.1098,310.7386,4,40.8364,5.3417,28.5361,0.1525,7.9427,21.2804,0.141105,5.2536,2.6798,65,1885.5113,0,0.332402
15.0392,94477,1420.856,182.7713,5,30.2253,5.5679,29.0567,0.2016,7.7388,20.9782,0.395255,13.4304,11.6336,44,1715.9189,1,0.214156
3.4906,45329,158.2253,234.2214,5,20.5686,5.9572,28.8649,0.1436,7.7968,19.3693,0.052132,0.7959,0.7959,73,857.7478,1,0.437908
21.2216,78127,1657.9769,112.43,3,68.8569,5.8753,28.8625,0.1234,7.8981,17.9365,0.580385,20.3483,19.1924,15,1509.9487,1,0.100346
6.5666,131014,860.31,341.4576,3,71.2989,5.3173,31.6822,0.2431,7.9179,21.659,0.12379,3.8838,0.9526,57,1899.7519,1,0.362633
3.7459,134766,504.8252,107.2382,4,29.6524,6.4223,27.5999,0.0714,7.8312,23.0181,0.060093,0.9645,0.9306,70,2625.2802,0,0.384131
5.6601,72131,408.2716,196.0428,4,122.8721,4.3344,29.2519,0.2729,8.0382,18.9919,0.139063,3.8293,1.8794,1,331.3186,1,0.251722
4.9642,149562,742.4586,361.5608,4,134.639,5.1312,28.2264,0.2232,7.7919,20.6133,0.128346,3.0349,0.988,87,2116.0696,1,0.265921
21.3893,114949,2458.6784,278.2658,4,112.5948,6.8955,27.4864,0.1252,7.9023,15.5004,0.605498,20.7328,19.7437,15,2191.7533,1,0.064154
16.3465,82086,1341.8191,86.2853,3,30.7623,5.829,31.0187,0.2251,8.0508,16.7448,0.769212,16.1434,15.7402,15,1115.1545,1,0.009435
9.2284,141859,1309.1297,420.6849,4,20.0892,5.3282,28.8853,0.2384,7.777,18.9193,0.191975,6.8509,4.258,58,2297.4759,1,0.321772
4.6433,195272,906.6987,302.7041,2,74.474,4.6216,30.6012,0.2606,8.0226,20.7286,0.111253,2.8402,1.6834,9,1150.1978,1,0.247041
22.7809,178848,4074.3214,266.4389,3,92.6862,5.8166,28.8785,0.1612,7.8903,16.6385,0.744157,22.2563,21.5089,0,3655.2519,0,0.05538
22.6342,131054,2966.3019,446.8648,3,16.6692,7.2262,29.6666,0.0925,7.8949,21.6056,0.663518,22.2989,21.6062,0,2864.461,0,0.012141
18.3169,180613,3308.2626,130.5472,5,131.6205,6.0217,29.7244,0.211,8.0533,22.2099,0.617003,17.9674,17.2836,15,2757.1012,1,0.017372
11.9103,88256,1051.1537,205.5013,3,118.3538,6.6115,28.3627,0.0912,7.7079,20.8096,0.185676,8.6936,5.1942,29,1893.9346,0,0.43607
10.3768,206868,2146.6381,284.673,2,30.3087,4.859,30.6118,0.2269,7.9186,19.8027,0.272591,8.7075,6.8875,58,3117.1404,1,0.225994
15.2216,109730,1670.2636,347.8447,2,51.8809,5.6923,30.1321,0.1954,7.9164,20.1882,0.365659,13.4587,11.4693,40,1816.9569,1,0.232925
5.5426,90666,502.5239,417.4754,5,106.0765,4.4423,31.3378,0.2833,7.7783,21.1794,0.102685,3.2732,2.1963,4,543.9661,1,0.310175
11.9213,163728,1951.8449,144.4802,3,31.0391,5.4713,30.6769,0.2075,8.0074,19.343,0.320317,10.2618,8.4608,61,2860.7307,1,0.225337
19.4236,93023,1806.8394,370.8006,5,27.8223,7.7322,28.1961,0.069,8.1615,18.8782,0.36341,17.3369,14.9777,11,1945.6785,1,0.275341
13.9285,180695,2516.8085,105.333,2,88.871,7.0727,28.3743,0.0398,7.9858,19.3634,0.286921,11.6606,9.1659,39,3849.9904,1,0.305153
18.2031,160993,2930.5779,208.5442,5,48.3089,5.6295,29.2638,0.2086,7.9672,19.7661,0.761164,18.2031,18.044,15,2489.9838,1,0.0
10.9322,133730,1461.9639,174.254,5,24.6073,5.3273,29.3525,0.2051,7.8561,20.783,0.201142,8.4581,5.6998,45,2091.6615,1,0.329779
7.429,115809,860.3497,154.521,2,93.1209,6.7299,26.693,0.0716,7.9952,16.2692,0.119186,4.5144,1.3915,52,2446.5797,0,0.399152
17.9744,160128,2878.1994,228.2912,2,16.8193,6.2192,28.8471,0.1561,7.6553,16.9554,0.371721,15.9635,13.6704,20,3316.8476,0,0.263658
12.5388,146943,1842.4895,115.7406,4,98.5343,6.4334,30.225,0.131,7.9088,21.5815,0.275751,10.3944,8.0445,54,2760.6224,1,0.289293
22.9788,193329,4442.4685,243.7273,3,127.4875,6.2994,28.3523,0.1241,7.7764,19.1246,0.745556,22.5179,21.8137,0,3935.8028,0,0.04409
13.1108,175095,2295.6401,380.9251,4,20.5387,6.4282,26.7285,0.0693,7.8133,22.7522,0.237469,10.541,7.751,33,3516.8213,0,0.348884
25.7826,147764,3809.736,175.9605,4,109.4727,7.1531,29.2386,0.0785,7.6426,19.4513,0.771309,25.5943,25.0321,0,3530.9314,0,0.0
13.878,168935,2344.4741,353.6911,3,33.8755,6.7882,27.2196,0.0905,7.7991,21.367,0.194808,10.7666,7.3578,24,3667.3829,0,0.419794
21.3211,54210,1155.8162,280.0212,2,57.9015,6.9687,27.1567,0.0562,7.8021,16.8589,0.584557,20.256,18.9524,6,1170.4832,0,0.13192
11.6033,108250,1256.0537,256.6201,4,22.946,6.5112,28.8884,0.1156,7.9342,20.5566,0.225075,9.4283,7.1001,48,2175.9257,0,0.298037
10.3608,62023,642.6108,200.6662,3,106.593,6.7892,27.1909,0.1326,7.9504,21.5805,0.249328,8.4159,6.3254,70,1047.6312,1,0.265812
24.9816,178682,4463.7684,223.2968,2,54.4403,7.6883,27.5232,0.0997,8.0356,18.5712,0.641325,24.4347,23.4978,0,4193.0958,0,0.042085
11.9122,105934,1261.9082,152.9167,2,115.9324,3.9016,29.2829,0.2472,7.9692,19.0024,0.439568,10.8752,9.7308,5,1093.1907,1,0.139224
19.5186,71441,1394.4274,110.9743,3,120.6469,5.0118,28.812,0.2023,7.7682,15.5934,0.6069,18.7507,17.7568,15,1273.5525,1,0.090292
25.7557,150202,3868.5647,340.6438,3,50.9076,7.1673,26.4093,0.0418,7.6855,22.3302,0.707724,25.7258,25.2743,0,3726.419,0,0.0
12.0391,129614,1560.4413,193.5643,5,97.3042,6.706,27.7347,0.1212,7.9262,16.969,0.267639,9.8419,7.4732,47,2776.7163,0,0.299694
15.9094,66149,1052.3916,91.0203,5,63.4722,5.1182,28.4509,0.1751,7.7803,20.8555,0.497226,14.777,13.4694,32,1026.4381,1,0.147085
3.1829,64281,204.5974,439.9366,5,72.5639,4.9907,29.1564,0.2573,7.7254,20.0794,0.061532,1.2192,1.2192,3,211.2838,1,0.305506
14.9354,115643,1727.1746,391.1961,4,105.4365,5.2632,31.5055,0.1852,7.6912,19.0494,0.300274,12.8431,10.5099,45,2097.7142,1,0.27883
21.4497,118576,2543.4218,369.3691,4,35.5624,6.4857,29.7239,0.1752,7.6981,19.5307,0.494944,20.2644,18.7028,5,2544.2467,0,0.136897
16.1335,115244,1859.2848,441.496,3,134.1888,4.8168,30.4133,0.2011,7.6681,18.4243,0.464627,14.788,13.2543,36,1947.5589,1,0.176461
13.3436,197595,2636.6321,123.0999,3,99.5252,3.8859,30.2923,0.2824,7.7987,12.0,0.435556,12.2807,11.0303,3,2435.6507,1,0.136059
22.3874,100313,2245.7443,285.8742,3,48.4415,7.0844,31.0257,0.042,7.8728,20.1622,0.525093,20.9934,19.3367,0,2037.1325,0,0.176957
10.3279,190111,1963.4443,432.2211,2,103.3763,7.5336,26.2451,0.0895,7.8835,18.7881,0.121286,6.671,2.6442,32,3959.0887,0,0.491674
22.8462,198448,4533.7843,178.6927,4,97.906,6.6602,27.4683,0.1414,7.7166,20.1089,0.682613,22.3129,21.4991,0,3990.0492,0,0.051126
20.4178,168575,3441.9244,415.5586,5,71.2166,5.1708,30.1523,0.1943,7.8544,18.9231,0.76948,20.1272,19.5907,15,2956.9082,1,0.018179
20.2789,91051,1846.4147,274.9194,5,78.2634,5.3275,27.7709,0.2215,7.6281,22.5967,0.753217,19.8444,19.1969,15,1551.1472,1,0.043156
18.6065,74803,1391.8206,290.7117,5,106.2082,7.0358,28.1403,0.1192,7.7768,17.7624,0.364623,16.6157,14.3353,16,1581.2136,0,0.260128
13.1773,56405,743.2663,154.0016,2,90.6793,4.8751,29.3413,0.292,7.7384,18.5262,0.275088,11.1128,8.7705,21,780.3765,1,0.271715
19.9198,124115,2472.351,214.8529,3,50.4881,5.8368,29.9193,0.1334,7.634,23.3445,0.659525,19.8163,19.3217,15,2187.1733,1,0.0
12.1341,127337,1545.1146,326.2431,4,120.3794,4.9523,31.7165,0.2698,7.7616,19.3775,0.282618,10.3382,8.2709,1,1253.0782,1,0.233805
25.3872,86733,2201.9043,219.2839,4,70.3886,7.2158,28.5401,0.0274,7.8518,19.4146,0.501292,23.8925,22.0026,0,1955.8493,0,0.179755
23.6542,88413,2091.3411,342.8365,2,37.3696,6.2485,29.3551,0.0934,7.6357,22.8236,0.763505,23.6542,23.6538,0,2048.4803,1,0.0
11.5041,181159,2084.069,275.1275,2,65.4176,7.0238,29.0412,0.083,7.9461,22.8829,0.184209,8.3437,4.9229,31,3717.6037,0,0.429899
20.8294,138287,2880.4387,406.2948,2,23.0591,6.4267,28.7294,0.1471,7.7534,22.3971,0.622064,19.8752,18.7289,13,2883.1912,0,0.120091
6.0963,98878,602.7936,171.0052,5,109.4181,4.2059,29.3588,0.297,7.8557,20.6463,0.115506,3.6038,1.3589,8,701.8365,1,0.335164
22.4617,127670,2867.6828,232.9771,4,123.2157,6.2207,29.1324,0.1677,7.8206,20.936,0.677201,21.8097,20.9145,0,2773.6826,0,0.071973
22.7123,98555,2238.4058,111.5444,5,122.4067,5.9666,30.8981,0.206,7.9023,16.4925,0.685517,22.7123,22.5169,0,2064.6387,0,0.0
18.8762,176796,3337.2367,291.841,3,65.3599,5.934,29.9019,0.1712,7.773,18.3265,0.551097,17.8073,16.5453,27,3245.336,1,0.136434
7.6071,50166,381.6201,111.8295,4,58.6752,4.9109,29.2129,0.2488,7.6726,21.6641,0.169701,5.4529,3.1226,2,343.895,1,0.293182
9.5187,85012,809.2049,361.8889,3,84.4186,6.1517,29.3881,0.1409,7.719,17.7969,0.212118,7.4631,5.2601,74,1509.6412,1,0.281482
6.1753,69011,426.161,213.627,5,18.4466,5.3849,27.3978,0.1906,7.9199,19.382,0.096684,3.2058,1.3979,55,1067.0799,1,0.40081
19.6986,172936,3406.6008,295.3254,3,93.5531,5.2668,27.8404,0.1463,8.2233,20.1425,0.567442,19.5211,18.8508,15,2920.4587,1,0.0
20.7826,219704,4566.0189,130.5873,4,30.0309,5.4405,28.2176,0.2111,7.8411,17.605,0.684721,20.084,19.1863,15,4060.491,1,0.082709
22.3056,149539,3335.5554,352.9495,4,80.944,6.1776,31.8046,0.1077,7.9018,21.7863,0.484131,20.7091,18.825,0,3058.0889,0,0.203824
22.453,50847,1141.6667,265.8787,4,116.2082,6.1821,28.6722,0.1257,8.0432,20.9964,0.689169,21.9147,21.1048,0,1060.0676,0,0.052692
16.5311,198755,3285.6397,252.3339,2,20.357,6.8138,26.7848,0.1433,7.9555,19.1709,0.414502,14.9928,13.2992,39,4007.2503,0,0.206864
19.3366,112308,2171.6526,171.7865,5,34.596,5.2124,28.554,0.1903,7.7664,18.7804,0.426025,17.8996,16.1024,19,1994.8763,1,0.17458
21.2793,84097,1789.5294,276.7399,5,115.2799,6.9872,28.5403,0.0955,7.7271,22.443,0.482374,19.6403,17.7691,4,1733.9383,0,0.214735
12.5435,177771,2229.8742,80.4261,2,43.1579,6.9446,28.5607,0.124,7.6315,20.5572,0.291673,10.5919,8.4635,58,3259.5114,1,0.264157
18.2933,198638,3633.7534,337.9955,3,61.5937,6.7277,29.6726,0.1183,7.8949,17.5835,0.389514,16.3051,14.1205,16,4190.5231,1,0.267732
11.7225,126476,1482.612,436.8962,3,116.4262,5.1197,30.2449,0.2043,7.8069,20.0394,0.26876,9.8558,7.8254,60,2175.1892,1,0.253094
14.0886,111489,1570.7202,394.0291,4,116.3909,3.9071,30.5484,0.2983,7.7452,21.2232,0.405712,12.9617,11.5692,4,1347.4413,1,0.138407
5.904,112302,663.0323,158.2287,3,81.0644,4.255,29.8098,0.2621,7.8727,21.5719,0.17346,4.2143,2.414,12,818.8228,1,0.23225
17.1557,47163,809.1132,146.4723,5,131.6836,4.0855,31.485,0.2831,7.7665,20.4344,0.487122,16.4107,15.2788,8,711.6674,1,0.071862
24.6209,150478,3704.8973,290.1807,3,38.1894,6.5899,28.8142,0.1119,7.8848,20.0018,0.620528,24.6095,24.1498,0,3605.3039,0,0.0
20.276,158941,3222.6892,323.9887,5,113.9476,5.1525,30.9517,0.2313,7.9218,21.8987,0.77686,20.276,20.1157,15,2632.9788,1,0.0
11.8427,72295,856.1688,166.8317,3,28.3623,4.4298,29.8531,0.2846,8.0207,18.2073,0.224048,9.4619,6.7678,4,795.5394,1,0.313948
10.5754,214078,2263.9562,438.8507,4,61.3769,6.3279,30.1434,0.1926,7.7706,21.7411,0.243321,8.7667,6.812,65,3659.0225,1,0.246293
13.9185,108782,1514.0822,357.8082,2,26.0996,5.5296,30.117,0.1622,7.8486,17.5492,0.305375,12.0408,9.928,41,1784.0713,1,0.248625
18.2691,89779,1640.1852,143.2479,4,98.112,4.0594,29.1265,0.2301,7.9613,19.4829,0.668844,17.7855,17.0687,13,1337.0027,1,0.048417
17.5131,60728,1063.5358,99.1689,5,116.5644,5.4117,30.1892,0.2308,7.8825,18.4196,0.457588,16.1296,14.5422,34,1101.8005,1,0.180563
21.1807,218593,4629.9423,323.806,2,78.9393,5.7955,29.9455,0.1172,7.7971,18.7924,0.75051,20.5597,19.7528,15,4226.9742,1,0.072725
13.1519,183431,2412.467,207.5971,4,30.2895,4.8411,30.234,0.2371,7.9372,18.3248,0.390209,11.7161,10.1351,9,2235.0815,1,0.193066
25.4023,108987,2768.5236,421.4013,5,40.7422,6.5041,28.6249,0.0916,7.9036,20.4918,0.524811,24.7309,23.4431,0,2611.1779,0,0.0365
16.5891,190852,3166.0546,271.5581,3,45.7482,5.5262,27.7749,0.1895,8.0025,20.9268,0.42394,14.9354,13.0971,38,3745.3564,0,0.220875
18.5156,145455,2693.1825,243.9269,2,68.2794,5.2961,28.8411,0.1518,7.8276,21.1562,0.452806,17.1193,15.4711,27,2555.6962,1,0.178239
19.127,116877,2235.5061,406.8202,2,139.8575,5.1834,27.935,0.2788,7.8569,20.1334,0.625009,19.127,18.988,9,1812.1455,1,0.0
16.3567,127795,2090.2994,277.6171,2,70.1066,6.7132,28.9697,0.1136,7.8299,22.7315,0.322146,14.3659,12.1099,38,2422.8947,1,0.262246
9.1807,141892,1302.6737,126.231,2,133.0986,3.8655,28.614,0.2871,7.9839,19.62,0.30256,7.8259,6.3629,2,1181.8214,1,0.1846
17.4492,164562,2871.4694,264.6086,4,55.839,4.9294,32.1878,0.2651,7.879,18.8658,0.78241,17.4492,17.4431,6,2275.0199,1,0.0
11.3472,64624,733.301,428.2442,5,125.1231,4.7758,29.2491,0.1884,7.7681,20.0758,0.330326,9.7524,8.0142,58,1025.071,1,0.21592
10.8855,157477,1714.2145,349.8175,2,111.3821,4.4203,29.4022,0.2385,7.8383,22.3808,0.306149,9.2549,7.459,6,1619.5995,1,0.219216
17.1679,166609,2860.3218,142.0943,2,81.2611,4.7322,29.6286,0.2358,7.9783,20.4601,0.448211,15.8203,14.2258,27,2649.9534,1,0.171682
5.5445,91908,509.5882,268.0748,3,74.0465,6.9246,29.4958,0.0398,8.183,19.5517,0.048879,1.5976,1.5976,33,1973.6353,0,0.645152
16.2038,211432,3425.9989,330.7255,3,23.0434,6.1093,28.2928,0.1185,7.9443,21.0945,0.39325,14.3732,12.369,31,4189.643,0,0.247101
11.3705,111943,1272.8515,299.9716,3,57.6096,6.8856,28.7075,0.1074,7.7342,18.4273,0.215803,9.0694,6.6009,46,2373.3964,0,0.314885
8.1072,210922,1709.9833,156.8251,2,101.7754,5.0399,30.0958,0.2138,7.7703,17.8792,0.160856,5.8114,3.3052,57,3082.3919,1,0.310513
17.7156,140583,2490.5158,197.4054,3,120.0994,6.2115,28.2348,0.1133,7.6761,19.6132,0.455319,16.3889,14.8079,25,2463.7768,1,0.168059
21.7861,206772,4504.7601,427.9815,2,74.5801,6.5118,28.2658,0.124,7.7633,16.3404,0.664243,20.8154,19.6591,2,4103.4438,0,0.123013
9.4963,133402,1266.82,127.6495,4,76.2064,5.9183,29.1085,0.1717,7.8695,20.1387,0.135164,6.3134,2.8174,49,2621.5006,0,0.428693
15.1512,116326,1762.4729,119.9751,5,59.9846,4.4211,29.6709,0.2593,7.9407,24.4853,0.419611,13.937,12.4647,22,1655.337,1,0.151574
17.9297,122557,2197.4095,385.8263,3,80.1384,5.3431,28.7559,0.1454,7.899,22.7502,0.54472,16.9346,15.7531,26,2124.3061,1,0.126431
17.0239,57506,978.9793,243.5229,5,73.6017,5.7041,29.0498,0.2063,8.0292,19.1454,0.473434,15.7481,14.2677,31,1004.7149,1,0.165098
23.034,148741,3426.1023,177.4,2,104.285,6.3907,27.013,0.0633,7.8539,19.5824,0.553627,22.0705,20.7738,0,3110.7812,0,0.108785
21.211,48230,1023.0076,180.1226,5,43.3654,5.2333,29.5431,0.1616,7.8891,22.6566,0.775758,21.2109,20.982,15,854.2667,1,0.0
8.3567,184112,1538.5665,107.6841,4,93.2636,5.9497,28.9794,0.1728,7.9059,20.1521,0.171525,6.0733,3.641,67,3956.4307,0,0.313903
20.4487,107616,2200.6121,272.6629,3,128.0782,6.283,28.9867,0.137,7.8299,20.1412,0.443962,18.7676,16.7946,9,2329.8402,0,0.215592
7.1802,122179,877.2645,446.7957,3,43.6891,5.8889,28.6533,0.1537,7.9348,20.6644,0.088635,3.7883,2.2142,51,2448.6895,0,0.45992
17.2709,112000,1934.3364,367.6889,2,100.4808,4.8448,27.6681,0.2053,7.8357,20.0238,0.507964,16.2493,15.0022,21,1865.3541,1,0.126821
19.802,166493,3296.8938,206.9246,3,102.8453,7.1631,28.8135,0.0694,7.902,18.3141,0.338758,17.3192,14.4999,8,3532.1259,0,0.326563
26.156,158488,4145.4091,174.3952,3,80.509,6.9096,29.2484,0.0949,7.743,18.0641,0.654392,25.6417,24.716,0,3968.5604,0,0.03477
7.7054,114384,881.378,307.0915,5,111.0883,6.6059,28.4469,0.0802,7.4709,21.3287,0.1248,4.6928,1.4165,60,2142.158,1,0.408513
23.274,205422,4780.9925,221.2864,3,43.2804,6.4549,26.2378,0.0899,7.8279,21.5239,0.643685,22.2353,20.9985,0,4671.6022,0,0.131659
17.7622,162230,2881.5539,151.0902,4,127.3354,4.7769,29.2082,0.2905,7.9477,21.5008,0.62883,17.7399,17.3776,6,2451.8994,1,0.0
12.1847,165692,2018.9068,437.7039,2,113.7935,5.8366,31.0231,0.1812,7.7616,14.6166,0.215036,9.7415,7.0697,46,3346.8964,0,0.330068
23.1714,215529,4994.1165,122.3378,2,33.3295,6.9963,29.1782,0.0623,7.7898,23.7693,0.716884,22.8652,22.2216,0,4411.4765,0,0.009619
22.5907,197546,4462.7063,422.8679,5,41.8318,7.1489,27.694,0.0912,7.8566,22.9534,0.425857,20.8805,18.761,0,3993.46,0,0.209476
20.6497,52142,1076.718,390.5576,3,44.7367,6.5388,27.8323,0.0889,7.9191,21.0801,0.672246,19.8211,18.8229,22,1065.3292,0,0.104019
19.4854,148583,2895.2053,399.8393,3,71.2184,5.523,28.4528,0.1803,7.6968,16.5994,0.641743,18.8801,18.0172,15,2543.3986,1,0.063858
12.4836,213721,2668.009,240.0725,3,66.9785,5.6324,28.7084,0.1281,7.802,19.0787,0.242886,9.9648,7.2265,38,4229.1203,0,0.341649
11.2067,91663,1027.2376,306.8285,4,64.8995,5.4231,29.1871,0.1695,7.8636,19.9619,0.202061,8.759,6.0991,51,1816.9716,0,0.332064
22.8653,123617,2826.5343,98.3124,4,128.8215,5.4393,29.2267,0.2054,7.9075,19.2006,0.764904,22.8653,22.7865,0,2725.0009,0,0.0
15.7526,84083,1324.5283,428.182,2,79.5535,7.1159,29.4475,0.0931,7.832,20.779,0.288309,13.2853,10.5554,24,1721.4131,0,0.330626
13.1607,117374,1544.7218,261.9553,2,90.1939,6.242,29.3778,0.1683,7.9621,19.9038,0.247813,10.8792,8.3265,43,2113.8963,1,0.303322
17.3898,202650,3524.0502,382.1686,2,97.6685,5.5926,27.8225,0.1518,7.7868,23.5286,0.452875,15.8861,14.19,40,3934.6294,1,0.198756
17.2517,130582,2252.761,343.2732,5,37.943,6.1943,29.9039,0.1794,8.0086,17.1929,0.459405,15.8239,14.2324,43,2534.4203,0,0.190324
6.9915,200077,1398.8302,121.5724,2,38.465,6.2143,28.5577,0.1386,7.836,23.5165,0.08286,3.4852,2.2246,45,4331.5834,0,0.477166
23.756,58740,1395.4293,379.1438,5,34.2035,6.7068,29.2048,0.0655,7.8411,20.6575,0.709714,23.4534,22.8046,0,1267.2407,0,0.007657
17.4137,195477,3403.9831,213.0361,3,133.8208,4.543,29.0979,0.2304,8.155,21.4288,0.7228,17.4137,17.2366,3,2758.5235,1,0.0
20.6625,55164,1139.8275,259.5767,4,74.1814,6.556,30.9215,0.0915,7.9561,19.0766,0.634459,20.0051,19.0872,15,957.769,1,0.071142
6.5719,174050,1143.839,249.8885,2,44.1525,6.4641,29.0147,0.1503,7.9208,17.4338,0.121556,4.4339,2.1912,86,3004.4829,1,0.294497
25.6997,80848,2077.7661,366.5767,5,46.6934,6.2553,26.9302,0.1066,7.6915,22.7779,0.665912,25.6997,25.4515,0,1902.4092,0,0.0
8.3582,87175,728.6239,352.0741,2,57.2875,4.7041,28.1744,0.2469,7.8826,19.4033,0.217788,6.7534,5.0261,69,1201.0943,1,0.219121
6.8298,97883,668.5183,388.978,2,63.6118,6.7919,29.1702,0.1259,7.8248,18.0666,0.120938,4.4454,1.9606,71,2052.112,0,0.328524
10.6754,100932,1077.494,164.7359,4,112.1066,6.6532,29.0657,0.1413,7.8495,21.0701,0.136239,7.099,3.1738,31,2018.2358,0,0.481951
18.2599,180756,3300.585,441.2464,3,67.3132,6.0785,29.0911,0.1935,7.8664,16.6754,0.442529,17.1527,15.6831,15,3078.5804,1,0.126868
24.6967,143497,3543.897,333.2018,3,73.8049,6.8565,28.5516,0.152,7.8189,22.7915,0.5508,24.0576,22.879,0,3295.2295,0,0.040102
19.3124,177708,3431.9701,285.7554,2,54.2303,4.3302,28.4824,0.221,7.8645,18.8632,0.699565,19.3124,19.2068,15,2872.6838,1,0.0
14.9063,79046,1178.2829,158.4758,3,26.4028,4.6363,30.2807,0.2657,7.784,21.1998,0.584588,14.1551,13.2459,8,1089.005,1,0.093938
15.3453,158795,2436.7582,191.5932,4,132.6357,5.512,29.9941,0.2612,7.8004,20.9563,0.719793,14.8693,14.2594,3,1958.1065,1,0.056528
17.323,156883,2717.6909,281.9092,5,32.8347,3.7752,29.2607,0.2505,7.8672,21.5576,0.769973,17.1701,16.7938,5,2332.8638,1,2.2e-05
17.6266,55609,980.1976,198.1246,5,139.0817,4.2474,31.2043,0.2806,7.7718,21.8734,0.592907,17.0698,16.228,1,847.9746,1,0.054116
16.7589,210897,3534.4111,240.6149,3,85.1321,4.8993,29.0898,0.2562,7.8968,18.403,0.544365,16.2953,15.5002,15,2999.0161,1,0.035556
17.1412,196491,3368.092,432.6015,2,56.7657,5.451,27.0163,0.2392,7.9949,20.9809,0.479726,15.8743,14.4121,32,3344.3149,1,0.164624
6.6445,180397,1198.642,362.5852,5,32.4323,6.9089,27.8462,0.0901,7.7354,21.2709,0.083675,3.1092,1.5007,45,3515.5825,1,0.481552
24.6728,153285,3781.9724,269.7597,3,22.7532,6.5707,28.1247,0.0955,7.7581,23.6957,0.590856,24.0302,22.9377,0,3437.6149,0,0.050291
9.0009,111864,1006.8755,402.1445,2,78.624,4.4471,27.5777,0.2624,7.9547,23.1069,0.23327,7.2116,5.2766,64,1718.075,1,0.243538
4.0605,103527,420.3704,130.4807,4,98.5692,5.8543,29.4909,0.2101,7.9812,23.4221,0.044459,2.3199,2.3199,72,1779.9625,1,0.398532
8.4932,167987,1426.7403,153.0642,2,88.9908,7.6349,27.0099,0.0934,7.9435,18.0668,0.148447,6.0329,3.4053,59,3379.2729,0,0.337649
6.6396,101572,674.3929,202.2358,4,15.5051,6.2489,29.4209,0.1207,7.6938,18.1571,0.133844,4.235,1.6849,70,2011.5781,0,0.331496
21.4873,79825,1715.225,349.1699,2,45.6973,5.6739,29.2682,0.1913,7.7386,20.9991,0.785684,21.4873,21.4873,15,1494.9961,1,0.0
20.7437,92276,1914.1422,383.8037,4,73.4579,4.8361,28.6173,0.2011,8.0774,19.2319,0.771206,20.7437,20.7437,15,1603.9188,1,0.0
5.1142,157675,806.3861,112.9046,3,81.9949,4.5171,30.8816,0.2301,8.0857,20.2913,0.102274,3.0596,1.9805,72,2049.2235,1,0.281053
22.2642,69939,1557.1356,113.089,3,69.19,4.9159,29.0027,0.1576,7.7288,21.4167,0.764368,21.7524,21.0378,0,1392.4983,0,0.055401
14.6358,55052,805.7284,246.7472,3,23.4302,4.6004,29.4909,0.2545,7.9423,18.671,0.492157,13.5375,12.2721,5,665.8913,1,0.142889
16.9592,151384,2567.3586,392.6463,5,39.4053,4.5479,28.5438,0.2956,7.6758,23.835,0.779077,16.9592,16.8252,3,2119.4857,1,0.0
14.3292,133541,1913.5358,320.6477,2,25.0016,5.9537,27.8457,0.1587,7.9149,24.0672,0.254974,11.8235,8.962,36,2506.3431,1,0.328168
16.3071,90942,1483.0036,336.2364,3,68.8392,5.7309,30.1904,0.1428,7.9045,20.8534,0.464149,15.0117,13.5566,41,1588.0832,1,0.171757
18.985,216239,4105.2966,258.0012,3,30.3186,5.2721,29.6212,0.1511,7.7587,20.3418,0.630732,18.2848,17.3524,15,3763.7058,1,0.079972
17.1469,191557,3284.5994,317.7773,5,52.0445,4.7256,29.0282,0.1952,7.8404,21.409,0.482486,15.8673,14.4241,39,3146.3969,1,0.169134
15.9357,210883,3360.5615,160.455,2,115.9314,4.7528,28.7295,0.2865,7.8324,21.076,0.480108,14.997,13.8123,2,3022.3949,1,0.113091
14.736,165961,2445.6053,309.0003,5,60.1162,5.5843,27.7942,0.158,7.6355,18.1663,0.330368,12.8969,10.7832,34,2795.5364,1,0.23972
19.8917,107150,2131.3919,180.6317,2,86.6215,6.1295,28.5707,0.1642,7.8953,17.1066,0.472658,18.5234,16.8812,18,2240.3925,0,0.172311
20.618,172541,3557.4539,214.382,5,74.0078,5.6,28.6787,0.1777,7.8795,17.7507,0.70288,19.9661,19.1155,15,3110.8756,1,0.076048
16.2233,162597,2637.8622,250.4995,2,90.8953,5.1791,31.0476,0.293,8.0474,17.4352,0.483919,15.5091,14.4624,2,2306.0966,1,0.072633
11.3598,127978,1453.8038,384.1084,3,125.3205,4.7434,29.1109,0.2405,7.9635,15.4755,0.252033,9.531,7.4553,4,1315.5247,1,0.240614
11.4325,199406,2279.718,185.5185,3,118.4436,5.278,30.0516,0.2392,7.9306,20.1933,0.308065,9.8833,8.1928,4,2090.8534,1,0.209616
12.4811,189896,2370.1137,240.2826,5,114.8924,6.9441,29.4679,0.0747,8.0015,20.7337,0.232496,10.091,7.5259,37,4031.9691,0,0.326989
3.7983,161321,612.7528,118.8577,3,65.6127,5.0469,29.2641,0.2145,7.8941,19.5471,0.057786,1.3214,1.3214,67,2397.57,1,0.383639
18.2859,217817,3982.9777,194.2318,2,51.3495,6.9445,29.7296,0.0824,7.9319,20.8508,0.516666,16.9358,15.4125,32,4485.8883,0,0.178425
7.9334,184434,1463.1814,359.086,3,62.9596,4.9718,28.4121,0.1846,7.7781,21.7779,0.157507,5.7372,3.3861,75,3134.1096,1,0.30093
15.7324,109359,1720.4771,447.5246,2,21.0298,4.7021,28.7421,0.2088,8.0142,21.0083,0.47376,14.5012,13.1291,44,1721.1718,1,0.164138
21.9491,55357,1215.0375,301.6597,5,61.8273,5.096,27.7568,0.1569,7.9455,19.7148,0.724279,21.448,20.7084,2,1146.513,0,0.05047
18.6435,122847,2290.2938,175.2726,4,121.5131,5.3193,28.921,0.2677,7.8533,21.6355,0.736617,18.6425,18.4143,15,1934.5853,1,0.0
14.7036,189990,2793.5439,175.6402,3,101.2795,6.2529,28.5788,0.0673,7.7279,18.5068,0.268544,12.1637,9.3608,28,4065.6159,0,0.340997
10.3434,155206,1605.3514,86.8287,4,125.9434,6.0853,29.9006,0.1727,7.6921,17.9683,0.148508,6.9781,3.2614,39,3240.781,0,0.451515
9.4394,137665,1299.4693,446.6036,5,75.5101,5.7866,29.0764,0.1541,7.7987,20.3439,0.196323,7.0401,4.4209,57,2357.4725,1,0.324499
25.0303,107254,2684.6009,396.7227,3,62.2803,7.4368,31.2732,0.0833,7.7108,19.1063,0.788876,24.8465,24.3344,0,2570.6627,0,0.0
7.5915,180495,1370.224,217.2642,5,42.8074,4.457,29.7115,0.2599,7.8585,20.4921,0.17628,5.7993,3.8594,9,1428.914,1,0.243801
6.5131,140487,915.0076,283.7136,2,108.1886,4.7162,28.1435,0.2999,7.9865,17.7357,0.124198,4.1105,1.7671,2,903.7103,1,0.326045
25.3946,79449,2017.578,205.8691,5,105.3931,6.637,29.8268,0.1135,7.8832,24.4924,0.681371,25.3946,25.3786,0,1786.5299,0,0.0
15.1552,138766,2103.02,153.6774,2,72.4712,4.7163,29.1581,0.2554,7.7234,21.1706,0.506865,14.2136,13.0743,22,1857.0956,1,0.117772
15.8165,196892,3114.1387,201.2444,3,87.9914,5.2317,30.4902,0.2612,7.8914,23.6597,0.546265,15.0306,14.0404,4,2863.2081,1,0.094824
15.3006,88585,1355.4039,109.1561,2,103.7337,5.161,29.4494,0.2528,8.0993,18.3029,0.411901,13.9151,12.3374,36,1402.442,1,0.181851
13.4398,65016,873.8003,87.7715,4,18.3505,6.3463,28.3291,0.142,7.8089,20.508,0.307895,11.5734,9.556,50,1370.2659,0,0.254129
11.407,99134,1130.8246,169.6883,5,31.5257,5.0063,29.7534,0.2613,7.733,18.496,0.370441,10.1371,8.754,12,1117.1992,1,0.172015
24.4105,69985,1708.3699,277.327,4,118.7982,6.2895,28.281,0.1184,7.906,19.8356,0.528413,23.1796,21.585,0,1655.4286,0,0.144611
15.6684,194357,3045.2728,430.1608,3,112.2511,4.6372,29.0467,0.2112,7.8228,18.7171,0.346778,13.9927,12.0456,31,3104.9215,1,0.216618
14.1499,114912,1625.9887,184.9579,2,82.444,7.3672,27.1177,0.0931,7.8471,21.7657,0.300721,12.1124,9.8787,44,2387.7524,0,0.274788
14.9241,54490,813.2144,397.0058,2,34.4637,6.6722,30.6013,0.1368,7.9203,20.2554,0.349574,13.2268,11.3498,49,1024.5505,1,0.227542
19.095,202521,3867.1417,407.8759,5,86.6642,5.2433,30.4409,0.2421,7.7165,21.8108,0.629112,18.2687,17.2486,20,3372.0886,1,0.10156
20.9311,127238,2663.2349,178.9049,2,48.9985,6.3236,28.5929,0.0766,7.8014,19.6676,0.463584,19.1818,17.1972,5,2488.9396,0,0.230233
7.0224,97182,682.4538,187.4844,5,107.2025,5.5697,29.4493,0.2164,7.8103,20.3252,0.119139,4.3532,1.7485,52,1432.7486,1,0.359052
10.6726,204891,2186.7171,424.7698,2,118.243,5.0692,29.7934,0.2322,7.8746,23.4129,0.25621,8.8541,6.8823,62,3180.0183,1,0.247087
17.2142,100259,1725.877,81.1346,4,137.8875,4.7732,30.0079,0.2217,7.9548,17.4128,0.644483,16.61,15.8264,15,1433.3278,1,0.070892
7.7729,79148,615.2057,231.4179,3,82.4037,6.44,28.4014,0.1193,7.7151,17.9543,0.099199,4.1518,1.5871,43,1571.0052,0,0.489819
13.6226,46386,631.899,137.1892,2,88.4643,5.5985,29.8542,0.1738,7.8359,21.4949,0.309798,11.7198,9.5735,40,774.8612,1,0.251497
13.7776,102335,1409.934,89.1639,2,65.3376,5.5136,28.8227,0.1834,7.6032,19.8156,0.384398,12.276,10.6358,56,1682.9005,1,0.203026
13.7068,64290,881.2134,105.6555,3,55.9575,7.2541,30.8281,0.0714,7.8332,19.6638,0.253534,11.4488,8.9941,36,1279.774,0,0.30627
15.3906,164825,2536.7601,413.8554,2,37.831,5.6176,29.9223,0.1734,7.6086,19.6927,0.361221,13.6299,11.6634,44,3107.3662,1,0.234374
18.4473,98047,1808.6987,351.2718,4,103.0374,5.668,28.7362,0.2364,7.9189,16.3884,0.636743,18.4473,18.2306,15,1554.0675,1,0.0
7.4867,155815,1166.5337,93.8921,3,62.5497,6.4948,30.3347,0.1481,7.9589,20.5245,0.144911,5.2872,2.9415,80,2914.5601,1,0.302131
17.9904,85049,1530.0651,293.4552,3,33.7662,5.4693,28.5964,0.1764,7.9386,23.5749,0.759637,17.8695,17.4973,15,1282.1883,1,0.0
18.4656,131401,2426.4032,317.5522,4,76.5807,5.3904,27.848,0.1822,7.944,19.0764,0.595193,17.4745,16.3357,33,2305.9734,1,0.129219
5.36,217321,1164.8508,435.7393,2,56.2002,5.9401,27.3062,0.1936,7.8516,18.5954,0.120099,3.2497,1.1115,89,3734.2392,1,0.291046
20.8951,207134,4328.0954,428.3764,2,109.9419,4.8402,27.7888,0.2188,7.8188,22.3095,0.623857,20.8951,20.7024,15,3827.9557,1,0.0
5.1265,173612,890.0258,118.9053,3,100.7972,5.5601,29.4629,0.1896,7.7745,20.5122,0.082935,2.6475,2.0337,80,3070.6958,1,0.340459
16.6876,55719,929.8141,398.1786,2,64.2212,5.8933,29.1146,0.1173,7.9344,20.6124,0.480891,15.3299,13.8034,41,1034.5862,1,0.179866
17.1367,129175,2213.6304,82.3534,4,106.2723,4.6508,29.6366,0.2472,7.8506,17.8818,0.733434,16.9844,16.5831,4,1843.796,1,0.0
9.1759,67530,619.6467,299.5273,2,69.0216,4.8173,27.6793,0.2609,7.9524,20.6806,0.286987,7.6577,6.0229,19,727.5113,1,0.207226
17.8402,153876,2745.1801,324.8315,5,83.8345,5.6891,28.9227,0.1848,7.969,21.4992,0.725169,17.2629,16.5383,17,2545.2681,1,0.069915
26.3846,47064,1241.7644,122.3186,3,67.7714,6.6617,29.3857,0.1034,8.0133,22.528,0.653525,25.8741,24.9538,0,1200.2203,0,0.034347
17.9195,156589,2806.001,258.0071,2,85.8709,4.3911,29.7706,0.2883,7.8736,18.4275,0.731419,17.9195,17.8929,1,2449.1644,1,0.0
16.6084,85435,1418.9414,136.2792,2,130.8987,5.3938,28.3137,0.2462,7.8225,18.4104,0.419662,15.0881,13.3419,34,1504.4928,1,0.19825
10.3839,90575,940.5232,415.7713,5,36.7283,4.9823,29.6883,0.2233,7.8854,22.0959,0.174535,7.7147,4.77,50,1517.1262,1,0.358416
19.5078,204975,3998.621,199.1632,4,134.8623,4.7382,28.2247,0.1891,7.6283,20.4603,0.632665,19.5078,19.2795,15,3251.1721,1,0.0
21.6159,90933,1965.5951,200.9827,5,54.9639,6.1963,29.5389,0.1478,7.7286,21.0806,0.785171,21.5203,21.1189,15,1715.4161,1,0.0
3.5259,120973,426.5351,424.0413,2,26.1683,4.4336,28.3405,0.2577,7.7698,18.4611,0.060306,1.7326,1.7326,5,475.7583,1,0.307284
10.4579,100693,1053.0372,107.9564,2,100.7335,5.3282,30.1724,0.2143,7.7354,16.0734,0.221157,8.1958,5.7079,52,1748.9811,1,0.304389
12.3401,104381,1288.0765,282.7584,4,93.2703,6.5041,28.9744,0.1029,7.8653,18.0646,0.204202,9.3677,6.1179,32,2179.6249,0,0.401619
22.3605,185347,4144.4575,265.3864,2,55.3916,6.5023,28.5001,0.1359,7.7277,17.3716,0.583406,21.1168,19.6619,0,3813.3951,0,0.159907
17.6618,46039,813.1318,363.8619,5,69.4656,4.3848,29.9757,0.2289,7.9676,21.0904,0.625841,17.6618,17.4775,10,637.3974,1,0.0
3.6151,103095,372.7017,282.692,4,59.7412,5.8911,29.2969,0.1288,7.9473,21.2507,0.047492,1.1961,1.1961,68,1740.3798,1,0.438081
18.3105,51464,942.3315,316.2357,4,37.8221,5.9997,29.4071,0.1557,7.8888,18.5852,0.717213,17.819,17.1494,15,855.9839,1,0.054741
6.3928,95946,613.3663,161.9763,2,113.3349,4.5914,29.9245,0.2722,7.816,20.4064,0.153338,4.3656,2.1743,17,804.0713,1,0.276023
5.9836,130162,778.8341,391.9649,3,47.1376,4.9501,30.0544,0.2857,7.7318,18.4741,0.122628,3.9174,2.1641,1,672.1221,1,0.280749
15.5993,122637,1913.0573,240.6584,5,67.985,5.7864,30.2834,0.1911,7.8575,23.8208,0.379484,13.8567,11.9572,37,2557.3139,1,0.235949
17.1381,169503,2904.9626,283.617,3,103.5628,4.4869,30.0616,0.2458,7.723,18.6439,0.625965,16.3687,15.4368,22,2450.7305,1,0.096168
15.0296,202852,3048.7829,417.173,2,21.5151,6.06,29.3603,0.1318,7.7316,18.6459,0.31353,12.9668,10.6904,37,4189.8255,0,0.276923
19.8452,74790,1484.2226,303.2175,3,116.4241,5.5429,29.2001,0.1487,7.8528,22.9622,0.471447,18.8855,17.5087,15,1255.545,1,0.100407
24.1399,92701,2237.7889,182.1736,5,91.4181,6.5443,28.1703,0.0746,8.2164,19.203,0.584403,24.0816,23.4434,0,2004.2745,0,0.0
20.2484,202920,4108.8107,395.7187,3,111.8797,5.7339,28.0309,0.1742,7.8741,16.4431,0.75394,20.2484,20.2484,15,3359.7463,1,0.0
19.5201,137541,2684.818,207.035,5,118.4585,5.3744,28.3155,0.2371,8.0849,21.5628,0.622155,18.7101,17.6751,16,2334.8748,1,0.096437
11.8078,174543,2060.9757,242.3755,2,24.1086,4.4631,30.4705,0.2656,7.9288,18.2287,0.34365,10.3979,8.7759,14,2120.6506,1,0.183632
16.3817,169677,2779.6031,400.1556,4,113.7888,5.1925,29.7348,0.2248,7.833,21.3889,0.706418,15.95,15.3499,2,2221.4052,1,0.046964
15.4041,144331,2223.291,417.5545,3,138.4219,4.4522,29.9392,0.2544,7.7616,20.4378,0.533598,14.4047,13.2716,8,1923.2402,1,0.131598
21.3486,207760,4435.3884,383.5499,5,123.0397,6.4354,28.8744,0.1242,7.933,19.5171,0.578998,20.8505,19.9466,15,3971.175,1,0.032887
8.1338,196105,1595.0724,276.9767,4,46.7068,7.0462,29.0758,0.12,7.8623,20.3586,0.156812,5.568,2.8094,71,3856.2699,1,0.350594
17.6416,131832,2325.7282,293.6222,4,62.4669,4.5881,30.4883,0.2449,7.7555,21.8394,0.520168,16.5903,15.3149,22,2100.574,1,0.131188
19.9435,185107,3691.6816,331.8403,5,28.1587,5.8269,31.8007,0.1947,7.8587,19.9386,0.746199,19.9435,19.7389,15,3132.0777,1,0.0
16.4528,95296,1567.8892,199.2231,5,117.7295,6.2325,27.7325,0.1682,7.7587,20.1561,0.316965,14.3696,11.9939,36,1766.0424,1,0.27315
3.1783,203055,645.3721,350.1959,5,30.2991,4.995,28.8091,0.1932,7.845,19.1902,0.050107,1.2345,1.2345,86,3628.1275,1,0.359221
18.8246,74021,1393.4168,198.5222,4,88.5774,4.9247,28.6348,0.2358,7.8166,17.1382,0.66881,18.4648,17.8216,15,1126.0581,1,0.02482
22.8242,161565,3687.5969,144.0527,3,96.6973,6.2526,28.2866,0.1392,7.8418,21.0119,0.650474,22.2985,21.4275,0,3366.5065,0,0.043528
13.7902,193014,2661.7032,243.2511,2,113.9776,5.2533,29.4242,0.2314,7.7637,22.041,0.370609,12.2534,10.5579,50,3101.1711,1,0.206354
17.0268,169899,2892.844,219.4468,5,103.7776,5.6259,29.4842,0.1818,7.8307,19.9488,0.589443,16.3171,15.414,16,2490.0523,1,0.08483
20.3604,183213,3730.297,217.1273,2,54.8626,5.2105,30.6762,0.2284,7.8361,19.4832,0.593635,19.8362,18.9422,15,2984.5014,1,0.040737
14.806,68736,1017.7056,180.8124,2,27.9363,5.7309,31.17,0.1654,7.7512,15.8473,0.408755,13.3936,11.8078,41,1072.6268,1,0.187299
21.0226,154877,3255.9135,416.0551,4,67.6977,6.2016,27.8063,0.1375,7.5257,21.589,0.620394,20.9502,20.4215,15,2924.3682,1,0.0
15.6078,73543,1147.8448,290.5003,2,76.11,6.0718,28.0954,0.1313,7.9048,22.6283,0.282773,13.2231,10.5717,27,1558.4439,0,0.318462
8.3644,79153,662.0652,273.2751,4,86.6553,4.3138,27.4677,0.2703,7.8261,21.3748,0.251967,6.9021,5.3148,9,695.186,1,0.19854
16.9408,185113,3135.9607,232.1292,4,82.6642,4.7012,28.9656,0.2175,7.7635,20.4623,0.556196,16.3104,15.4154,15,2504.0331,1,0.066819
10.1672,169005,1718.314,434.9825,5,29.5594,6.68,28.9085,0.0877,8.0237,22.3245,0.129601,6.2805,1.9943,30,3462.0191,0,0.52205
5.6235,96087,540.3461,322.4084,2,29.8378,7.0183,26.3079,0.0765,8.0037,18.337,0.076302,1.9761,0.8153,51,1896.8726,1,0.495458
18.216,110933,2020.7576,124.1429,4,81.6744,5.474,29.8151,0.1398,7.8311,18.9558,0.460924,17.0894,15.6546,17,1901.0786,1,0.134571
11.4321,135229,1545.9533,431.6696,4,34.283,5.4143,30.6993,0.1815,7.8547,19.7121,0.230133,9.2575,6.8948,61,2591.8124,1,0.295081
13.0994,175764,2302.3999,262.3129,4,87.4836,5.0963,30.5271,0.2291,7.7926,20.9978,0.274168,10.9706,8.5264,9,2251.0426,1,0.277693
11.3516,59090,670.7682,280.8673,5,73.0447,5.9636,29.1799,0.165,7.8815,23.0878,0.23528,8.9877,6.4308,49,1230.2348,0,0.321709
13.1751,182090,2399.0564,189.6617,4,55.9977,5.266,30.175,0.2362,7.6678,18.3597,0.319522,11.4886,9.5973,42,2708.9495,1,0.223839
14.6585,98903,1449.7739,145.9258,3,109.5488,5.8443,29.7143,0.1886,7.9938,22.0935,0.351454,12.9496,11.0813,56,1758.0946,1,0.230911
16.797,218947,3677.65,434.5754,4,74.436,7.1412,28.0993,0.1598,8.0037,20.6596,0.270275,14.0675,10.9932,18,4572.7186,1,0.361149
11.2401,158640,1783.1231,233.8883,3,48.6294,7.0013,29.3221,0.0758,7.811,18.6503,0.237292,9.1391,6.8714,66,3092.4033,1,0.286334
19.3798,204477,3962.7201,354.6588,5,77.2094,5.2576,29.1726,0.1755,7.5964,21.4167,0.754464,19.3798,19.3331,15,3342.584,1,0.0
6.8893,64685,445.637,100.2427,3,79.8616,6.9944,29.4927,0.0613,7.9222,20.1286,0.099575,3.7092,1.3684,47,1373.781,1,0.435909
23.6255,201687,4764.9661,182.0647,2,17.1387,7.068,29.1342,0.0959,7.7732,22.1133,0.527532,22.4928,21.0126,0,4411.9573,0,0.13192
15.222,79470,1209.6938,314.9208,2,48.1564,4.7234,30.6127,0.2724,7.9936,20.0184,0.480429,14.0342,12.6739,18,1134.9892,1,0.155241
19.1905,55544,1065.919,282.1903,4,125.0356,4.8624,27.74,0.2277,7.7487,19.7838,0.67483,19.1905,18.9869,15,878.3965,1,0.0
11.2088,145425,1630.0422,435.1635,2,94.6172,6.1905,28.6231,0.1377,7.8079,17.9256,0.171083,7.9512,4.3794,33,2940.3226,0,0.43929
6.1591,103685,638.6058,137.7347,3,135.5135,5.0825,29.8161,0.2666,7.9873,19.5625,0.136138,4.2813,2.3048,2,549.7724,1,0.256056
18.6065,131111,2439.5147,137.0434,5,76.9927,5.4042,28.6399,0.1715,7.6115,18.3569,0.74487,18.5989,18.343,15,2009.7147,1,0.0
9.5604,84774,810.4693,219.1127,2,83.5483,4.9212,29.9754,0.2732,7.8234,18.9291,0.195072,7.0993,4.4133,57,1365.1555,1,0.332925
4.0671,196739,800.1475,391.2193,2,51.2444,7.0833,28.2467,0.085,8.024,17.9805,0.045291,1.0092,1.0092,48,4149.2506,0,0.545718
15.2662,146340,2234.0571,286.4598,5,19.0412,4.4826,28.5768,0.2968,7.9511,22.6142,0.396353,13.9165,12.2611,3,2060.0126,1,0.166871
6.7011,78456,525.7412,262.4856,5,121.1471,5.4541,29.9606,0.2147,7.9692,20.2752,0.111708,3.9444,1.6396,61,1366.5399,1,0.374003
20.6925,45384,939.1082,294.1868,2,34.573,5.3646,28.1697,0.1891,7.6688,18.2392,0.635099,20.2142,19.4336,15,771.615,1,0.040794
17.0545,131427,2241.4267,292.7919,2,123.1202,5.3028,29.6965,0.206,7.8548,19.8991,0.519715,15.9037,14.5801,33,2330.1689,1,0.14992
23.1793,176853,4099.3246,261.3088,2,51.0351,7.3424,26.9255,0.0968,7.8112,17.4543,0.580217,22.0583,20.6637,0,3922.5815,0,0.136824
6.2251,57859,360.1787,255.4353,3,115.7577,8.1633,26.8232,0.0777,7.8988,19.2795,0.119963,3.8116,1.2508,76,1148.1036,0,0.332627
9.7106,112180,1089.3349,385.3937,3,50.5429,6.1984,28.0251,0.1147,7.8168,21.7815,0.226248,7.8201,5.7979,76,1901.3572,1,0.259195
6.193,216606,1341.4412,383.903,3,93.3461,5.7902,28.4637,0.2271,7.7473,22.7603,0.127514,3.8928,1.4413,81,3495.2115,1,0.316103
26.3904,66055,1743.2204,276.6808,3,119.0502,7.0913,29.5454,0.1241,7.9576,20.2025,0.741303,26.3903,26.0978,0,1559.2998,0,0.0
15.6903,107152,1681.2424,352.6768,2,52.4898,4.4028,32.0393,0.2849,7.8573,19.3277,0.736345,15.2476,14.6547,13,1526.4281,1,0.050241
10.8472,126920,1376.7228,335.8037,5,56.4353,7.1172,28.8114,0.0222,7.8368,24.0679,0.155309,7.6373,4.1075,37,2505.4976,0,0.431966
8.5684,172128,1474.8531,194.9199,4,58.1848,6.7606,30.0336,0.1322,7.8108,24.1876,0.152329,5.8194,2.8141,56,2949.8406,1,0.37142
13.8303,145700,2015.0765,234.6096,5,124.0891,4.5538,30.2912,0.2529,7.7977,20.7372,0.39204,12.336,10.6704,45,2230.0641,1,0.199212
10.0892,132252,1334.3116,254.8018,4,106.6301,6.5612,30.0654,0.1386,8.0464,15.5703,0.181616,7.544,4.7932,53,2798.0727,0,0.346551
21.2561,93623,1990.0631,267.0604,5,68.9705,5.9372,29.3967,0.1487,7.8565,24.0951,0.544479,20.0764,18.6332,6,1862.914,0,0.146174
14.9305,78382,1170.2858,118.7029,4,128.1342,6.8319,26.3419,0.152,7.7965,18.497,0.38641,13.2075,11.3305,45,1664.9944,0,0.233372
16.0357,152551,2446.2578,124.4248,4,113.1899,4.6806,29.3004,0.2775,7.7361,21.9304,0.589863,15.4596,14.6725,15,2066.157,1,0.063954
16.6778,143206,2388.3601,297.755,5,22.6154,5.6815,28.5112,0.158,7.9299,22.223,0.334658,14.6978,12.4251,34,2665.3794,1,0.258351
12.3906,199534,2472.3478,116.8435,4,91.9216,5.7235,28.8696,0.1337,7.9339,19.9503,0.252796,10.0646,7.5445,43,4156.2493,0,0.316224
18.9796,110276,2092.9968,333.0952,5,30.2178,6.1239,28.1373,0.1361,7.914,18.606,0.408642,17.2315,15.2236,17,2200.2714,0,0.227957
15.2669,184844,2821.9886,380.4963,2,53.9037,6.3637,29.1731,0.1545,7.7456,18.0934,0.36618,13.5819,11.6768,39,3172.8521,1,0.222332
21.4613,147426,3163.9483,333.9536,3,16.4317,6.4286,28.6258,0.158,7.484,19.6198,0.52511,20.6251,19.3949,15,2738.705,1,0.084576
14.4992,190508,2762.2071,371.3252,4,75.4248,5.2539,27.8371,0.2137,7.7916,22.8863,0.303076,12.4877,10.1345,29,2946.7817,1,0.258601
11.1623,189469,2114.9136,353.2627,2,57.1228,6.8631,28.1967,0.0629,7.7333,17.4387,0.242514,9.0187,6.7156,55,3903.1819,0,0.293053
4.4226,63086,279.0018,261.1168,3,72.1789,6.9083,28.0567,0.1218,7.8785,18.6048,0.05903,1.7574,1.7574,65,1261.806,0,0.377771
18.4833,115994,2143.9494,375.2782,3,33.8887,6.3224,29.5554,0.162,7.8131,20.0963,0.501658,17.0399,15.4169,25,2382.1598,0,0.191221
12.0161,131958,1585.6184,342.5819,5,108.0492,3.9741,29.9551,0.2575,7.9356,17.512,0.392873,10.7459,9.3368,3,1350.608,1,0.169889
7.291,175667,1280.785,160.6115,4,96.9799,5.9079,29.7281,0.1622,7.7811,19.5722,0.130949,4.782,2.1059,66,3514.6708,0,0.344614
14.4448,155612,2247.788,340.5718,2,105.1302,4.9416,26.8868,0.2568,7.762,18.7497,0.564203,13.6514,12.7276,1,1761.1161,1,0.10239
16.5103,61999,1023.6246,262.5936,3,120.0585,5.2194,28.8937,0.1848,7.7739,18.8466,0.332767,14.652,12.4405,26,1091.4219,1,0.235677
17.4044,174205,3031.9256,341.2044,3,110.0161,5.1863,30.0606,0.2519,7.6603,20.5749,0.76049,17.4044,17.3611,6,2507.8245,1,0.0
5.2835,86852,458.8852,113.4157,4,20.3602,7.0283,28.6838,0.1027,7.9232,15.6137,0.08468,2.5921,1.3969,68,1740.4494,0,0.370805
14.3577,184107,2643.3608,247.2241,3,66.5507,5.2302,28.4147,0.1534,7.7493,20.6073,0.330751,12.4374,10.305,47,3409.8003,1,0.256697
22.5749,161320,3641.7833,258.3474,3,115.9807,6.9025,31.3667,0.0823,7.6948,18.7329,0.649354,21.5765,20.3674,0,3499.8101,0,0.124775
11.4503,91690,1049.8783,160.5599,4,80.7118,6.648,27.7893,0.1076,7.8564,20.4358,0.234112,9.2562,6.9038,49,1931.7282,0,0.300362
13.1592,167376,2202.5361,172.6607,4,70.3559,4.5844,29.8333,0.2557,8.2269,20.3365,0.300441,11.1927,9.017,49,2826.6627,1,0.263545
15.661,136652,2140.1036,381.371,2,88.5306,3.947,31.2488,0.3116,7.9526,16.6539,0.739166,15.6601,15.4723,8,1768.7628,1,0.0
10.0993,160123,1617.1236,423.4581,3,19.5249,6.5112,27.7208,0.0934,7.8476,20.1803,0.194711,7.714,5.1645,50,3308.0259,0,0.327189
19.2384,176300,3391.7259,403.3023,2,66.849,5.5549,30.4124,0.2088,8.0198,19.0968,0.574079,18.2618,17.0735,22,3079.8694,1,0.121554
22.3761,68344,1529.2735,178.7535,2,103.7952,7.0424,27.8885,0.0476,7.7903,22.109,0.601183,21.3419,20.0734,0,1432.0137,0,0.127837
14.4104,171466,2470.8877,155.5516,2,20.216,4.8726,29.8281,0.2513,8.1667,18.6382,0.389934,13.0252,11.4314,10,2182.5913,1,0.180406
16.9048,105953,1791.118,378.1795,3,100.4772,6.1873,29.3157,0.145,7.9039,21.7665,0.378281,15.0609,12.9606,36,2003.1413,1,0.24196
11.952,128171,1531.8987,397.1993,2,26.2232,5.2963,30.3829,0.237,7.7029,18.3875,0.335938,10.4407,8.8064,64,1978.5972,1,0.205716
14.9932,73972,1109.0794,447.2202,2,42.8903,6.8901,28.4545,0.0745,8.0181,19.3877,0.299118,12.5961,10.0075,26,1557.6258,0,0.326588
4.2137,157858,665.1595,167.8583,2,129.2247,4.4997,28.3633,0.2048,8.1216,21.5514,0.081755,2.0784,1.6231,88,2520.1548,1,0.294409
18.8421,99173,1868.6303,432.0443,5,129.7446,5.6473,28.0277,0.1314,7.7762,20.6563,0.537276,17.7136,16.3921,29,1701.5677,1,0.144995
14.6578,163866,2401.9132,437.4335,5,44.765,5.9037,29.5699,0.1578,7.8883,22.495,0.314219,12.7063,10.5762,39,3363.6406,0,0.263954
22.0258,207405,4568.2696,145.7057,3,29.8455,6.4216,29.0926,0.1718,8.0032,18.9078,0.425891,20.5321,18.6176,0,4457.2652,1,0.177332
10.8355,73512,796.5361,245.6285,2,69.495,5.5552,28.5463,0.2081,7.7948,20.3634,0.171793,8.076,5.0262,50,1335.6842,1,0.370078
18.0914,202900,3670.7367,387.2766,5,20.6873,6.646,29.5233,0.1703,7.9867,20.1817,0.487266,16.7947,15.2657,27,3464.9835,1,0.165669
20.9342,175970,3683.7899,124.5237,3,92.2238,6.8045,27.9209,0.1164,7.5906,18.7276,0.624481,19.9229,18.7443,10,3694.9868,0,0.130415
17.9802,106674,1918.0171,418.677,5,68.0777,5.6599,29.4277,0.1644,7.8655,19.4818,0.590106,17.1775,16.1792,19,1710.5495,1,0.098016
20.4811,131081,2684.681,155.9276,3,86.9243,6.112,29.1527,0.1202,7.7384,16.4266,0.564323,19.6217,18.4686,15,2496.1387,1,0.097328
8.7268,122465,1068.7269,127.993,3,70.4148,5.5612,29.9579,0.1574,7.7706,16.946,0.136818,5.993,3.0313,63,2304.9153,1,0.371655
18.6316,112878,2103.0952,411.2659,2,88.8575,6.0946,27.23,0.1988,7.9509,18.512,0.468433,17.5692,16.1491,15,1820.2098,1,0.120821
18.802,184338,3465.9264,340.705,3,125.1819,5.2678,28.457,0.221,7.951,19.1581,0.591665,18.7865,18.3817,15,2913.1687,1,0.0
15.3321,147401,2259.9613,303.0197,5,35.4851,5.8214,29.9116,0.1817,7.8924,19.3323,0.290889,13.1769,10.7191,36,2534.7988,1,0.282541
8.0721,211343,1705.9777,215.9322,4,40.5167,6.4061,27.2534,0.0882,8.0795,17.385,0.096222,4.2859,1.7362,39,4484.3444,0,0.510935
17.8065,105707,1882.2737,345.2156,4,39.4939,4.9377,31.333,0.251,7.9385,22.9868,0.650827,17.7801,17.4162,15,1618.6029,1,0.0
8.3891,110775,929.3015,122.5537,4,60.1845,6.9473,29.4024,0.1192,7.6577,19.2101,0.15116,6.0443,3.5375,70,2320.7697,0,0.321575
15.6523,114150,1786.7122,311.6318,4,65.6507,6.423,28.0061,0.0925,7.7628,16.1518,0.344627,13.8209,11.8127,36,2218.5439,0,0.246951
2.8825,58894,169.763,364.585,5,18.5734,6.7586,27.7526,0.1004,7.8603,20.4722,0.043576,1.1046,1.1046,99,1052.6743,1,0.34536
14.6862,215128,3159.4085,369.6001,3,89.0048,5.4655,29.2621,0.1668,7.9822,18.6156,0.354796,12.9882,11.1387,51,4400.5772,0,0.230013
8.1622,76281,622.6179,364.2797,3,23.7062,4.603,28.4041,0.2401,7.8532,21.9385,0.137068,5.5143,2.6028,2,539.2594,1,0.356362
25.1876,89789,2261.5668,302.0758,3,36.2216,7.9518,28.419,0.0314,7.9277,21.6463,0.660064,24.4386,23.406,0,2008.6317,0,0.082263
13.804,215459,2974.1869,330.8062,2,117.3939,4.1757,30.3383,0.2732,7.9837,19.8223,0.400929,12.5667,11.109,1,2655.2367,1,0.158195
17.9853,111950,2013.4493,188.8239,3,60.4239,4.5856,29.5304,0.2366,7.945,18.1661,0.59423,17.2882,16.3562,15,1662.1113,1,0.079246
18.9522,80275,1521.387,446.0146,3,55.2539,4.9965,30.2342,0.2113,7.7859,19.35,0.643983,18.1572,17.1805,20,1367.0875,1,0.098152
13.8911,104942,1457.7647,168.3265,2,41.7563,4.8601,29.5114,0.2577,7.6837,16.356,0.513778,12.9098,11.784,2,1252.5002,1,0.128074
9.5922,196891,1888.6112,417.7413,2,19.4095,4.3606,29.0408,0.2167,7.8418,18.7403,0.281036,8.0485,6.3812,3,1694.1186,1,0.210276
7.8904,158250,1248.6507,265.5211,5,40.4849,6.5728,26.2261,0.0918,7.6917,19.8542,0.123957,5.3236,2.5745,63,3332.8459,0,0.351593
15.9804,55137,881.1115,211.7555,3,48.196,5.4433,29.0302,0.1562,7.917,19.4328,0.507922,14.806,13.4911,42,973.2589,1,0.156045
9.6774,139441,1349.4233,248.0376,4,23.0189,7.1247,27.5979,0.078,7.7633,18.1221,0.18299,7.4747,5.1161,66,2971.0841,0,0.301779
17.8647,90625,1618.9848,113.5423,2,99.4203,5.8773,29.0664,0.2116,7.8349,18.9078,0.37975,16.2066,14.2454,27,1692.8699,1,0.211317
4.4618,167659,748.0569,264.104,5,98.7372,4.2451,30.0191,0.3019,7.9645,18.4675,0.06631,1.4493,1.4493,13,1360.8436,1,0.415175
5.6919,160995,916.3601,239.9261,2,102.9567,5.3282,28.617,0.1916,7.8033,20.1947,0.080105,2.7875,2.0504,68,2884.0241,1,0.396214
13.7132,162278,2225.3477,381.5618,3,41.6596,5.4679,29.8774,0.1511,7.9309,18.3241,0.366618,12.0794,10.278,50,2766.9515,1,0.219455
4.8859,63841,311.9205,375.3043,4,99.4903,7.0636,27.8963,0.1021,7.8253,16.7415,0.064758,1.1375,0.7281,46,1290.2297,0,0.512692
8.842,122198,1080.4773,381.3033,5,59.7649,5.0998,31.1096,0.2908,7.6798,18.1611,0.245308,7.1016,5.219,5,967.7266,1,0.236866
25.672,64645,1659.5693,435.1386,5,52.1328,7.5007,29.5334,0.071,7.9492,19.5664,0.528355,24.6521,23.1766,0,1485.5991,0,0.105535
16.1266,161560,2605.4193,284.6296,3,34.9229,6.5482,28.8776,0.1464,7.9723,15.0444,0.374998,14.2822,12.2358,35,3364.337,0,0.246667
20.6577,55653,1149.6633,196.4057,5,99.379,7.1246,27.5654,0.1028,7.6216,21.1933,0.571372,19.5342,18.2032,12,1124.6424,0,0.143011
18.3613,62454,1146.7382,129.7444,3,43.5714,5.3025,31.1296,0.2331,7.7833,20.6548,0.39175,16.7147,14.6944,21,1104.6033,1,0.203481
11.2416,216573,2434.6366,432.3935,3,19.296,6.6557,29.7968,0.1481,7.9008,19.4407,0.173503,8.1093,4.6509,38,4579.6379,0,0.420382
21.2759,160886,3422.9984,245.7419,4,92.5111,5.1148,28.7019,0.2217,7.785,20.7803,0.654876,21.2759,21.2668,15,2832.8458,1,0.0
23.3238,193470,4512.4561,193.3479,3,20.712,6.9857,28.936,0.0861,7.9394,22.1472,0.381874,21.1798,18.5655,0,4228.8684,0,0.266402
17.8522,87598,1563.8129,369.3013,2,78.0023,4.7089,31.1442,0.2407,8.0608,21.431,0.770542,17.6733,17.2712,15,1317.2286,1,0.002108
13.9189,158958,2212.5174,430.5336,3,88.6715,6.9563,29.9768,0.1311,7.7251,20.5662,0.338457,12.1732,10.2835,53,3354.4288,0,0.237462
8.1607,134839,1100.3779,140.5903,4,125.067,5.1418,29.0356,0.2139,7.5536,21.5539,0.178184,6.1759,4.0258,63,1978.5768,1,0.269846
22.4712,104296,2343.6599,243.3622,5,16.8349,5.4451,28.7687,0.1634,7.8825,23.1183,0.640157,21.6262,20.5225,0,2110.2684,0,0.098466
13.8531,125050,1732.334,202.345,2,18.6094,5.9586,29.3459,0.182,7.8344,20.1697,0.30027,11.9368,9.7977,44,2096.2372,1,0.255214
26.7118,145441,3884.9844,347.7726,4,94.5159,7.0002,26.679,0.1376,7.8959,20.5862,0.679481,26.7118,26.6297,0,3603.2544,0,0.0
16.3341,219035,3577.7345,374.7772,2,118.1957,5.2886,26.8131,0.2665,7.6019,21.6309,0.462123,15.2216,13.8357,19,3262.797,1,0.13564
14.3498,195461,2804.8193,331.7707,3,133.2378,5.5796,30.051,0.2168,8.0668,21.8244,0.339082,12.7798,10.9376,28,2980.4413,1,0.201355
15.2901,143488,2193.9521,337.3658,5,143.1406,4.2699,29.7419,0.2618,7.7728,21.8318,0.512093,14.1898,12.927,1,1897.2263,1,0.14359
21.5259,139901,3011.5009,425.1916,3,39.8696,6.2326,27.1631,0.1265,7.8828,19.8193,0.651515,21.5259,21.2153,15,2564.3143,1,0.0
18.4328,127686,2353.614,317.5162,4,81.2043,4.8384,31.0739,0.2885,7.6921,19.6288,0.742422,18.2451,17.8039,15,1985.2519,1,0.000718
16.9026,170077,2874.7457,148.9809,2,30.1543,4.0488,28.1672,0.2965,7.9401,18.1784,0.455299,15.786,14.3619,7,2572.9778,1,0.133204
9.1063,217563,1981.1927,90.571,3,127.1583,5.5108,29.0693,0.2173,7.9246,20.6749,0.252758,7.516,5.8053,69,3410.6167,1,0.217224
9.5566,84865,811.0209,291.6591,4,80.5099,6.4429,28.2461,0.1244,7.9957,20.9452,0.130513,5.8272,1.7347,34,1771.9831,0,0.502604
10.7995,116790,1261.2714,355.1456,4,112.8771,5.5465,30.4453,0.2141,7.643,22.6206,0.212206,8.3669,5.7192,59,2279.3595,1,0.329663
17.5693,69279,1217.1835,95.7769,2,37.4475,5.7937,29.6607,0.1385,7.6705,17.7381,0.470002,16.1131,14.4662,39,1325.3351,1,0.192092
8.0456,207273,1667.6385,436.8498,4,18.3916,5.6333,28.7261,0.1731,7.7891,19.7447,0.153792,5.4518,2.669,62,4274.9824,0,0.35492
16.5126,114780,1895.3133,209.8965,4,48.3089,4.7746,28.4374,0.2771,8.1084,20.1869,0.676613,16.479,16.1543,15,1518.3768,1,0.0
7.8046,142722,1113.886,154.0676,5,135.1174,5.1,29.7502,0.2509,7.8705,17.1566,0.140816,5.1493,2.222,2,1051.8846,1,0.356724
19.9996,118205,2364.0564,133.66,5,42.883,7.4293,26.4544,0.0831,7.8275,19.1015,0.362756,17.7284,15.1217,8,2365.0923,0,0.296358
16.65,140649,2341.8104,286.8859,2,24.3033,6.1064,29.026,0.1967,7.8921,17.3538,0.397975,14.976,13.1093,38,2850.2993,0,0.2231
14.9579,52476,784.9282,355.5253,4,60.53,5.0676,28.4085,0.2637,7.8825,17.2964,0.382214,13.4193,11.6774,38,817.6684,1,0.2028
23.107,212471,4909.5692,140.2261,4,59.7351,6.7025,29.548,0.1054,7.5724,20.8139,0.438512,21.2858,19.0995,0,4660.6849,0,0.229303
6.1728,161527,997.0673,275.1987,2,133.9995,4.72,28.8324,0.2455,7.4972,19.4301,0.12369,3.8288,1.3052,63,2294.239,1,0.318627
16.0104,214117,3428.1078,161.5086,5,98.8989,7.1834,28.4705,0.0908,7.8597,19.247,0.328144,13.8836,11.534,27,4286.6009,0,0.285316
21.38,169711,3628.4284,280.144,3,76.8931,5.8284,28.0616,0.1866,8.0654,17.6667,0.644195,21.2854,20.7476,15,3258.4084,1,0.0
5.6182,142418,800.1329,227.2792,3,106.3859,4.6021,28.6084,0.2525,7.7862,17.523,0.115354,3.7009,2.4919,22,1233.5247,1,0.264372
4.4382,178012,790.0613,130.1095,4,105.0629,6.8855,29.1323,0.0327,7.8305,20.7356,0.075618,1.6551,0.8127,67,3580.7451,0,0.383971
22.65,160202,3628.5763,87.2968,2,78.4411,6.5254,29.5529,0.1458,7.8899,15.8832,0.597836,22.6304,22.1191,0,3487.0371,0,0.0
22.7769,75150,1711.6818,224.7153,2,119.3221,5.9657,30.7222,0.0962,7.8001,21.2826,0.474318,21.6532,20.0565,0,1582.8578,0,0.118983
19.6213,97327,1909.6858,363.7342,2,60.6917,5.0485,29.4737,0.2477,7.7762,16.8695,0.658905,19.0415,18.2305,15,1683.513,1,0.062599
8.1169,158915,1289.8921,322.1153,5,34.5943,6.3064,28.323,0.1021,7.8545,19.3172,0.139151,5.4327,2.5435,62,3363.8265,0,0.366478
17.8425,60486,1079.2241,218.6753,5,45.7265,5.6379,30.1205,0.1751,7.8276,20.3181,0.384126,16.137,14.0894,24,1030.0059,1,0.214733
21.2289,181803,3859.4793,245.1664,2,73.1037,7.5059,29.3395,0.1083,7.8007,20.784,0.494279,19.9061,18.2924,6,3919.6757,0,0.164289
14.3498,85264,1223.5205,309.2905,5,74.4158,5.091,29.048,0.2571,7.7168,18.4216,0.410156,13.0191,11.494,16,1131.4346,1,0.173812
16.9346,113949,1929.6771,446.9331,3,97.5575,5.1987,28.8626,0.2042,7.9012,26.242,0.411893,15.4082,13.6423,32,1912.2483,1,0.197942
17.8373,117901,2103.0318,167.6162,2,35.5959,6.0174,28.3256,0.1471,7.8013,16.7079,0.553335,16.7315,15.4541,32,1956.1163,1,0.143558
22.0772,134030,2959.0072,254.7979,4,24.9174,6.9768,30.1009,0.1278,7.758,17.2375,0.48078,20.5698,18.787,0,2619.3714,0,0.192115
21.3333,183288,3910.1337,214.5014,4,72.5875,7.0676,29.5009,0.1014,7.8601,18.7768,0.770567,20.9153,20.2875,15,3299.73,1,0.041045
15.2507,149044,2273.0198,417.1424,5,77.0178,6.9561,28.2443,0.0764,7.7827,16.1816,0.254914,12.6926,9.8248,27,2935.8354,0,0.339608
21.4167,199188,4265.9453,84.7695,4,123.5348,6.2582,28.6255,0.1983,7.7306,21.3101,0.497197,20.4281,19.0297,15,3602.0435,1,0.105279
16.1196,154168,2485.1217,318.1552,4,82.1428,6.2063,29.1157,0.1377,8.0516,16.6022,0.427255,14.6199,12.9555,47,2769.017,1,0.200542
18.449,113325,2090.733,301.0525,5,102.9657,4.7497,27.4558,0.2384,8.0728,23.0049,0.561291,17.6871,16.6383,15,1829.5345,1,0.083855
3.3134,136378,451.8735,402.1422,2,110.6708,4.4457,30.6049,0.2555,7.847,18.8758,0.068024,0.8945,0.7338,3,506.8058,1,0.332221
8.2035,179071,1469.0088,434.2302,3,39.8686,4.2299,28.7126,0.2767,7.5551,16.1601,0.215316,6.3012,4.2391,1,1347.6516,1,0.258527
5.7557,129770,746.92,102.5764,3,60.3775,5.4128,28.3857,0.2098,7.9713,23.4765,0.116957,3.487,1.3842,82,2329.1472,1,0.311987
7.8804,167530,1320.1975,198.561,2,70.1201,6.0997,28.4662,0.1589,7.9624,17.0706,0.137434,5.4689,2.8807,72,2906.2363,1,0.329866
19.2632,211455,4073.2919,376.0835,3,98.8734,6.2939,29.6147,0.1477,7.7534,23.5087,0.435473,17.6819,15.7949,22,4239.1871,1,0.20008
8.8636,190079,1684.7752,83.4274,5,44.9605,4.929,29.629,0.2194,7.926,22.3657,0.181592,6.8069,4.5715,60,3068.548,1,0.278974
15.1275,68848,1041.5003,301.1112,2,70.5369,5.2981,30.3351,0.2863,8.0671,20.7609,0.378395,13.5677,11.7696,3,861.9097,1,0.202859
7.1945,115189,828.7304,95.5494,3,112.8419,6.1695,28.6918,0.1404,7.8018,18.311,0.141239,4.9122,2.4906,74,2375.9957,0,0.314555
22.8258,105572,2409.7656,267.3088,5,118.9178,6.5486,31.2524,0.0979,8.0041,16.1104,0.686358,22.6939,22.14,0,2160.378,0,0.0
4.8466,118511,574.3702,396.3799,4,123.2307,4.9359,29.5172,0.253,7.7713,17.7548,0.146143,3.2696,1.5943,11,753.1331,1,0.217177
12.7474,69129,881.2157,263.2042,3,84.6467,4.4756,31.0635,0.2497,7.8992,15.7818,0.355206,11.2428,9.596,4,782.4829,1,0.203155
23.2643,196239,4565.3596,295.9355,4,104.1646,6.6364,28.9837,0.0733,7.9142,18.6849,0.56457,22.0764,20.6196,0,4264.9449,0,0.146849
21.8267,193734,4228.5829,234.3922,5,34.6872,6.654,27.3542,0.0798,7.8096,19.4432,0.703365,21.5876,21.0174,15,3723.6162,1,0.000524
8.8085,203338,1791.1042,277.0066,5,73.1122,5.8563,28.399,0.2016,8.0219,19.568,0.147991,6.0798,3.1126,60,3745.6962,1,0.370032
17.1989,179985,3095.5434,141.8252,2,89.1116,6.1345,28.9736,0.219,7.7753,21.1578,0.356728,15.3549,13.1674,26,3016.3847,1,0.234466
9.0098,184508,1662.3799,110.3608,3,61.8183,6.2875,28.2736,0.1311,7.9429,20.3028,0.144682,5.8197,2.3566,43,3669.2378,0,0.433107
10.5261,150290,1581.972,386.8803,3,60.5362,4.2284,30.7722,0.2828,7.8584,16.9438,0.232848,8.4942,6.2358,2,1371.0168,1,0.271439
7.5546,210938,1593.5575,230.8757,5,87.2057,6.276,28.8551,0.1147,7.9306,19.7097,0.126442,4.6209,1.4626,54,4174.6399,0,0.400511
13.2266,58918,779.2847,349.0508,3,53.1391,4.1936,28.7577,0.2845,7.7629,22.9554,0.429959,12.0438,10.7277,3,644.0241,1,0.157881
14.3489,145897,2093.4597,179.7236,3,55.9576,4.2122,30.6685,0.2918,7.9696,20.1174,0.444576,13.3418,12.0991,8,1863.5005,1,0.123849
5.0792,67137,341.0025,143.4104,2,41.4112,5.1342,28.9304,0.1965,7.6464,16.6837,0.102253,2.9322,1.6485,86,1125.3053,1,0.295748
20.4431,180048,3680.7481,146.5875,4,79.4656,5.806,28.2007,0.1302,7.9384,18.3897,0.587838,19.5173,18.3415,17,3481.698,1,0.110883
21.9808,167105,3673.0991,366.3589,4,114.9521,6.5488,28.1493,0.1565,7.827,20.3558,0.653012,21.9805,21.6583,15,3076.583,1,0.0
11.083,105639,1170.7974,211.25,5,44.612,4.206,28.3849,0.2421,7.9638,21.0739,0.30986,9.3811,7.5434,14,1233.8475,1,0.231894
11.2702,162867,1835.5382,432.8931,5,44.615,6.6855,28.107,0.1071,7.8859,18.9834,0.142736,7.4262,3.1884,27,3531.4309,0,0.516394
14.5642,110196,1604.9163,262.3953,4,91.2665,4.2086,28.7246,0.273,8.0138,23.1172,0.636242,13.9422,13.1899,3,1453.0352,1,0.077835
22.4993,89959,2024.0173,262.7079,2,114.1041,6.6684,27.5231,0.14,7.7413,18.4371,0.495696,21.0568,19.3036,0,1922.8297,0,0.179752
21.686,100875,2187.5759,178.251,4,129.4838,5.6096,30.0614,0.1751,7.8264,18.3305,0.652372,20.8939,19.8842,4,1963.1592,0,0.09453
11.1878,105898,1184.7627,319.1125,5,37.7492,6.6998,28.9117,0.1145,7.7912,19.0307,0.196643,8.5114,5.6134,41,2104.2592,0,0.363978
4.9723,48227,239.8014,142.7604,5,93.9082,4.4487,28.92,0.2881,7.8897,20.1753,0.09549,2.808,2.0677,22,436.939,1,0.295692
18.0748,58966,1065.8,264.5567,5,85.9747,5.6338,30.007,0.2242,7.8875,20.187,0.577644,17.337,16.3422,15,937.1789,1,0.083112
12.5652,69168,869.112,374.9766,5,75.1611,4.6883,28.9414,0.2817,7.8732,21.4641,0.416347,11.304,9.9191,8,782.5404,1,0.169888
7.6067,127117,966.9425,294.0381,4,120.3826,5.8113,29.4896,0.1569,7.7808,22.2924,0.145114,5.4382,3.1226,78,2182.7952,1,0.297644
4.9122,174642,857.882,185.403,5,94.4267,5.7814,29.5272,0.2082,7.7659,20.5331,0.105084,2.5443,0.6908,90,3185.5254,1,0.326724
25.2322,111043,2801.857,359.627,3,26.3545,6.7123,28.8398,0.0946,7.96,23.5685,0.658512,24.2263,22.9716,0,2672.9744,0,0.122497
14.0504,174528,2452.1848,127.2333,3,89.0095,4.6324,30.2517,0.2477,7.7515,20.0406,0.388901,12.5543,10.8949,47,2892.5407,1,0.200129
14.063,156636,2202.7681,91.2792,2,55.2479,5.4062,28.2757,0.24,7.9765,18.4485,0.434899,12.748,11.3001,51,2357.1084,1,0.176807
24.0051,62919,1510.3757,331.0495,2,25.766,6.1676,29.8981,0.089,7.8761,14.8164,0.547839,22.7238,21.1751,0,1435.7119,0,0.16041
17.5841,162387,2855.4255,338.294,3,54.0265,5.3489,29.3196,0.2127,7.9952,18.0362,0.423249,16.1355,14.4366,29,2889.5638,1,0.185873
18.2586,133574,2438.8737,282.919,5,64.784,5.1616,30.6031,0.1724,7.8696,19.5407,0.52963,17.2401,16.0126,23,2237.8834,1,0.127814
21.5357,62073,1336.787,261.8008,2,21.8838,6.0891,27.7033,0.1337,7.7994,17.7589,0.605301,20.5381,19.3234,4,1294.6555,0,0.124099
19.6786,88974,1750.8803,260.0284,5,104.4485,5.3031,29.4811,0.1542,7.891,17.9977,0.688073,19.6786,19.5488,15,1507.1873,1,0.0
19.245,164009,3156.3547,158.9814,4,113.5574,5.6457,31.3139,0.1968,7.9689,21.1733,0.491758,18.1396,16.7379,17,2762.4673,1,0.132573
21.9358,166621,3654.9706,330.906,3,82.7941,6.2901,29.0822,0.1462,7.789,23.1018,0.735142,21.3533,20.5631,1,3555.1079,0,0.065201
16.3954,175815,2882.5637,309.8651,2,116.7462,4.3263,27.5695,0.2777,7.6607,17.746,0.497116,15.6423,14.5602,15,2487.404,1,0.078657
21.2454,152986,3250.2519,263.2398,3,99.678,7.3333,27.8953,0.0594,7.76,17.751,0.453187,19.5175,17.5077,4,3041.9165,0,0.223151
10.0769,87315,879.8654,252.7238,2,97.2934,5.0441,30.5253,0.2464,7.7054,22.6604,0.195839,7.7386,5.1747,54,1435.9681,1,0.315319
8.9211,132062,1178.1367,293.0837,3,60.3241,5.477,28.9463,0.2215,7.7165,18.921,0.18477,6.6805,4.2539,63,2070.8159,1,0.304674
17.3431,196740,3412.0807,389.9922,5,103.5083,6.7975,28.1837,0.0878,7.798,18.5814,0.378974,15.4765,13.4431,22,4181.0878,0,0.25283
20.9001,206325,4312.2148,346.2722,5,109.3661,7.268,29.7384,0.1024,8.0948,17.7421,0.372611,18.7861,16.3201,5,4409.9573,0,0.272437
15.3508,87319,1340.4124,386.2213,3,28.5255,4.6627,30.7029,0.2473,7.9318,20.4201,0.772691,15.1295,14.7417,15,1124.6267,1,0.016068
9.9362,166320,1652.5838,276.7582,4,118.0626,5.8501,29.2589,0.1933,7.8413,22.2631,0.20589,7.6026,5.0673,61,3046.1433,1,0.31665
19.102,122666,2343.1638,313.8693,4,48.7109,5.3155,28.6948,0.206,7.805,17.6104,0.555241,18.4542,17.4583,15,2100.9158,1,0.061364
13.3015,153192,2037.6826,266.8827,3,94.4627,5.0169,30.2708,0.2617,7.5355,21.0414,0.464111,12.2443,11.0371,6,1740.4943,1,0.138483
15.5604,158359,2464.1232,268.8255,2,130.7715,4.502,28.775,0.281,7.7918,17.802,0.680831,14.9754,14.2492,2,2120.806,1,0.071552
18.1701,71970,1307.7034,447.3725,5,113.9625,4.6587,28.2367,0.2503,7.861,20.8748,0.642544,17.6451,16.8747,2,1065.6263,1,0.053284
15.7946,59018,932.166,345.6668,5,34.6395,6.7396,27.8246,0.1572,7.7713,21.8332,0.353367,13.8497,11.6992,34,1213.7145,0,0.260739
15.0221,150173,2255.9121,277.6732,4,96.6742,5.2789,27.8711,0.1559,7.8553,19.0793,0.438275,13.6285,12.0954,51,2518.1348,1,0.187487
6.8893,205078,1412.8471,423.2974,5,85.8011,6.0265,29.0188,0.1497,7.7327,20.7049,0.165579,4.8117,2.5969,80,3644.3315,1,0.285487
20.1919,175392,3541.4909,89.7036,3,109.2793,5.227,29.1509,0.2072,7.9508,18.2489,0.418377,18.7078,16.7875,16,3407.7975,1,0.174546
22.7508,219654,4997.3133,445.4949,5,68.4132,6.3796,29.8666,0.1395,7.7717,22.8318,0.400806,20.8183,18.4344,0,4591.2093,0,0.237697
16.0082,80425,1287.4573,438.7615,4,117.1122,5.7643,29.1061,0.178,7.858,17.6203,0.269389,13.5792,10.8013,30,1577.6542,0,0.3178
19.1874,118316,2270.1793,97.3636,3,89.2202,4.4608,29.7187,0.2421,7.8199,17.4138,0.596302,18.4588,17.4719,15,2001.4676,1,0.081664
21.7057,208561,4526.953,422.8343,5,87.9813,6.3583,28.7243,0.1504,7.9627,20.9856,0.650913,21.7057,21.6298,15,3859.6804,1,0.0
18.9199,189552,3586.3057,247.9869,3,34.4406,6.3141,28.5209,0.1341,7.983,23.0968,0.577425,17.804,16.5207,33,3594.4763,1,0.145377
18.0094,217172,3911.128,163.2149,5,131.7082,4.6301,28.3123,0.2621,7.9496,18.2486,0.58829,17.5493,16.7585,1,3310.4928,1,0.035101
13.5962,53326,725.0298,140.7609,3,107.1762,4.8081,27.6762,0.2587,7.8281,23.7745,0.343357,12.1402,10.4236,8,635.2262,1,0.186038
17.9953,74926,1348.3182,355.2675,3,48.6743,5.1706,28.0336,0.2372,7.8083,18.2505,0.567302,17.4021,16.5153,15,1169.3963,1,0.058646
19.4239,58109,1128.705,308.3122,4,67.8357,7.119,28.0771,0.1054,7.9144,19.4042,0.464298,17.8243,16.017,15,1139.6496,0,0.211161
23.8413,194222,4630.5037,315.9813,5,87.6599,6.6826,28.8616,0.141,7.8381,19.6016,0.713973,23.638,23.0391,0,4145.5645,0,0.0
8.1866,84446,691.326,92.4526,2,106.5112,5.2253,30.3246,0.2142,7.7758,23.3172,0.16993,5.8869,3.4005,65,1484.7936,1,0.313078
11.0766,110728,1226.4849,335.5278,5,51.2901,5.5588,28.8533,0.2421,7.7496,22.1741,0.369675,9.7961,8.3922,3,1062.9137,1,0.172679
10.3604,176378,1827.3482,317.406,3,38.1965,6.5882,27.5208,0.0963,7.8735,23.2727,0.1653,7.2712,3.9332,36,3703.1057,0,0.42073
18.5206,111160,2058.7535,99.7303,5,97.4808,4.5167,28.6282,0.242,7.8199,17.9025,0.66067,18.0236,17.2904,12,1779.1579,1,0.050067
22.4703,161637,3632.0313,99.6049,4,63.9429,6.5803,29.6564,0.1304,7.9407,18.8128,0.407234,20.7663,18.6295,0,3261.8378,0,0.206518
11.563,124902,1444.2416,248.3206,2,100.1686,4.5779,29.2868,0.2708,7.7545,22.6279,0.32051,9.9414,8.1475,6,1430.8101,1,0.217337
17.0834,158877,2714.1571,180.6214,5,47.4788,5.8358,29.0724,0.116,8.0551,22.1791,0.528054,15.8595,14.4855,41,2924.4387,1,0.162309
21.2946,56576,1204.7618,119.4113,2,46.7254,6.4476,28.4741,0.069,7.7916,22.1977,0.465012,19.6692,17.8053,4,1213.7376,1,0.212219
20.659,194283,4013.6871,404.4627,3,49.9493,6.9534,29.3486,0.1027,7.8224,20.3017,0.480876,19.3037,17.6808,10,4064.8922,0,0.170992
15.8547,164001,2600.1827,345.0863,3,105.9716,4.4117,27.8644,0.2115,7.7707,17.5435,0.373548,14.2549,12.3522,26,2599.998,1,0.202997
17.2197,128868,2219.0644,331.7963,5,22.0796,4.6033,27.9191,0.2732,7.8011,21.17,0.63345,16.5518,15.6982,6,1932.1915,1,0.079489
6.3703,177922,1133.4227,320.7944,4,132.9849,4.4347,30.0517,0.2418,7.7916,21.1114,0.148784,4.4568,2.413,3,1058.7597,1,0.26261
15.0017,93111,1396.8189,440.3963,2,27.6131,6.1336,29.3085,0.1429,7.9913,21.0992,0.300984,12.8861,10.52,43,1740.287,1,0.281352
17.0701,218071,3722.4874,129.4617,4,56.9922,6.5006,28.4731,0.137,7.8633,20.5989,0.393703,15.3663,13.4068,33,3887.2,1,0.221952
17.9554,108587,1949.726,263.0623,3,21.3655,6.4059,26.5371,0.1123,7.8435,23.2675,0.352399,15.9485,13.6488,21,2258.0376,0,0.26219
11.1709,85721,957.5844,267.5679,3,86.5503,4.4534,29.2477,0.2767,7.7144,20.0054,0.231216,9.0254,6.6241,43,1362.4139,1,0.285194
22.3213,77898,1738.7874,416.2327,4,40.5696,5.772,29.3424,0.2056,8.0592,19.0952,0.620771,22.229,21.6349,0,1673.3062,0,0.0
13.983,182880,2557.2089,445.3437,3,84.3527,5.7544,29.4235,0.1783,7.7984,20.841,0.358275,12.2994,10.4474,52,3299.5946,1,0.226524
12.8661,115029,1479.9698,194.1982,3,85.0966,4.6662,30.1125,0.2737,8.0339,21.8768,0.454852,11.6783,10.3668,49,1647.4514,1,0.159407
13.3803,174517,2335.095,119.644,2,86.8996,4.698,30.5548,0.2514,7.8252,20.5586,0.382693,11.8811,10.2457,57,2724.0253,1,0.202892
5.4319,47547,258.269,369.7232,4,58.6049,6.7281,29.3122,0.139,8.0118,19.3384,0.064777,2.1583,2.0136,52,975.2009,1,0.448723
21.1388,200352,4235.1987,313.2059,5,101.4767,5.2755,28.594,0.208,7.8811,18.9026,0.700066,20.8779,20.278,15,3561.9119,1,0.001894
12.9074,144960,1871.0621,295.9788,2,28.9746,6.2036,30.0827,0.1471,7.5888,21.057,0.272033,10.9235,8.7274,48,2519.0996,1,0.265757
24.6276,129084,3179.0332,115.4732,2,93.5045,7.0843,27.1411,0.1097,7.9515,16.829,0.786427,24.3469,23.7775,0,3041.832,1,0.011502
17.3287,185542,3215.2104,344.8514,5,32.4837,5.038,29.6416,0.2631,7.9177,17.6034,0.629191,17.1018,16.5345,15,2687.8647,1,0.0
18.751,121333,2275.1203,294.4303,4,49.9456,5.7905,29.6231,0.1804,7.8328,18.4488,0.476868,17.4356,15.8626,25,2287.1073,1,0.166182
23.734,73934,1754.7485,342.9995,4,64.7047,7.1546,28.7948,0.0671,7.8332,20.5854,0.454287,22.4558,20.6898,0,1545.5159,0,0.140072
9.2128,75451,695.1154,85.7723,2,84.663,7.1736,29.5149,0.0712,7.7173,17.3992,0.150503,6.1774,2.9108,41,1472.1055,0,0.414481
22.6695,134894,3057.9746,311.8531,5,89.5406,5.6785,30.1819,0.2048,7.7872,22.4478,0.751456,22.2548,21.587,0,2847.4716,0,0.036266
17.7276,135317,2398.8473,430.0126,2,96.9145,4.7485,29.2022,0.1847,8.0205,21.2638,0.531717,16.7029,15.4591,22,2247.9933,1,0.127831
9.5934,158093,1516.6459,429.9457,3,95.1474,4.7045,28.9519,0.2972,7.9223,20.6266,0.302399,8.1612,6.5977,1,1327.7365,1,0.1937
16.2557,51285,833.6746,315.1871,5,68.9662,4.2666,28.1474,0.2747,7.6759,19.3111,0.517773,15.5589,14.5793,4,758.2404,1,0.074793
21.5838,169488,3658.1977,128.1697,2,107.4838,7.1651,29.6162,0.0805,7.5815,22.7112,0.519916,20.1229,18.4281,3,3303.3524,0,0.189067
13.945,74153,1034.0638,136.4176,4,91.3188,6.2735,28.7802,0.2129,7.6086,21.3106,0.410976,12.4894,10.8923,53,1289.6442,1,0.196205
14.9915,202587,3037.0826,370.7492,5,108.5266,5.0628,29.8385,0.2106,7.4569,19.7846,0.388826,13.5076,11.8408,41,3331.522,1,0.196727
17.2989,169644,2934.6583,190.5744,3,89.2196,6.6555,31.7782,0.0805,7.7652,21.8237,0.485858,15.943,14.406,38,3039.3289,1,0.178565
12.9646,198723,2576.3648,424.0243,5,135.0276,5.7153,30.1762,0.212,7.9698,20.2173,0.340479,11.3797,9.6122,44,3211.4832,1,0.211194
22.4315,85455,1916.8861,141.3744,5,87.389,5.726,29.3515,0.0989,7.9954,24.7928,0.471644,20.875,18.9724,0,1816.4318,0,0.193007
19.6799,94300,1855.8145,376.5015,5,53.7496,6.7024,28.9259,0.1277,7.8359,17.5599,0.503099,18.5579,17.1433,18,1632.839,1,0.135304
10.6636,50601,539.5879,261.8873,3,75.5437,5.2071,29.3492,0.2211,7.7008,19.7692,0.315739,9.1239,7.4456,58,753.9039,1,0.208445
6.3985,211893,1355.7878,121.3294,3,64.8479,6.7028,26.9612,0.109,7.8435,17.5182,0.115307,3.6394,0.819,71,4039.9926,1,0.377148
21.2997,73680,1569.3594,145.0277,3,108.3186,5.7627,27.4913,0.1167,7.8594,20.7663,0.602165,20.6863,19.7572,15,1365.3781,1,0.059467
22.2978,179910,4011.6053,122.7414,4,80.4229,7.4253,30.2175,0.0733,7.6758,22.8388,0.553997,20.9288,19.3689,0,3837.7723,1,0.179629
17.4626,199447,3482.8654,237.927,3,120.3004,6.4166,29.9109,0.122,7.7741,20.2678,0.424372,15.7819,13.9239,26,4217.5035,0,0.225344
14.5377,98719,1435.1504,193.1694,5,24.5584,5.5219,29.3834,0.2063,7.9089,22.1417,0.407728,13.1671,11.6361,44,1631.5496,1,0.182444
8.7467,212179,1855.873,152.4396,5,107.9628,4.0635,29.7422,0.2826,7.8785,19.9403,0.177443,6.5861,4.2216,3,1774.5264,1,0.29174
8.1404,200115,1629.0108,214.6709,2,50.5322,5.044,28.8634,0.2967,7.6379,20.1936,0.181668,6.199,4.11,9,1744.4222,1,0.265126
18.0625,182814,3302.0826,165.9368,2,63.2425,6.282,30.3295,0.1405,7.8821,17.3409,0.447252,16.7281,15.1211,24,3112.8755,1,0.16757
19.8132,177497,3516.7839,259.016,4,43.4521,6.4713,29.2045,0.156,7.8161,20.4194,0.597763,19.2115,18.3197,15,2975.9329,1,0.060232
26.9241,144056,3878.5763,276.2003,2,42.6607,6.9987,28.2309,0.0668,7.8681,18.6823,0.574628,25.9734,24.6022,0,3438.8405,0,0.098776
16.9062,49259,832.7809,123.6624,3,57.4228,4.816,29.0521,0.274,7.8094,19.9145,0.773488,16.9062,16.8741,3,711.9718,1,0.0
20.757,94992,1971.7475,208.7256,2,136.7331,4.7196,30.609,0.2331,7.868,19.6298,0.656435,20.7295,20.3293,15,1620.9652,1,0.0
22.9709,132892,3052.651,232.1619,2,125.223,6.1369,29.0736,0.1737,7.731,23.6499,0.662338,22.9709,22.8998,0,2696.2063,0,0.0
12.0273,160893,1935.1078,316.2784,5,129.3239,5.8474,27.85,0.1708,7.9558,18.5932,0.225621,9.6194,6.9251,43,2615.566,1,0.320123
8.9304,155082,1384.9408,353.3525,3,101.5314,5.901,28.4217,0.2258,7.9016,19.4335,0.210035,7.0629,5.0684,78,2466.2961,1,0.256285
13.981,100049,1398.7892,250.779,4,42.8429,5.5637,30.9852,0.1514,7.8544,18.8593,0.263475,11.591,8.9505,37,2117.5948,1,0.320615
6.5623,178549,1171.6905,319.6695,3,121.8539,4.7302,31.1127,0.2643,7.9284,20.6091,0.126194,4.3332,2.1992,3,1112.6298,1,0.304313
18.1746,190026,3453.6388,237.014,3,72.0447,4.1296,30.019,0.2734,7.9609,17.1758,0.700425,18.1746,18.0717,6,2968.4876,1,0.0
19.1842,70528,1353.0205,108.3918,4,42.1259,6.8596,27.2303,0.0617,7.9931,20.0025,0.439916,17.4594,15.5228,15,1408.1588,0,0.228733
5.8042,164627,955.5318,83.3037,4,45.1402,6.9336,27.8433,0.081,7.847,20.0093,0.096752,2.8218,0.7481,59,3417.4537,0,0.40891
13.492,181426,2447.7994,367.9237,2,75.9898,6.6443,28.3062,0.0989,7.9298,18.838,0.287794,11.3186,8.9769,37,3870.1399,0,0.296572
10.1762,199719,2032.3896,442.201,4,117.2532,3.7575,27.2342,0.2666,7.8883,22.7665,0.215851,8.1154,5.8515,53,3132.2871,1,0.277536
16.2322,187993,3051.5412,419.0711,4,41.9784,5.2571,27.4094,0.1833,7.9435,20.0956,0.325076,14.3114,12.1013,33,3204.6757,1,0.250146
10.3366,85652,885.3492,332.9501,3,26.4573,6.0291,30.4514,0.2277,7.8099,20.573,0.20522,7.9051,5.2659,62,1509.6768,1,0.330148
14.5886,121554,1773.3019,283.8346,4,85.4949,6.1493,29.9487,0.1345,7.7746,20.4148,0.231882,11.677,8.4266,25,2459.8022,0,0.387694
19.7144,117737,2321.1138,128.8998,5,69.847,6.2786,28.9164,0.0774,7.8937,18.1223,0.515731,18.3414,16.7841,15,2521.9855,0,0.180747
10.3826,71943,746.9564,429.6052,3,137.5773,5.0369,29.2045,0.2302,7.7585,20.5603,0.284015,8.735,6.951,7,747.4023,1,0.224079
20.4119,114684,2340.919,437.9163,4,78.4102,6.4275,28.1998,0.1065,8.1141,18.8419,0.432175,18.6988,16.7234,8,2330.2757,0,0.222744
21.9558,161981,3556.4175,362.5202,3,100.7135,6.9144,27.3823,0.0741,7.8933,22.5098,0.360203,19.6381,16.9338,1,3205.4089,1,0.298603
17.7659,92656,1646.1166,188.6407,2,47.1589,5.8001,29.671,0.2212,7.8577,17.0637,0.677576,17.3387,16.6752,15,1397.8441,1,0.03979
14.8792,174212,2592.1401,131.7875,5,96.9115,5.0265,27.5298,0.2425,7.6151,20.4325,0.379293,13.2128,11.3396,41,2781.2094,1,0.220798
9.7805,202320,1978.7945,322.7688,5,18.1994,5.724,31.06,0.215,7.673,21.6681,0.191549,7.4417,4.8345,45,3170.2119,1,0.311761
17.7889,193712,3445.9217,240.1369,5,102.1069,5.2501,30.4833,0.2083,7.8671,19.1022,0.436862,16.2894,14.5683,34,3399.1127,1,0.19563
24.0549,122461,2945.7862,175.8975,4,84.8809,6.6139,28.5855,0.0853,7.8303,18.7909,0.699353,23.9547,23.4455,0,2811.464,0,0.0
21.0086,47612,1000.2626,378.9102,2,98.4734,6.7006,27.0654,0.1149,7.6919,16.5659,0.642001,20.2003,19.1753,17,926.8506,1,0.096936
13.629,129748,1768.3364,231.577,5,105.1702,6.5867,28.3222,0.0757,7.6849,18.1316,0.26279,11.2585,8.6948,33,2627.6736,0,0.322646
16.5413,216392,3579.4109,443.2645,4,46.5331,6.8779,29.3118,0.1444,7.9273,20.2984,0.331205,14.3941,11.9565,29,4656.9158,0,0.282471
20.7859,136417,2835.5526,269.6649,3,51.8666,5.2719,31.1846,0.2065,8.03,18.6942,0.701351,20.7859,20.773,15,2408.0574,1,0.0
9.5364,179217,1709.0917,228.3072,4,71.4161,4.6382,30.0768,0.2519,7.9081,19.483,0.195619,7.4392,5.1439,55,2806.0673,1,0.283183
20.8183,215340,4483.0026,264.1676,5,79.1969,7.1938,31.9238,0.0789,7.6778,21.3947,0.349794,18.5339,15.8796,5,4615.2895,1,0.295278
18.0889,108631,1965.0201,254.5543,4,96.3214,3.8941,28.6301,0.2696,7.8156,16.0235,0.749211,17.944,17.5258,11,1749.9898,1,0.0
9.9023,206709,2046.8914,343.8526,4,83.3999,5.0053,30.1425,0.2433,7.6728,21.1202,0.215174,7.7127,5.3039,52,3275.1593,1,0.294571
7.4436,164975,1228.0052,363.7999,5,68.6942,6.7146,28.9484,0.0717,7.7912,19.4861,0.127472,5.0223,2.4343,77,3077.2099,1,0.332107
3.8511,210261,809.732,150.063,3,78.2311,5.6224,29.0043,0.1913,7.9702,23.0595,0.045807,1.2921,1.2921,64,4100.24,0,0.484318
5.5109,144701,797.4381,188.0933,2,73.8489,4.5016,30.5729,0.2771,7.6631,20.1021,0.140194,3.5269,1.4048,7,881.7432,1,0.272017
8.5924,94783,814.4089,222.8003,3,102.7824,5.2112,30.2364,0.2142,7.7693,21.0348,0.172681,6.1286,3.4883,62,1967.4763,0,0.337381
12.0375,212448,2557.3433,428.656,5,96.2029,4.5319,29.9179,0.3064,7.7218,21.4745,0.408633,10.9217,9.6789,3,2099.5791,1,0.14881
21.9472,139325,3057.7905,118.9085,2,96.8203,6.993,27.6154,0.0689,7.9057,20.6614,0.437221,20.2903,18.2984,1,2761.8989,1,0.208357
7.2163,120552,869.9409,347.4661,3,122.7237,4.3736,28.5326,0.3209,8.012,17.9028,0.202798,5.6744,4.019,9,930.0878,1,0.210898
17.7489,133621,2371.6311,392.355,4,63.0939,5.3595,27.2301,0.2252,7.7254,20.2155,0.427832,16.3239,14.6097,24,2328.0616,1,0.179108
23.0325,73627,1695.8151,302.2991,5,98.1467,5.8651,30.7126,0.0786,7.5899,22.8082,0.525593,21.6992,20.0748,0,1507.1443,0,0.165804
12.892,202529,2611.0008,420.832,3,98.0681,4.8117,30.0683,0.2429,7.5935,15.8936,0.481647,11.817,10.6195,6,2260.2687,1,0.143375
17.6443,93967,1657.9818,263.1628,4,125.4369,4.4717,29.3547,0.2752,7.8505,21.106,0.762555,17.3567,16.8685,15,1493.5621,1,0.022574
20.7042,136396,2823.974,289.8189,2,56.432,6.1616,27.7717,0.1505,7.9318,19.7267,0.396036,19.0476,16.9966,8,2931.3233,0,0.203091
17.6796,91770,1622.4608,410.3806,3,29.5804,7.474,29.4599,0.0646,7.8932,20.5657,0.390111,15.8628,13.8553,22,1801.0241,0,0.243692
19.9135,153394,3054.6061,350.4929,4,44.9695,6.0178,29.3186,0.1752,7.8859,22.2599,0.712624,19.2921,18.4943,15,2769.0668,1,0.073624
18.5018,214247,3963.9617,361.7967,4,27.1216,4.363,27.6623,0.2548,7.8919,19.24,0.697383,18.4666,18.1156,4,3363.8464,1,0.0
16.4138,54739,898.4768,279.0478,3,57.0849,4.4793,30.6941,0.2776,7.7907,19.0734,0.713992,16.4138,16.3264,13,792.1128,1,0.0
14.16,183813,2602.7864,327.7393,5,38.1255,7.2226,28.1718,0.0704,7.6714,19.6456,0.342144,12.4163,10.5291,49,3781.053,0,0.237209
19.3492,62393,1207.2532,372.6067,2,108.5098,5.0055,30.2163,0.2374,7.827,20.4922,0.573159,18.9183,18.1041,15,999.5312,1,0.024835
16.1117,154741,2493.1462,408.9385,5,46.5068,5.1489,31.132,0.1853,8.1362,18.1097,0.348425,14.3937,12.3569,27,2679.6349,1,0.218564
12.8346,83586,1072.7943,155.117,2,69.2611,5.7315,28.7884,0.1885,7.8207,19.4243,0.27944,10.7393,8.4553,56,1631.4942,0,0.283688
9.3503,86905,812.5879,200.5139,4,119.1496,5.6849,29.6949,0.1581,7.7372,20.3118,0.170596,6.9311,4.3063,62,1603.1748,1,0.328559
19.4294,198621,3859.0841,313.0943,3,48.344,6.0436,30.9293,0.1407,7.8952,18.008,0.478014,18.0134,16.3596,20,3893.9123,0,0.182301
18.7279,117231,2195.4889,435.222,2,110.3208,4.5885,29.858,0.232,7.7369,20.2066,0.603718,18.0651,17.1437,6,1895.7845,1,0.072114
13.7682,90971,1252.5054,415.8787,4,103.3569,6.0313,26.8777,0.136,7.8841,23.3781,0.318527,11.8168,9.6655,51,1710.2051,1,0.262136
15.5557,92149,1433.4395,203.3084,5,58.8555,4.5373,28.7611,0.2516,7.7934,19.5991,0.597889,14.7809,13.8665,26,1386.3423,1,0.098937
12.6645,53365,675.8409,418.4979,5,120.7777,5.1414,29.1073,0.2385,8.0037,20.602,0.282269,10.7726,8.5917,33,747.6387,1,0.246057
24.5638,169324,4159.2442,230.6195,2,16.249,6.6737,28.7517,0.1274,7.6217,19.3508,0.641307,24.0005,23.0805,0,3741.5234,0,0.047983
17.945,61174,1097.7654,297.6871,4,116.1858,6.5802,29.0618,0.0173,7.7683,20.8518,0.384463,15.9945,13.8412,19,1214.126,0,0.261771
19.7439,212029,4186.2837,297.9368,4,47.933,6.295,28.3859,0.1565,7.9829,22.2153,0.461734,18.4229,16.7973,21,3829.6823,1,0.162844
12.9741,57541,746.5411,360.3458,5,93.1407,5.5334,28.5373,0.2767,7.8105,21.5485,0.336516,11.453,9.728,10,701.4756,1,0.200247
21.1845,195995,4152.0629,240.1938,2,78.8774,4.8396,30.0258,0.2126,8.1028,21.4379,0.751241,20.5801,19.79,15,3758.2129,1,0.070369
11.1928,53823,602.4296,92.0947,3,79.6691,4.4575,31.0329,0.1807,7.6276,20.8386,0.196206,8.5854,5.6665,43,818.3862,1,0.346519
20.8226,153103,3187.9974,168.2822,3,33.7696,6.6535,28.7975,0.1751,8.0085,22.5666,0.489049,19.8221,18.4266,15,2961.7443,1,0.108407
23.7253,152994,3629.8236,242.8507,2,25.8828,5.6633,26.8501,0.1412,7.778,20.4357,0.567102,22.6335,21.2283,0,3546.8925,0,0.129082
6.1587,63048,388.2909,420.4303,3,88.8954,3.5,27.9342,0.2662,8.0752,21.7635,0.136254,4.1135,1.9218,6,419.7186,1,0.28005
10.3907,156768,1628.934,154.6803,2,20.4384,5.7007,29.5878,0.1543,7.8272,19.4533,0.256897,8.6705,6.8248,72,2538.5455,1,0.235374
6.398,204803,1310.3363,224.4963,3,30.8097,5.3876,29.3687,0.2243,8.0531,17.3105,0.098395,3.4599,1.739,61,3327.7352,1,0.39853
18.3055,200884,3677.2902,272.12,5,115.2723,6.4958,29.6127,0.1572,7.8463,18.2636,0.501159,17.1727,15.7836,21,3543.2958,1,0.140078
23.901,63342,1513.9391,83.2676,5,24.1703,6.2598,29.4799,0.0963,7.8407,18.9636,0.563636,23.067,21.8246,0,1391.0851,0,0.082876
18.9736,80864,1534.2791,200.8983,5,109.9702,6.0397,27.9955,0.1592,8.0171,20.2305,0.494409,17.9221,16.5564,15,1434.1965,1,0.123197
18.2359,168025,3064.0912,176.8588,2,77.4248,4.3879,29.9722,0.2226,7.8127,18.9602,0.573339,17.4855,16.4967,4,2665.1087,1,0.086637
23.6143,174176,4113.0418,105.6528,5,49.4635,6.606,28.2955,0.1198,7.7226,19.727,0.698886,22.8318,21.8357,0,4006.0464,0,0.093519
15.1195,154017,2328.6657,389.5802,3,136.2266,5.0414,29.5213,0.2665,8.1013,21.5549,0.416331,13.8558,12.3462,5,2030.249,1,0.159775
19.3433,179923,3480.3058,323.9857,5,47.1193,6.3131,30.5768,0.1151,8.0264,19.3827,0.502474,18.085,16.6251,25,3854.9878,0,0.162835
17.9001,136528,2443.8702,174.7203,3,101.5299,6.0413,28.7195,0.1488,8.0377,21.9689,0.514032,16.6078,15.1583,42,2637.5351,1,0.171503
20.5881,81640,1680.8134,98.9736,5,37.5991,5.4954,29.5593,0.1893,7.8534,22.8252,0.531045,19.4042,17.9722,13,1594.463,0,0.148122
18.1021,138642,2509.7109,436.2602,4,44.0686,5.2205,29.0557,0.2107,7.8957,15.7419,0.755158,18.0852,17.825,15,2137.6099,1,0.0
4.1127,194707,800.7808,302.2016,5,22.709,4.6353,29.8951,0.2499,7.7057,19.4762,0.060782,2.3399,2.3399,8,1082.4618,1,0.328591
11.7619,212014,2493.6854,406.3589,2,79.1671,5.1815,28.0384,0.2124,8.044,20.4452,0.236312,9.5064,7.0206,51,3609.0998,1,0.303061
16.6187,198393,3297.0348,442.6193,5,44.1479,4.7796,29.8403,0.2572,7.6861,14.71,0.535948,15.6095,14.4346,30,3151.4809,1,0.130239
23.9047,198196,4737.8255,117.1971,2,36.9662,6.4405,27.9198,0.0795,7.7743,21.3189,0.765352,23.351,22.5723,0,4364.8918,0,0.05941
15.3697,82131,1262.3309,303.917,3,93.8069,5.4133,31.3933,0.2128,7.8791,22.7796,0.588339,14.5431,13.5956,33,1179.0267,1,0.107974
11.7475,151293,1777.3086,306.2777,4,27.3029,6.5347,29.3408,0.1046,7.7918,23.0612,0.261441,9.6752,7.4257,61,2756.4023,1,0.281331
17.4995,151781,2656.0938,125.4565,2,139.0523,4.4748,30.1224,0.2822,8.0065,20.7525,0.66389,17.3532,16.8776,8,2166.1986,1,0.0
4.9072,163305,801.3649,171.6228,2,133.4867,5.3686,29.8571,0.2064,7.7663,23.1267,0.086135,2.3287,1.3322,86,2905.0586,1,0.355109
6.1703,156223,963.9427,189.8772,5,45.4164,4.489,27.6317,0.2719,8.0163,17.1239,0.11565,3.4886,0.9468,8,1173.783,1,0.362816
13.7423,128872,1770.9978,108.8652,3,49.1173,6.4891,29.835,0.1004,7.7612,18.1739,0.256427,11.3938,8.858,33,2752.9614,0,0.319985
22.568,190297,4294.6238,154.044,2,104.5464,6.7536,29.5007,0.089,7.7864,22.9862,0.618517,21.7274,20.6159,0,3895.5048,0,0.096707
10.8956,59818,651.7504,324.543,3,115.5334,6.3083,29.0728,0.1415,7.6398,18.4065,0.201045,8.4414,5.8131,44,1250.5134,0,0.336208
15.5342,66506,1033.12,395.2037,5,50.8463,5.8804,30.3329,0.1471,7.6819,18.777,0.373093,13.8774,12.0294,44,1173.1719,1,0.220754
19.4184,110022,2136.4488,414.0055,2,88.2076,5.8713,28.4673,0.2327,7.8534,23.9754,0.491676,18.5155,17.2505,15,1800.1833,1,0.09731
19.1111,72374,1383.1455,110.865,2,76.338,5.4275,28.8896,0.1766,7.9293,16.2825,0.688838,18.4767,17.6559,15,1267.8064,1,0.074632
15.9645,171744,2741.7989,390.8748,2,45.6584,5.2066,30.2604,0.2251,7.8854,19.8812,0.456573,14.6393,13.1522,41,2927.1755,1,0.175811
6.6831,154821,1034.6807,144.9395,3,43.3662,5.1095,29.6331,0.1888,7.7684,16.7258,0.123066,4.2935,1.8428,78,2824.0846,1,0.327951
15.6133,90357,1410.7678,127.4487,4,32.6289,4.453,29.0864,0.2504,7.9027,22.9816,0.619382,15.357,14.8277,4,1205.1668,1,0.009303
10.5912,197857,2095.543,337.9422,3,59.4224,5.5922,28.3666,0.1783,7.8751,18.2586,0.185969,7.9251,5.0001,54,3684.3157,1,0.359365
16.7596,122196,2047.9607,249.3679,2,60.8616,4.9514,30.3434,0.2392,8.006,17.0393,0.74982,16.4072,15.8862,15,1692.8772,1,0.035389
11.2108,198443,2224.7037,267.0383,5,39.7149,5.3846,28.4548,0.1378,7.6469,19.7164,0.215648,8.7937,6.1673,53,4014.6081,0,0.327957
12.8403,56710,728.1749,409.0544,4,108.3419,5.8004,27.921,0.1633,7.9032,19.3688,0.29144,10.7541,8.4997,46,1200.8989,0,0.284099
15.6658,128413,2011.6905,112.8678,2,89.4296,6.5131,27.626,0.0753,7.9383,20.8391,0.360074,13.9239,12.0109,40,2687.4954,0,0.234615
17.0298,202467,3447.9767,326.5523,2,104.5455,7.1534,28.2832,0.1132,7.8087,20.3511,0.395341,15.1885,13.1496,26,4031.6321,0,0.2466
6.5064,93649,609.3211,439.0831,5,58.6666,5.8364,27.4738,0.1813,8.0122,23.8984,0.13698,4.1835,1.7149,85,1813.5687,1,0.319809
15.4412,202638,3128.9759,234.9661,5,89.1505,4.8178,31.6266,0.2373,7.9179,21.9118,0.338197,13.6247,11.5294,33,3168.9805,1,0.236114
14.2813,121669,1737.5925,399.8714,2,100.5849,6.6542,25.9104,0.1179,7.6012,19.8481,0.214005,11.2452,7.8847,24,2543.8088,0,0.406742
21.4055,193647,4145.1136,141.7111,2,33.4691,6.6424,27.3108,0.1116,7.7969,19.7048,0.462755,19.6156,17.587,3,4009.1739,0,0.235752
8.5561,133309,1140.6083,202.2825,3,66.2246,6.1709,29.5575,0.1309,7.8477,21.5904,0.182331,6.2396,3.7694,64,2733.8204,0,0.318243
23.3158,211972,4942.3026,170.9804,3,95.9981,6.187,30.8503,0.1638,7.9291,17.393,0.637989,23.1844,22.5593,0,4437.0894,0,0.0
11.258,186605,2100.8031,359.4371,2,108.7286,6.3216,28.7607,0.0575,7.8971,18.1871,0.192612,8.3437,5.1691,37,3758.4683,0,0.394736
20.7517,153933,3194.3688,400.7657,5,32.1653,5.8204,28.9676,0.1849,8.1747,17.7217,0.436882,19.3384,17.5114,11,3138.6437,0,0.166383
22.22,69644,1547.4887,104.7173,5,108.594,6.2338,27.3159,0.0912,7.6362,24.1074,0.525737,20.8392,19.2066,0,1437.3084,0,0.176022
13.833,93905,1298.9903,403.0,4,98.3049,4.6331,29.3646,0.2482,7.9098,21.8511,0.338462,12.1607,10.3022,4,1133.4956,1,0.2234
7.0533,197817,1395.2637,258.1572,2,46.6702,5.1127,29.3992,0.1729,7.911,20.2193,0.11379,4.5056,2.3258,69,3268.6886,1,0.347739
4.3556,205199,893.7743,220.3594,5,65.5988,6.0445,29.5186,0.127,7.7954,21.6843,0.045567,2.2883,2.2883,70,4096.0578,0,0.421519
16.8505,207564,3497.5631,441.4199,2,109.8613,5.5781,29.1803,0.2231,7.8138,18.5375,0.631614,16.111,15.2247,24,3155.7654,1,0.093254
11.0472,83805,925.8143,321.5691,2,134.9191,4.7201,30.2589,0.212,7.9155,17.0431,0.275859,9.2203,7.1716,42,1196.9261,1,0.242513
19.5151,194592,3797.4854,324.2591,5,99.8823,6.5913,29.987,0.1585,7.7525,18.8326,0.530103,18.4333,17.1223,22,3417.8503,1,0.135143
20.6554,184892,3819.0271,165.2778,5,98.8966,5.5086,29.0269,0.205,7.6279,17.1339,0.76807,20.5103,20.0818,15,3246.9517,1,0.0
22.1103,106198,2348.0746,94.5413,5,34.3728,6.8363,29.7956,0.059,7.9161,19.708,0.582392,21.0689,19.7908,0,2171.6786,0,0.128676
2.5858,186933,483.367,246.6132,5,38.4589,3.8728,28.4313,0.2751,7.8219,23.0817,0.064113,0.8553,0.8553,3,511.8342,1,0.253911
7.8801,45653,359.7499,367.1691,5,57.6763,5.8878,28.5602,0.176,7.7388,23.4002,0.170066,5.6275,3.2054,70,801.1705,1,0.307765
19.9015,217526,4329.0887,247.3378,2,106.3207,5.8824,27.1183,0.1422,7.8964,21.5316,0.71686,19.2788,18.4652,15,3936.8074,1,0.07251
18.7015,149456,2795.0467,244.2496,3,39.7491,5.6677,28.6046,0.2022,7.8353,18.2459,0.445828,17.1301,15.32,23,3144.8576,0,0.204462
20.9809,56763,1190.9408,307.9125,4,65.984,6.0159,28.6841,0.1336,7.9419,18.4126,0.765413,20.5613,19.9313,15,1053.0313,1,0.041228
13.0776,215032,2812.1005,298.3729,3,50.3993,7.2463,27.2901,0.0471,8.0348,24.5075,0.256895,10.8939,8.5414,40,4554.9734,0,0.298002
10.8653,181322,1970.114,181.8827,2,117.7767,5.4081,29.3181,0.1992,8.048,18.784,0.337559,9.4067,7.8193,59,2571.0,1,0.197701
15.8105,174034,2751.5562,306.851,2,60.6666,4.4135,30.0694,0.2939,7.8622,19.5992,0.666733,15.8105,15.7094,6,2447.8578,1,0.0
8.8709,139693,1239.2028,253.8906,2,44.1832,4.6274,28.9844,0.2258,7.7155,20.1607,0.290075,7.4225,5.8645,7,1119.8499,1,0.197832
14.0001,204141,2857.9953,300.0608,5,110.1727,4.8894,30.7893,0.2263,7.8177,22.6127,0.331387,12.2662,10.312,40,3242.3781,1,0.229299
17.0705,211551,3611.2763,248.6892,3,70.6289,6.597,29.5098,0.1001,8.0798,14.7165,0.338832,14.9623,12.5671,25,4130.0228,0,0.277159
7.4755,207167,1548.6748,402.8025,4,70.5878,5.5997,28.689,0.1784,7.8352,21.5583,0.134542,5.1559,2.6561,68,3413.3335,1,0.316469
17.1814,71181,1222.9915,320.2487,2,44.1529,5.2501,29.6048,0.1662,7.7708,18.687,0.59597,16.3724,15.3742,20,1143.3144,1,0.099504
4.4428,162276,720.9628,134.2237,4,81.2146,6.0642,29.4715,0.1262,7.9922,18.9862,0.042487,1.6662,1.6662,46,3329.6894,0,0.561346
14.6001,135763,1982.1543,167.7062,2,49.4031,7.1058,29.7018,0.0963,8.0227,18.9755,0.310266,12.6498,10.508,44,2724.4323,0,0.262718
16.0242,158954,2547.1122,372.0712,4,47.353,6.7338,28.9737,0.0624,8.1066,20.3141,0.302773,13.726,11.1411,28,3180.0499,0,0.304399
7.26,181030,1314.2841,311.8107,4,122.9435,4.7367,29.715,0.2092,7.8841,18.835,0.170071,5.4316,3.4787,78,2589.1572,1,0.250914
19.3712,58352,1130.3473,414.2248,4,38.7424,5.1793,30.5126,0.1692,7.6442,19.2295,0.509031,18.0942,16.5952,28,1126.6146,1,0.163736
4.8967,121712,595.9866,195.102,2,97.6551,7.2434,29.2185,0.1064,7.895,17.6917,0.045094,2.4937,2.4937,54,2581.1049,1,0.463684
20.4484,125597,2568.2569,215.8196,4,32.1376,7.0174,29.8499,0.1459,7.9578,20.9162,0.762506,20.4484,20.3809,15,2242.238,1,0.0
16.2753,193538,3149.8937,327.1261,3,64.6128,4.9479,29.0383,0.2391,7.9092,20.6375,0.56974,15.7689,14.9863,10,2529.7754,1,0.047593
8.9018,155072,1380.4276,143.3209,3,29.9558,3.6807,30.4838,0.29,7.723,20.8723,0.280364,7.57,6.134,17,1573.7216,1,0.181656
8.5544,195807,1675.0195,160.841,4,55.5828,6.1015,27.7486,0.1115,7.7821,18.4909,0.164834,5.8979,3.0533,53,4095.4731,0,0.363965
11.8401,183221,2169.3463,278.5622,2,91.902,4.9047,29.035,0.267,7.7808,18.3689,0.368468,10.4445,8.9007,1,1734.6193,1,0.187051
17.5375,165302,2898.9803,156.9017,4,98.4001,4.5843,29.283,0.2928,7.8578,19.148,0.586032,17.2524,16.5784,3,2259.8814,1,0.000892
20.114,145137,2919.2878,161.7456,3,101.2172,6.0742,29.3775,0.1459,7.7229,21.9652,0.727571,20.114,20.1045,15,2545.857,1,0.0
4.7301,154134,729.0769,273.9818,4,127.7463,5.4695,28.6644,0.2375,8.0177,17.151,0.101844,2.4129,0.8149,84,2548.2774,1,0.318875
17.5841,71276,1253.3244,111.4476,2,61.0146,6.3441,29.4887,0.1218,8.0403,20.355,0.363342,15.8043,13.7213,29,1310.7033,1,0.22877
21.8149,46143,1006.6046,116.2781,2,77.7012,6.2218,27.0348,0.1235,7.7798,19.9931,0.515534,21.0981,19.9132,15,822.0179,1,0.059583
11.4271,212513,2428.4034,204.5562,2,102.5403,5.017,28.7168,0.2729,7.7541,21.1134,0.344815,9.9146,8.2608,7,2169.169,1,0.204333
21.4375,206235,4421.1646,133.9592,4,56.7074,5.6469,29.4831,0.1446,7.9259,20.699,0.649023,20.9221,20.1201,15,3951.6411,1,0.047862
21.1706,102677,2173.7291,245.1519,5,16.8593,5.6164,29.6756,0.1224,7.9498,13.8206,0.61899,20.4035,19.3917,15,1920.7303,1,0.088479
9.6004,93950,901.9613,291.9224,2,64.3179,5.2701,29.025,0.1966,7.7967,19.9141,0.201677,7.4455,5.1107,63,1658.2269,1,0.292943
16.416,127759,2097.2902,435.5991,3,40.7981,4.9926,31.9465,0.2641,7.8261,21.8498,0.659218,15.7442,14.9382,23,1812.394,1,0.084623
16.2378,61602,1000.2803,325.0696,2,34.4989,6.0672,28.3618,0.1973,7.7936,21.6177,0.468612,15.0652,13.7124,32,987.3149,1,0.152407
24.5237,175884,4313.3329,175.0335,2,119.038,6.4683,28.3426,0.0542,7.7637,15.7018,0.705804,24.5191,24.1669,0,4163.741,0,0.0
18.2877,96136,1758.1077,357.4213,3,116.1803,5.1687,28.9566,0.2246,7.8614,19.5262,0.482355,16.9768,15.4598,32,1751.5351,1,0.169984
4.0237,207034,833.0459,229.3868,4,55.3658,4.1935,29.9258,0.2876,7.9961,17.5276,0.064943,2.2193,2.2193,3,895.9914,1,0.314321
13.7595,189934,2613.3899,230.488,4,81.7524,5.8071,30.6565,0.1955,7.847,22.9422,0.326575,11.867,9.786,52,3515.4475,1,0.254697
25.6128,87939,2252.3652,355.3741,2,109.2445,7.4457,26.7377,0.0965,8.0382,20.7724,0.462499,24.1527,22.1841,0,2142.3246,0,0.164497
18.6855,104888,1959.8884,296.1252,3,18.0316,7.4868,27.3471,0.1047,7.7617,17.8668,0.373208,16.6052,14.2646,14,2232.3236,0,0.275459
14.5295,196153,2850.0085,269.8198,4,128.6477,4.5306,32.0809,0.2264,7.8346,17.5053,0.411709,13.1836,11.6316,32,2791.7971,1,0.174999
24.9882,199703,4990.2254,146.8825,2,35.9384,7.0136,29.1503,0.1241,7.78,20.6322,0.69179,24.4349,23.5501,0,4705.4998,0,0.049017
7.9832,75969,606.4738,429.0463,4,67.8683,6.9336,29.3423,0.0968,7.9567,18.9121,0.119073,5.0294,1.8467,57,1518.4818,0,0.401768
13.4931,78259,1055.9545,167.8965,2,95.8443,4.6867,29.5149,0.2819,7.8433,18.3691,0.486082,12.4592,11.2883,2,948.7984,1,0.136243
21.2928,102699,2186.7499,172.4791,3,106.4522,5.8807,28.3426,0.1707,7.8646,21.7193,0.753844,20.9421,20.3336,15,1851.5853,1,0.026164
5.6817,59597,338.6107,402.7097,2,101.1832,4.7742,29.5551,0.2546,7.9737,20.0973,0.127584,3.7734,2.0074,7,359.3694,1,0.260663
22.7546,105487,2400.3097,273.4725,5,74.8088,7.1443,27.3223,0.1105,7.8848,18.8677,0.759658,22.3691,21.7392,0,2214.5281,0,0.032792
16.1104,105373,1697.6039,269.7607,2,95.2045,5.6621,28.5399,0.2338,7.9515,20.48,0.573471,15.1451,14.0374,33,1554.9558,1,0.125973
18.9855,77119,1464.1443,378.2883,3,53.0745,5.7451,27.8283,0.1863,7.8609,19.4425,0.694904,18.9855,18.9538,15,1290.9842,1,0.0
7.6141,212964,1621.5265,441.9118,2,124.94,4.5946,29.4921,0.2574,7.8751,19.7331,0.20713,5.967,4.1896,20,2017.2535,1,0.224523
3.2063,57764,185.2059,307.4177,3,24.8179,5.5384,30.6646,0.1769,7.909,19.6934,0.043991,1.6573,1.6573,86,933.2083,1,0.34573
5.5493,150740,836.5013,411.6092,5,121.7102,4.944,30.7082,0.2683,7.7563,22.3569,0.122538,3.5424,1.6998,5,817.875,1,0.274035
13.2322,100999,1336.437,307.9488,2,34.4356,4.8673,27.6887,0.1814,7.9545,19.7328,0.279542,11.1104,8.7183,40,1655.2997,1,0.280561
17.4444,151424,2641.4934,187.5634,2,61.555,5.4641,28.3393,0.1661,7.8506,18.1756,0.437406,15.944,14.2219,34,2764.1713,1,0.195765
17.5763,111874,1966.329,315.3463,5,79.9244,5.7858,28.7893,0.2329,7.7511,22.9424,0.350433,15.6177,13.3367,30,2038.3089,1,0.252706
5.8183,170618,992.7067,259.7466,3,117.8591,4.8851,29.5782,0.2449,7.9607,20.7461,0.104383,3.0789,1.0849,1,851.8358,1,0.372628
5.336,147160,785.2391,304.9894,3,58.3124,5.0554,29.4899,0.2447,8.2476,21.5641,0.127265,3.2785,1.0857,2,691.3631,1,0.282741
10.7008,76382,817.3502,250.2837,3,70.6065,5.2545,28.5547,0.2132,7.7916,19.9984,0.27042,8.89,6.9032,54,1203.0503,1,0.244085
23.1887,172382,3997.312,441.1342,4,53.9445,6.4378,27.6317,0.1313,7.6446,20.2874,0.575461,22.1179,20.7496,0,3902.3017,0,0.12749
17.5285,159471,2795.2852,230.8272,5,125.1989,5.2604,29.1754,0.2501,7.8923,20.0339,0.552051,16.4729,15.2628,34,2696.9499,1,0.137869
13.3377,180048,2401.4249,180.7184,4,18.7557,5.9845,28.8155,0.1394,7.8277,23.3361,0.272856,11.2809,9.044,47,3822.9877,0,0.278897
12.5859,184252,2318.9747,440.1374,5,25.5917,5.1421,27.4122,0.202,8.027,15.2101,0.267712,10.5617,8.2402,34,2650.7703,1,0.264252
11.0083,155441,1711.1434,99.2892,3,49.9662,6.4082,27.5004,0.1756,7.8287,19.9245,0.199559,8.6167,6.0087,58,2847.7461,1,0.323727
20.8242,143247,2983.0026,166.3453,3,122.0407,6.5062,29.7216,0.1534,7.7512,22.4855,0.706312,20.8242,20.7723,15,2434.8992,1,0.0
20.2331,70193,1420.2205,243.0113,3,23.537,6.279,28.4602,0.1348,7.816,21.9266,0.710196,20.1262,19.6861,15,1241.4621,1,0.0
18.362,53890,989.5302,429.2988,4,35.6289,5.7889,30.7062,0.0956,7.9429,18.0723,0.295812,15.7421,12.7092,13,1075.6642,0,0.339639
22.5817,82692,1867.3234,239.1855,2,95.0515,7.0594,28.2926,0.0588,7.8008,20.2117,0.536052,21.1797,19.5542,0,1684.4004,0,0.181502
11.1375,54314,604.9204,355.0528,4,61.2082,4.9924,30.6011,0.2238,7.9728,18.9593,0.282224,9.4213,7.5702,67,861.2675,1,0.234004
17.9892,134123,2412.7698,343.6033,4,62.7828,5.2461,28.9717,0.2436,8.0134,21.6799,0.762995,17.6458,17.1222,12,2137.177,1,0.032957
15.7704,52645,830.235,137.797,2,61.3126,7.27,27.8797,0.0884,7.6861,18.3351,0.259411,13.0201,9.895,24,1033.7447,1,0.361575
16.2098,74281,1204.0793,436.6519,3,25.3563,4.2826,29.6147,0.2652,7.9849,19.0417,0.666989,15.5779,14.8106,13,1046.1251,1,0.078791
17.3612,180722,3137.5465,142.5174,4,28.6393,4.6473,28.8633,0.2091,8.0057,21.4139,0.745089,16.8434,16.1726,1,2647.7629,1,0.060829
9.0185,177492,1600.7188,119.0086,5,52.1788,4.6669,30.1104,0.2428,7.8995,19.9319,0.210335,7.1854,5.1962,11,1673.0404,1,0.248936
15.0926,99110,1495.8239,314.6412,2,88.0776,5.1671,29.0626,0.2869,7.7222,23.2864,0.697073,14.6806,14.1126,5,1202.2215,1,0.045248
18.8732,212328,4007.2999,192.9602,3,100.6656,5.8442,27.8754,0.1611,7.8481,19.8762,0.443746,17.3886,15.6573,27,4544.2727,0,0.191325
16.082,67623,1087.5112,360.0454,4,121.8262,4.7599,29.3344,0.2641,7.9269,22.1469,0.532075,15.2421,14.172,2,947.7907,1,0.100264
23.3272,213293,4975.5377,445.9213,3,32.9603,6.6455,29.7147,0.1278,7.907,20.9339,0.68699,22.5177,21.4952,0,4861.7839,0,0.09746
21.1627,111365,2356.7867,289.1282,5,62.5197,5.0968,30.0943,0.2439,8.0122,18.5109,0.628579,20.8611,20.1556,15,1958.9049,1,0.001345
14.1868,160740,2280.3813,371.6284,5,26.6634,6.7456,28.0784,0.0776,7.9767,19.429,0.240611,11.462,8.4204,31,3389.9152,0,0.362854
22.7614,148969,3390.7368,267.5236,2,78.0566,5.9338,28.179,0.119,7.8994,16.8778,0.613806,22.1253,21.1415,0,3094.4571,1,0.059664
10.1483,106719,1083.0149,412.9191,4,131.6842,5.024,29.7652,0.2518,7.794,19.7293,0.2031,7.7564,5.1411,56,1743.7794,1,0.323162
7.9885,192065,1534.3047,96.9341,3,62.4221,5.3108,31.6033,0.2347,7.8405,18.2355,0.141812,5.5063,2.8074,60,2914.0345,1,0.336616
24.979,183219,4576.6255,423.816,4,109.6731,6.3149,29.1493,0.0759,7.7889,18.8897,0.640832,24.3975,23.4438,0,4222.4013,0,0.049127
15.3545,64822,995.3065,391.3531,2,55.3014,6.1968,30.346,0.1122,7.924,22.609,0.338893,13.4089,11.2901,33,1311.9212,0,0.263566
19.2812,147711,2848.0527,421.6616,2,29.6279,5.5656,29.7826,0.175,7.9125,19.1165,0.590149,18.403,17.3012,18,2613.0238,1,0.106396
19.3893,166514,3228.5882,299.5053,2,64.2054,6.0871,30.3339,0.2042,7.862,23.3206,0.717956,19.2789,18.8553,15,2719.9292,1,0.0
15.919,158965,2530.5701,144.3301,5,58.9036,4.7559,29.9092,0.1832,8.0057,18.5262,0.384378,14.4022,12.6323,30,2644.2009,1,0.195433
10.9118,51525,562.2325,180.4063,3,86.6943,4.9309,30.2917,0.2615,7.8326,19.515,0.319745,9.5159,7.9824,52,694.3778,1,0.188004
15.5944,89318,1392.8641,129.0755,4,134.1251,4.7877,29.4836,0.2124,7.852,21.4306,0.426917,14.4273,13.0037,22,1227.7015,1,0.144989
13.7119,173793,2383.0379,308.9016,3,127.8088,4.8674,29.2519,0.2576,7.9477,18.3797,0.353597,12.1819,10.4429,21,2421.0667,1,0.201117
21.7927,191717,4178.0279,314.2664,5,106.5968,6.2636,29.7516,0.1345,7.9486,16.1121,0.634462,21.337,20.5438,15,3428.6936,1,0.033716
21.7557,165571,3602.1192,147.6459,3,93.0062,7.056,29.6894,0.0647,7.8797,19.2687,0.386517,19.6602,17.1573,1,3262.0247,0,0.264948
15.0946,51548,778.094,441.7513,2,68.6491,6.532,28.6148,0.1382,7.644,19.4411,0.347869,13.2457,11.2129,43,1043.1911,0,0.248826
21.6969,120362,2611.48,287.3158,2,96.775,5.224,28.8353,0.1715,7.9295,16.9855,0.52519,20.9228,19.7087,15,2164.8867,1,0.070954
14.9975,138750,2080.9025,127.2987,2,116.2857,6.6118,28.791,0.1392,7.8592,19.6248,0.38797,13.3216,11.4862,55,2496.8368,1,0.22619
6.7147,110460,741.7083,161.1447,4,69.8697,4.8727,27.9984,0.2651,7.9503,22.2313,0.167694,4.9056,2.9744,34,1224.0879,1,0.248372
10.4785,102387,1072.861,227.31,5,91.1065,5.6967,26.9139,0.1471,7.7883,21.018,0.213333,8.1711,5.6575,59,1893.7531,1,0.312517
20.7178,53208,1102.3548,140.5362,4,64.962,5.3448,28.8397,0.2006,7.8098,19.7555,0.651038,20.7178,20.4565,15,958.4454,1,0.0
16.0011,114075,1825.324,376.7812,3,127.4889,5.7196,28.3265,0.1712,7.9181,21.8985,0.370637,14.1576,12.1008,40,2455.829,0,0.245596
11.2998,45496,514.0936,226.5382,3,86.2076,4.4206,28.9411,0.2529,7.8386,22.5192,0.318191,9.7933,8.1654,16,545.2219,1,0.205161
19.462,112658,2192.5454,342.0138,2,113.3922,6.0492,28.3822,0.2031,7.754,18.1444,0.638967,19.1728,18.5514,15,1896.8822,1,0.0071
26.7356,64206,1716.5865,365.1029,5,44.1764,6.2482,28.828,0.0749,7.8613,22.5095,0.713351,26.1596,25.2552,0,1529.4586,0,0.05269
5.014,159178,798.1243,184.0845,5,42.3747,6.5301,29.0543,0.0464,7.7293,19.3284,0.081549,1.8965,0.6172,54,3426.5284,0,0.42923
13.6238,84814,1155.4876,204.0237,4,52.7728,5.5309,28.416,0.1657,7.9535,21.0569,0.236297,11.1953,8.4828,44,1530.406,1,0.323264
18.4441,144150,2658.7203,120.4543,5,90.7247,6.2713,29.4119,0.0514,7.7707,16.176,0.41234,16.744,14.7968,22,2843.3843,0,0.222177
9.1306,108761,993.0513,331.777,4,40.43,4.8686,29.3943,0.223,7.7933,21.0002,0.248729,7.4656,5.6805,73,1599.2001,1,0.227916
15.5845,208265,3245.7085,383.7311,2,33.9275,4.481,30.8328,0.2301,7.731,20.2233,0.47632,14.8378,13.776,2,2572.7317,1,0.079029
21.9135,108923,2386.8854,362.83,2,74.5514,6.4839,26.541,0.1211,7.7415,18.114,0.782351,21.7131,21.2213,15,2115.8734,1,4.3e-05
4.9022,167348,820.3737,293.8327,2,90.0115,4.9694,30.091,0.2548,7.9098,22.1866,0.105694,2.7889,1.3667,92,2779.6279,1,0.291749
3.8732,123837,479.6516,357.0843,3,136.775,4.3013,30.6334,0.2877,7.8346,20.0568,0.052887,2.4895,2.4895,12,773.4836,1,0.333426
19.2756,104954,2023.0495,385.1458,3,101.2188,5.5659,29.4044,0.1711,7.9771,21.8729,0.444573,18.1092,16.5375,15,1747.3998,1,0.131493
11.4384,216204,2473.0369,387.2574,3,37.0322,6.1985,28.3767,0.1697,7.7925,18.4183,0.256321,9.4013,7.214,58,4480.0149,0,0.278615
5.2173,126200,658.4271,284.9397,4,53.4951,5.814,31.3311,0.165,7.969,20.2268,0.069847,2.5721,2.4549,73,2622.7688,1,0.364256
17.9824,72195,1298.2392,217.5256,5,65.0853,5.937,30.2309,0.169,7.9544,23.04,0.34771,16.1037,13.8455,24,1372.6256,1,0.236311
19.4707,124231,2418.8592,109.3632,4,23.448,6.9499,29.9658,0.1082,8.0207,19.2561,0.471454,17.8501,16.0184,14,2648.2987,0,0.213874
7.3345,71719,526.0219,383.7621,5,59.5918,5.2979,27.0964,0.1644,7.8761,19.2899,0.124464,4.8034,2.1027,65,1415.9205,0,0.347586
24.3154,124150,3018.7558,124.3948,3,101.6133,6.069,29.8989,0.0978,7.942,19.498,0.716161,23.5407,22.5342,0,2921.6808,0,0.090751
16.9131,62268,1053.1443,193.1427,4,79.6964,5.5392,29.8064,0.1838,7.8372,18.9484,0.456847,15.5285,13.9698,40,1092.1123,1,0.183252
18.0894,52173,943.7803,93.4507,4,73.4154,6.4726,31.1165,0.122,7.8557,18.9711,0.411824,16.2211,14.1474,19,1032.8237,0,0.249803
22.1639,186312,4129.4065,216.7537,2,106.9262,6.5363,30.8573,0.1442,7.9114,24.1783,0.752024,21.7518,21.0977,0,3793.0465,0,0.03703
13.4308,191982,2578.4666,118.9776,3,50.9577,4.3236,28.7415,0.2839,8.1403,21.1259,0.479522,12.4123,11.2606,11,2495.847,1,0.134357
7.5742,199129,1508.2483,162.4957,2,96.4533,4.3808,31.2049,0.2741,7.844,18.6085,0.167235,5.2923,2.7827,13,1964.5615,1,0.307089
21.1605,174712,3696.9882,251.3858,3,96.3111,6.8234,28.9264,0.1008,7.8744,18.7027,0.665164,21.1416,20.7428,15,3089.462,1,0.0
18.0381,60798,1096.6809,302.2504,5,69.6874,5.3636,28.6006,0.2029,7.9528,17.2871,0.597639,17.178,16.1194,20,973.7284,1,0.106013
14.2406,81759,1164.298,218.9594,5,114.2869,6.7905,29.4855,0.1113,7.7637,22.657,0.318411,12.2444,10.0742,40,1683.2342,0,0.270753
3.888,140595,546.639,151.9769,5,73.1124,7.4087,30.2784,0.0394,7.8738,17.9314,0.045547,1.57,1.57,60,3039.4175,0,0.419821
16.8069,101657,1708.5391,91.2183,3,128.1538,4.7394,30.9577,0.2599,7.9,18.3331,0.525559,15.98,14.8942,2,1341.615,1,0.095818
20.7537,129915,2696.2188,290.3133,2,121.4633,6.4072,29.6145,0.1375,7.8524,16.6473,0.46916,19.4961,17.8995,12,2687.3522,0,0.150676
23.4411,90680,2125.6427,313.8926,2,105.7475,7.0308,28.0988,0.0497,8.2075,21.1896,0.706261,23.4411,23.4344,0,2058.9279,0,0.0
23.4892,181070,4253.1821,210.6006,2,29.7978,6.1186,29.3421,0.0863,7.9251,16.2341,0.761715,23.0157,22.3102,0,4002.4512,0,0.047028
11.9912,181766,2179.5985,262.3543,5,30.5479,4.3475,30.6359,0.2684,7.7135,16.6701,0.325317,10.4198,8.6266,4,1989.3465,1,0.205951
21.4076,56856,1217.1511,313.792,5,63.2767,5.8402,28.9192,0.1633,7.8301,22.3724,0.652029,20.6256,19.6075,9,1120.3872,0,0.091408
24.2656,147437,3577.6487,177.6158,5,38.8663,6.9494,29.0823,0.0836,7.7121,16.4076,0.609296,23.0375,21.5734,0,3168.9574,0,0.155525
19.538,102331,1999.3465,210.46,4,122.7259,5.5879,29.1864,0.1828,8.022,22.5271,0.517919,18.8997,17.8185,15,1670.3424,1,0.050377
7.1535,187581,1341.8518,334.9948,5,81.2119,6.7016,29.5798,0.1777,7.8722,21.5708,0.141594,5.0113,2.7257,79,3328.0272,1,0.294177
14.5986,47345,691.1709,183.0708,4,99.5166,5.1807,28.3843,0.1811,7.8616,20.7556,0.373405,13.0407,11.3023,44,766.7864,1,0.207503
21.4877,91314,1962.1259,164.5661,3,66.4923,6.1863,27.3188,0.1341,7.7313,17.2014,0.652424,20.9366,20.1071,15,1717.4353,1,0.053921
15.8481,133900,2122.0582,367.0842,4,89.3916,6.0303,28.7281,0.1665,7.8268,20.3947,0.260208,13.1796,10.1538,24,2738.6419,0,0.351333
13.9912,143413,2006.5212,431.1583,4,37.9673,7.1558,27.6049,0.1364,7.9302,22.2236,0.271223,11.522,8.846,30,2981.7173,0,0.335609
13.7102,91237,1250.8804,178.7159,4,43.9407,4.86,29.5862,0.2497,7.8156,21.8553,0.452378,12.5625,11.2835,16,1201.801,1,0.153041
12.1733,163848,1994.5634,99.8548,5,100.4493,4.7019,30.7339,0.2636,7.8825,20.9796,0.313267,10.585,8.8209,3,1718.6126,1,0.212247
21.5286,90156,1940.9358,202.2877,3,107.3288,6.9177,28.6642,0.0829,7.8724,22.0853,0.438172,19.9906,18.0896,3,1761.2333,0,0.188839
16.5462,192147,3179.3026,186.5426,2,112.0218,4.1869,30.0703,0.2671,7.8749,20.8022,0.675696,16.0333,15.3301,3,2531.8315,1,0.056697
19.0938,155701,2972.9281,273.1783,2,112.8614,5.2695,28.4667,0.2064,7.5715,25.9942,0.577387,18.2203,17.1083,17,2718.6541,1,0.10438
18.8305,118386,2229.2681,228.7665,4,18.7264,5.6187,29.6001,0.1851,7.8994,22.3632,0.533597,17.6266,16.2218,29,2245.4733,1,0.15509
19.6942,80958,1594.4019,310.46,2,23.2676,4.8556,29.236,0.2418,7.967,20.6023,0.764371,19.6942,19.6929,15,1336.2758,1,0.0
16.8334,166739,2806.7888,225.0611,4,127.5729,4.1988,28.7363,0.2733,7.8694,21.4534,0.467979,15.8212,14.5186,1,2226.0291,1,0.119706
18.1777,205222,3730.4545,386.0025,2,92.7232,5.968,29.1302,0.2302,7.8336,21.0008,0.464071,16.9142,15.3558,20,3313.3991,1,0.155425
23.0506,163507,3768.9399,379.5638,3,121.3094,5.8405,30.5821,0.1367,7.7385,21.8762,0.599885,22.7846,21.9922,0,3452.1525,0,0.0
20.9067,146317,3059.0101,299.9082,5,88.6514,6.4332,28.2693,0.1327,7.7723,21.0863,0.687865,20.2404,19.3812,15,2708.2653,1,0.078636
22.2668,162152,3610.6071,109.8169,5,30.9936,6.2601,28.6845,0.1388,7.9537,20.987,0.701855,22.0748,21.5019,0,3375.5603,0,0.0
22.6484,58850,1332.8589,184.1845,5,117.7232,6.2871,29.7465,0.1365,7.7905,18.5485,0.769037,22.6473,22.3917,0,1256.1982,0,0.0
16.7675,74022,1241.1636,419.464,4,95.1781,6.5313,29.8197,0.1183,7.8158,22.3012,0.320533,14.4709,11.8804,23,1560.6499,0,0.30354
21.4771,86745,1863.0324,188.4953,3,61.6436,6.0037,29.2854,0.1561,7.6357,21.1259,0.74851,21.4771,21.4286,15,1566.7304,1,0.0
23.8301,166398,3965.2869,357.3177,4,94.5329,7.1771,29.3284,0.0876,7.7891,17.9601,0.748665,23.3102,22.5457,0,3490.4059,0,0.052624
14.716,47060,692.5364,241.5642,5,52.3442,5.0956,30.3202,0.2976,7.77,25.8974,0.71145,14.2513,13.6625,5,625.1435,1,0.055792
5.7577,192869,1110.4819,305.4668,4,104.9284,5.6556,28.8153,0.1241,7.9995,17.9786,0.08901,3.3389,2.376,80,4002.4931,0,0.333509
3.653,128097,467.9395,83.7774,3,22.5632,4.6943,29.364,0.2333,7.8996,18.9194,0.062731,1.0221,1.0221,72,1933.8875,1,0.368423
7.5471,178036,1343.6487,167.5336,4,96.9597,4.3693,30.7698,0.2369,7.8166,23.1808,0.180654,5.6495,3.6101,1,1175.2206,1,0.259337
17.287,161384,2789.8428,317.2947,4,123.3216,4.8246,30.4031,0.2195,7.814,20.3621,0.577732,16.3091,15.1733,30,2721.997,1,0.12645
13.4623,100146,1348.1959,87.1365,4,120.2487,4.6636,30.4068,0.2554,7.9232,27.1214,0.358611,11.8783,10.1314,50,1623.8377,1,0.212733
8.8465,90067,796.778,122.7667,5,75.8414,4.0419,30.8593,0.2867,7.8244,16.8711,0.242005,7.0574,5.1161,10,875.3924,1,0.242975
10.0203,142274,1425.6284,442.0677,4,52.3827,6.4176,28.1914,0.1398,7.8378,17.0395,0.184415,7.6527,5.1118,54,3063.8974,0,0.32389
15.347,52047,798.7674,256.3372,5,89.0271,5.856,29.3326,0.1691,7.8976,22.1647,0.336141,13.4498,11.3753,36,1034.8807,0,0.25633
4.7173,59377,280.0965,220.1888,5,43.9758,5.5886,30.6874,0.1543,7.9986,21.8943,0.094829,2.2674,0.7807,84,1018.606,1,0.337157
4.6761,53061,248.1164,435.5509,2,91.6752,5.1863,30.8832,0.216,8.0061,20.0174,0.096951,2.4575,1.1538,83,815.022,1,0.30522
9.871,134226,1324.9428,233.3088,2,117.0158,5.0889,28.2355,0.239,8.0059,20.6992,0.204428,7.7276,5.4133,66,2301.2066,1,0.292032
16.1458,151140,2440.2825,437.6612,3,36.0065,5.653,27.1906,0.173,7.6976,21.5135,0.449939,14.7928,13.2678,40,2702.7839,1,0.178949
6.3924,211586,1352.5453,204.3898,4,38.5933,5.7165,31.0266,0.1927,7.8216,20.6191,0.111009,3.471,0.7988,62,3494.0628,1,0.396859
24.1575,54424,1314.7479,333.5026,3,99.1302,7.5682,28.6605,0.0898,8.1674,17.8066,0.491875,22.6438,20.7916,0,1159.6699,0,0.187531
17.2739,181174,3129.5884,203.0496,4,97.3026,5.1,28.227,0.2343,7.8349,24.1077,0.618073,16.5195,15.5903,20,2681.3686,1,0.092912
14.1,63874,900.6237,116.3489,5,34.9478,4.8841,29.1503,0.1926,7.7301,16.4398,0.342206,12.3787,10.4338,39,1048.6908,1,0.227221
18.2816,213880,3910.0584,372.0339,3,45.5246,5.3542,29.7461,0.2342,7.4203,20.9084,0.730212,18.2816,18.2228,15,3266.6525,1,0.0
6.0179,96345,579.7932,156.6677,4,103.2293,5.1304,29.6836,0.2233,7.7598,18.708,0.099134,3.3308,1.775,62,1397.7005,1,0.364851
16.8107,218920,3680.2004,345.5497,4,67.6076,4.8213,29.7658,0.2794,7.8847,19.2096,0.59735,16.0092,15.0411,3,3182.3581,1,0.100399
20.6319,120248,2480.9414,141.4209,2,82.6671,5.7074,29.7689,0.1328,7.8531,19.2852,0.52173,19.4537,18.0111,13,2339.7456,0,0.145873
5.24,68641,359.6778,314.302,3,66.7771,5.6033,27.4506,0.1876,7.9438,21.6678,0.082166,1.985,0.7228,62,1150.6304,1,0.441935
22.1795,79277,1758.3235,139.1182,2,54.9647,6.7522,29.2435,0.1032,7.8075,19.5345,0.67011,22.1238,21.6449,0,1599.0871,0,0.0
20.6676,210600,4352.5935,231.868,3,45.8315,6.5178,28.9051,0.1435,7.86,18.9139,0.565128,19.5213,18.1575,11,4084.6633,0,0.145396
8.6826,118162,1025.9494,158.8218,2,67.8938,6.4332,28.2557,0.1115,7.8162,18.7411,0.131931,5.844,2.7761,53,2400.9446,0,0.386509
13.532,117069,1584.177,303.125,4,71.8165,6.1927,28.2667,0.1415,7.7662,17.7973,0.241074,11.0698,8.2924,40,2059.4216,1,0.325425
13.1596,170286,2240.8929,160.5812,2,30.8636,5.3482,29.7518,0.1823,7.8929,20.5135,0.334455,11.4623,9.6136,58,2981.0483,1,0.229917
11.1216,187043,2080.2242,217.5135,5,51.8546,5.4127,29.108,0.1568,8.0153,15.9841,0.1952,8.3273,5.2452,51,3382.4516,1,0.375271
19.3902,96092,1863.246,361.8347,5,90.2434,5.4147,27.7901,0.1449,7.906,17.1205,0.606009,18.8397,17.9775,15,1571.337,1,0.050594
21.3909,206968,4427.2278,393.8275,5,30.318,7.2575,27.861,0.0925,7.9819,18.5626,0.651301,20.6146,19.6084,9,4405.3715,0,0.091135
7.4478,111782,832.5276,371.1922,3,88.3615,5.7913,29.3505,0.1441,7.6533,15.936,0.098186,3.879,1.4902,48,2407.4945,0,0.482222
16.5439,196739,3254.8262,110.1394,3,63.9853,6.5455,27.8934,0.1056,7.9953,19.4271,0.320384,14.407,12.0103,26,3859.7203,1,0.283614
18.1262,219688,3982.1108,92.092,5,46.5839,5.3686,30.1458,0.2155,7.9085,18.2653,0.694555,17.5162,16.7431,16,3586.4648,1,0.073214
18.8848,199377,3765.197,196.9021,5,21.6248,5.4313,29.6817,0.1194,7.8529,16.7681,0.484797,17.6936,16.203,19,3471.8932,1,0.144655
4.6249,187676,867.9792,427.8591,2,94.679,3.7523,30.4964,0.275,8.0637,21.6513,0.109616,2.4517,0.6335,78,2656.8247,1,0.298257
20.8498,137477,2866.3627,367.6737,4,83.8372,6.2108,30.0752,0.1875,7.9799,18.8575,0.725804,20.8498,20.8475,15,2334.0469,1,0.0
4.1558,131246,545.4379,192.3905,2,124.0294,6.8144,30.3654,0.0796,7.8858,20.2032,0.042408,2.4077,2.4077,71,2826.4845,0,0.366918
24.0009,139405,3345.8501,210.3092,5,112.0063,6.455,27.7204,0.101,7.5864,21.5399,0.612503,23.2517,22.1481,0,3001.7284,0,0.075652
21.7706,113354,2467.7901,278.7845,5,92.1711,6.2145,30.2105,0.1244,7.7423,21.9175,0.469167,20.1245,18.18,2,2462.02,0,0.210027
17.4749,88075,1539.0999,355.1062,2,84.2064,5.8842,29.3697,0.1713,7.5866,19.5695,0.433156,15.7839,13.9192,25,1790.3901,0,0.227141
15.3445,142979,2193.9432,82.7194,2,81.4641,4.0576,28.4738,0.2777,7.8824,22.1451,0.507053,14.5881,13.5574,2,1884.2054,1,0.084229
23.3781,145562,3402.9591,353.6423,4,24.3123,6.9826,28.1298,0.0874,7.7472,18.6594,0.647349,23.3763,23.0114,0,3140.5316,0,0.0
23.2919,107347,2500.3103,327.7806,3,40.3325,6.1504,30.0083,0.1272,7.9266,21.5085,0.725903,22.8887,22.1955,0,2226.7029,0,0.030741
19.9294,106959,2131.6286,382.4255,4,106.9315,6.2057,28.7929,0.1817,7.8856,18.1706,0.631875,19.2017,18.2613,15,1802.7782,1,0.08568
13.3291,189694,2528.4542,387.6249,3,48.6285,5.6239,28.2089,0.1945,7.8134,22.3033,0.25104,10.8993,8.1976,46,3663.0263,1,0.324483
15.8958,103172,1639.9965,183.113,3,97.9954,7.4141,28.857,0.08,8.0721,16.3768,0.290367,13.3186,10.5101,21,2020.0488,0,0.34899
19.6895,137029,2698.0271,424.2678,2,25.8193,5.9908,29.1123,0.1322,7.805,22.0682,0.526305,18.7736,17.5554,15,2352.2406,1,0.104695
13.1808,139788,1842.5131,114.5028,4,61.3897,6.9728,29.6262,0.0199,8.0406,20.3465,0.289203,11.2318,9.1352,46,2970.5695,0,0.266219
23.4415,211629,4960.9035,419.0768,3,26.2706,6.6586,29.373,0.0861,7.9133,21.3804,0.597431,22.2972,20.9155,0,4642.404,0,0.14339
16.2044,103729,1680.8646,413.5956,2,119.1585,6.3663,29.8549,0.1414,7.5627,17.4872,0.316279,13.9634,11.466,26,2189.796,0,0.29877
24.2913,133866,3251.7833,219.4982,5,98.9543,6.7688,27.2569,0.0823,7.872,21.0061,0.697934,23.5833,22.6313,0,2985.4932,0,0.080018
20.8212,199933,4162.8455,343.2348,2,67.3472,6.7999,27.3446,0.1043,7.7727,19.2312,0.420467,19.0764,16.9743,6,4186.967,0,0.219012
10.8434,198473,2152.1259,180.5967,5,42.7426,7.0584,28.5841,0.0427,7.9836,20.406,0.200921,8.1648,5.3048,38,3907.66,0,0.367686
23.8064,72272,1720.5365,101.6246,4,49.9291,6.6924,28.7127,0.0804,7.722,20.166,0.641933,22.9611,21.8589,0,1589.715,0,0.098672
15.6675,92179,1444.2161,185.6036,3,28.0011,4.254,29.3085,0.2635,7.7634,18.3246,0.552919,14.8399,13.8195,2,1206.9581,1,0.101828
22.899,62729,1436.4303,286.4087,5,67.6034,7.0595,28.2559,0.0964,7.9008,20.6857,0.761291,22.899,22.7919,0,1308.8925,0,0.0
23.1236,94217,2178.6353,285.226,2,60.2537,6.4432,28.5557,0.0874,7.7899,21.7311,0.600451,21.9106,20.4812,0,2105.3372,0,0.155057
17.9591,94941,1705.0587,355.1125,2,119.3529,4.5293,29.0848,0.2566,7.8847,19.1848,0.636614,17.1505,16.172,15,1472.9089,1,0.101149
14.2142,79336,1127.6964,145.9977,4,136.6438,3.9373,30.4788,0.2954,7.9777,17.0251,0.399963,13.0988,11.6876,15,1001.1489,1,0.134066
25.5763,101604,2598.6589,251.2684,2,35.1509,6.5821,29.1267,0.1084,7.7561,19.3652,0.565573,24.9064,23.7169,0,2528.8948,0,0.047062
15.8837,53228,845.4565,345.8732,4,28.4777,5.0468,28.5507,0.2453,7.7434,17.5285,0.437394,14.4137,12.7631,41,887.2594,1,0.194944
21.2247,67268,1427.7454,211.665,4,59.6063,7.0036,29.1955,0.1389,8.058,23.5584,0.470384,19.7268,17.9252,5,1354.8064,0,0.188299
17.9521,130514,2342.9992,146.7888,5,134.7908,5.1849,29.4028,0.2114,7.9017,21.4168,0.693412,17.5207,16.877,15,2124.0895,1,0.042752
16.4807,125530,2068.8236,274.6239,4,108.4551,5.0511,29.0674,0.2358,7.8677,18.1398,0.688403,15.9701,15.2905,15,1755.0892,1,0.058344
6.6203,94101,622.9794,281.8574,5,123.9014,5.8401,28.0296,0.1392,7.7366,18.1031,0.089172,3.3171,1.6836,58,1608.2362,1,0.447026
9.8823,198936,1965.9426,182.4213,4,34.5669,4.6848,28.4551,0.2224,7.8578,21.3449,0.236351,7.9352,5.7983,53,2981.4986,1,0.26239
17.4953,123907,2167.7866,126.7651,2,36.9397,5.6035,27.9201,0.1547,7.7335,18.9054,0.46282,15.995,14.3349,31,2607.2361,1,0.201029
6.666,191023,1273.353,155.5041,4,114.696,6.1277,29.8001,0.1877,7.9139,17.8959,0.14172,4.3821,1.937,75,3208.6552,1,0.312935
17.6095,45161,795.2628,305.4478,4,121.0462,5.3764,30.1633,0.1849,7.929,22.9452,0.70088,17.0,16.2423,18,674.6111,1,0.074459
13.047,185365,2418.4581,364.9862,3,68.2952,5.7052,30.0047,0.1781,7.9726,21.5074,0.313823,11.3679,9.5123,49,3081.3205,1,0.225191
19.265,142891,2752.7908,218.2901,3,83.7564,5.5425,27.2543,0.1682,7.9156,16.5899,0.609676,18.3698,17.2775,21,2571.349,1,0.111172
19.5591,133892,2618.8049,177.3269,4,97.2976,6.4366,29.3519,0.1392,7.5904,23.9251,0.628019,18.5755,17.4187,28,2363.0937,1,0.125925
19.4599,108375,2108.9674,251.0561,5,105.5174,4.9925,28.6942,0.2382,7.9228,15.506,0.760668,19.4599,19.4313,15,1673.4953,1,0.0
15.5409,54363,844.8503,244.6852,4,47.864,5.6808,31.1472,0.2011,8.0893,19.9369,0.319511,13.5277,11.1932,31,891.7927,1,0.260626
20.9026,126535,2644.9145,382.0091,4,53.7207,5.5425,29.9849,0.1797,7.8179,16.6746,0.775384,20.8633,20.5355,15,2165.2487,1,0.0
14.9851,193830,2904.5612,285.7338,2,71.1854,4.7215,30.6247,0.3099,7.5856,19.2796,0.547094,14.0731,13.0217,12,2661.4633,1,0.11859
24.9733,152975,3820.2871,293.0468,3,18.2091,6.8458,29.3482,0.0517,7.8483,17.2796,0.532384,23.9383,22.4615,0,3646.4226,0,0.109019
12.1049,218619,2646.3534,387.5116,2,23.4534,5.0761,29.719,0.2778,7.7782,21.9429,0.315269,10.3412,8.4074,10,2626.5483,1,0.237821
16.7845,85427,1433.8515,285.7005,2,63.2289,5.2622,28.7618,0.2564,7.8079,20.7593,0.57561,16.2062,15.3505,15,1169.8894,1,0.058035
15.5709,202182,3148.1496,81.5684,4,61.1129,5.174,30.355,0.1682,7.8414,19.9849,0.401817,13.9685,12.207,52,3615.194,1,0.215705
21.9913,185516,4079.7357,237.4343,5,102.3475,5.603,28.284,0.108,7.801,20.6049,0.550423,20.8077,19.3789,1,3798.431,0,0.148345
22.8132,106293,2424.8795,254.9871,3,98.3444,7.0529,28.1566,0.0554,7.8818,19.8844,0.539652,21.9102,20.607,0,2256.7446,0,0.093712
13.7582,190114,2615.6186,328.0647,4,51.2151,6.7257,28.4946,0.0856,7.7938,19.4145,0.276597,11.3601,8.7697,32,3959.8169,0,0.326648
19.8554,200604,3983.0823,208.4492,4,123.0041,6.1293,30.5135,0.1994,7.7556,18.9122,0.545639,19.1846,18.1734,15,3314.3145,1,0.065507
11.8924,85066,1011.6431,220.7269,4,102.0965,5.1847,28.9001,0.2541,7.9881,19.1284,0.230545,9.6069,7.05,43,1278.785,1,0.303889
7.8236,53730,420.3596,312.1084,4,49.6128,6.6772,28.9961,0.1616,7.9217,19.259,0.115861,4.909,2.0561,56,915.247,1,0.39371
21.0838,175451,3699.1711,297.342,3,48.8693,6.562,29.9092,0.1128,7.8437,22.6442,0.604898,20.9449,20.3163,15,3282.4214,1,0.0
11.1948,73264,820.1783,140.8281,4,18.75,5.3597,29.014,0.2822,7.8385,22.8949,0.219739,8.8769,6.2701,41,1080.5144,1,0.307034
23.5826,85446,2015.0389,385.4052,4,108.0865,7.0379,28.1878,0.1137,8.1099,20.8596,0.619445,22.462,21.1047,0,1891.8048,0,0.140031
23.4985,108669,2553.5575,424.0981,4,69.2862,6.4629,27.7832,0.1171,7.9755,18.6822,0.765397,23.4985,23.3999,0,2272.6002,0,0.0
22.8371,170162,3886.0086,377.0191,3,117.7584,6.7502,27.8509,0.1135,7.7199,20.7804,0.702163,22.3392,21.5797,0,3563.8844,0,0.047732
13.3776,47171,631.0326,371.3078,5,32.5719,4.0166,30.3568,0.2843,7.7033,21.2481,0.350388,12.0044,10.3754,4,540.8413,1,0.174582
12.5788,149016,1874.4451,170.8686,2,60.5491,5.1856,29.4221,0.2202,7.829,22.1481,0.384644,11.1664,9.6171,53,2276.0728,1,0.190417
18.4422,84711,1562.2576,98.3413,5,61.1327,4.5081,28.367,0.248,7.8938,17.5944,0.519344,17.7769,16.7359,14,1347.8422,1,0.06122
20.3507,171546,3491.0867,204.1891,3,81.7581,5.2514,28.7458,0.2052,7.7631,21.1297,0.644891,19.5998,18.6138,15,2960.0635,1,0.087006
17.3431,96068,1666.1171,164.3545,4,48.0282,5.5635,31.017,0.2197,7.7744,21.3768,0.463452,15.9617,14.3543,30,1638.3325,1,0.178348
18.5105,137062,2537.0808,258.11,5,114.4899,5.2882,28.4559,0.1892,7.786,17.2806,0.663434,18.5105,18.5105,15,2184.7678,1,0.0
9.9423,51273,509.7695,245.3887,3,103.0404,7.0638,27.6293,0.1124,7.8201,22.4942,0.194953,7.6292,5.1573,54,1022.7678,1,0.317304
15.7264,102601,1613.5408,252.4139,2,50.5785,6.1416,29.1491,0.1386,7.7542,22.0985,0.364455,13.894,11.9044,33,2183.2614,1,0.248746
11.3652,178337,2026.8371,86.9873,2,84.6869,5.4045,27.4294,0.2124,7.9873,18.6587,0.313822,9.7222,7.9142,52,2724.6608,1,0.221005
7.3253,74254,543.931,197.8499,2,91.9171,4.8004,29.5268,0.2592,7.803,21.8105,0.140335,4.7008,1.8267,28,899.4623,1,0.354214
17.7174,154425,2736.013,356.158,2,102.7091,6.1731,28.0764,0.1336,7.7067,21.3693,0.497269,16.3642,14.8521,38,3320.9203,0,0.180078
5.7734,116050,670.0041,132.4693,2,55.2322,6.7302,27.991,0.1374,7.8655,23.901,0.10792,3.3691,1.3249,76,2330.5005,0,0.331897
22.3454,164432,3674.2975,193.3607,3,61.8193,6.2807,29.4025,0.161,7.7485,20.7846,0.693938,21.7584,20.9371,0,3334.3241,0,0.06338
14.8125,133083,1971.2958,430.154,5,39.3343,5.8898,26.9766,0.1554,7.9957,19.2048,0.328572,13.0375,11.0147,36,2285.5605,1,0.232857
16.6349,146909,2443.8162,345.7596,3,26.0902,6.2515,28.2377,0.1314,7.8371,20.6065,0.370498,14.64,12.4452,25,2879.1415,0,0.268381
17.0075,75387,1282.1444,194.8822,5,41.0229,5.0531,29.6925,0.1979,7.8342,17.9463,0.652603,17.0075,16.9868,15,1116.8026,1,0.0
16.4696,65498,1078.7286,170.0639,5,26.9596,5.7814,29.3246,0.1869,7.9572,19.042,0.365699,14.8198,12.8152,22,1121.0611,1,0.205623
3.723,61506,228.9859,305.8834,5,26.7293,4.5823,28.9185,0.2972,7.7186,22.0502,0.07157,2.0409,2.0409,1,211.1216,1,0.261263
23.6426,61553,1455.273,350.7844,4,120.9789,6.7178,28.9644,0.166,8.0637,19.4714,0.654057,22.7553,21.6327,0,1320.1649,0,0.106634
22.9379,198501,4553.1932,357.663,5,67.0932,6.9933,28.6414,0.073,8.1142,17.8415,0.646007,22.9379,22.8641,0,4088.4315,0,0.0
15.96,85166,1359.2477,282.1436,5,99.9979,4.1018,30.0834,0.2682,7.9698,22.3652,0.443786,14.9078,13.5531,3,1218.9665,1,0.124347
18.2923,180845,3308.0797,289.0668,4,46.0795,4.5893,29.1725,0.2625,7.8433,20.9705,0.752328,18.2923,18.2898,3,2639.7835,1,0.0
17.0948,217379,3716.0464,142.5855,4,109.4648,5.9955,29.4615,0.185,7.9421,17.0214,0.350097,15.2091,13.0155,31,4113.7491,1,0.243508
21.2578,121060,2573.4645,421.4476,5,113.453,6.1864,29.4607,0.128,8.0386,23.7699,0.712162,21.2578,21.2516,15,2291.2298,1,0.0
19.7021,137356,2706.2058,333.3345,4,96.7965,4.8905,30.7135,0.2188,7.9323,19.1745,0.428753,18.3577,16.631,16,2572.912,1,0.159271
9.2257,156565,1444.429,378.4488,3,126.8836,4.3381,29.1246,0.2022,8.1448,20.2761,0.201711,7.0082,4.5745,53,2237.74,1,0.298851
18.8759,60897,1149.4872,130.0265,5,84.3784,4.6971,29.5286,0.1851,7.8091,21.7503,0.641994,18.2658,17.4266,15,968.1466,1,0.067223
16.6887,70337,1173.8361,101.7768,4,135.9159,4.6096,28.1821,0.2462,7.8019,17.3895,0.600205,16.5319,15.9992,4,963.1475,1,0.0
10.233,113651,1162.9861,378.9171,2,63.8653,5.1965,28.6381,0.1633,7.8436,19.4779,0.156809,7.3306,4.1377,52,2119.967,1,0.390485
9.8695,52618,519.3127,238.5668,3,22.9855,5.9699,29.1034,0.1841,7.7732,19.8446,0.187657,7.5782,5.1208,59,1115.6242,0,0.313605
21.9504,180644,3965.2043,331.6546,2,118.2165,5.9103,29.3993,0.1955,8.0204,22.1081,0.680661,21.8547,21.3443,15,3480.0303,1,0.0
13.413,203643,2731.4565,266.3433,4,42.5061,4.5353,29.1715,0.2495,7.9568,21.2526,0.418346,12.082,10.5937,43,2908.7147,1,0.177031
25.3296,157911,3999.8263,384.5989,4,97.508,6.9395,29.3948,0.0834,7.7682,23.6426,0.691767,25.016,24.3138,0,3531.2983,0,0.004
15.4605,49758,769.2839,327.2565,5,117.5754,4.7082,31.0041,0.2449,7.7367,19.9164,0.548227,14.4266,13.2502,18,730.7265,1,0.135793
6.9783,84974,592.9723,113.3924,2,103.4285,7.1248,29.6376,0.0996,7.9175,22.9997,0.07987,2.5819,0.8667,32,1814.2561,1,0.596792
18.1509,108392,1967.4168,168.4287,3,27.8688,7.352,29.9159,0.0713,7.9515,20.2399,0.336319,15.8282,13.249,15,2141.2468,0,0.310478
23.1825,172166,3991.2363,260.0899,5,78.732,7.0809,27.405,0.1113,7.6009,21.2099,0.477459,21.9666,20.3246,0,3537.2741,0,0.136737
10.2381,215686,2208.2213,415.4111,4,111.7027,6.6412,25.1301,0.1124,8.0704,17.5937,0.222634,7.9994,5.6002,57,4216.0009,0,0.306557
22.6141,106093,2399.1959,258.7833,4,22.5609,6.9625,27.8055,0.0223,8.0905,20.2672,0.416389,20.9847,18.8901,0,2162.848,0,0.192864
3.8616,166114,641.4697,373.4982,3,127.3326,4.9854,29.3507,0.2106,7.609,21.007,0.060769,0.7791,0.7791,62,2563.1918,1,0.423427
17.8441,163522,2917.9012,81.4615,4,70.672,4.1063,29.4194,0.2499,7.7664,22.3855,0.615572,16.9955,15.9699,23,2612.6159,1,0.106245
12.1165,171870,2082.4667,233.6658,5,95.6146,5.2017,29.898,0.2395,7.6911,22.4827,0.353914,10.6792,9.0598,8,1946.3171,1,0.190131
10.5073,118274,1242.7362,276.4454,5,97.9227,4.592,30.2455,0.2369,7.9043,18.2038,0.278348,8.7468,6.8388,62,1879.8271,1,0.239278
13.5393,75366,1020.3994,294.3753,5,66.3966,4.9198,30.159,0.2147,7.8138,18.8684,0.401403,12.2572,10.8139,40,1093.3643,1,0.169699
5.5087,93644,515.8525,136.6431,4,97.4332,5.1544,29.121,0.2223,7.9814,24.1982,0.106155,3.2259,1.6593,67,1348.0407,1,0.31117
5.4121,211075,1142.366,244.0999,5,106.0804,5.1522,28.6473,0.246,7.9008,16.8227,0.093113,3.0869,2.2701,69,2935.8141,1,0.317444
12.5333,119882,1502.5148,158.8507,2,56.7372,6.9453,28.874,0.1348,7.8514,21.2517,0.194548,9.6387,6.4353,35,2438.2252,0,0.387831
24.4233,59148,1444.5901,190.0685,2,93.0787,6.0845,29.2155,0.0739,7.828,17.5362,0.734676,24.4233,24.1795,0,1295.0333,0,0.0
15.5883,75600,1178.4789,218.3682,2,41.5258,4.3988,29.4996,0.2846,7.9736,19.8862,0.483102,14.573,13.3302,1,981.1431,1,0.125757
5.6694,102469,580.9365,86.4247,4,56.4145,4.2211,29.1757,0.2541,7.8852,19.5302,0.11934,3.717,2.2905,5,631.9565,1,0.266639
20.6045,74714,1539.4442,448.8153,4,101.1741,6.1664,29.3164,0.1141,7.951,19.8402,0.495169,19.0427,17.258,8,1567.136,0,0.204467
16.7069,180968,3023.4126,404.1026,5,94.2828,7.101,27.4754,0.053,7.6953,20.645,0.234152,13.5216,9.919,15,3696.0562,0,0.420182
15.6245,89577,1399.5951,449.0768,5,26.1493,5.4797,28.3134,0.2147,7.7361,17.8454,0.582896,14.7188,13.681,34,1313.1179,1,0.118312
19.6219,173991,3414.0283,419.5552,2,118.5932,4.691,29.8216,0.2155,7.7931,18.4021,0.577324,19.1921,18.3855,15,2917.8045,1,0.025396
9.1623,184435,1689.8539,144.991,5,122.1351,6.3113,28.6431,0.0799,7.9301,12.0,0.103999,5.3312,2.2039,32,3969.5089,0,0.519322
4.2616,70358,299.8388,233.24,5,120.3947,4.728,27.4876,0.2765,8.0494,18.5976,0.073885,2.2639,2.2639,82,982.0559,1,0.282966
17.946,193384,3470.4609,173.3907,5,60.6459,6.3047,26.9144,0.086,7.9536,20.5889,0.330503,15.5511,12.8618,15,4136.0115,0,0.317549
23.989,80246,1925.0248,150.7734,2,36.3357,5.9879,28.8551,0.1415,8.0925,21.787,0.577567,23.8323,23.0845,0,1786.5528,0,0.0
18.8745,100464,1896.2069,435.1148,5,37.1192,4.755,27.877,0.2137,7.8696,18.0766,0.418895,17.4821,15.7221,18,1710.2356,1,0.167492
13.4329,157126,2110.6641,83.3729,4,27.7068,6.0037,26.7752,0.1709,7.9569,18.9243,0.282207,11.327,8.9774,45,2746.8416,1,0.280544
17.2572,194390,3354.6263,405.0582,3,80.2798,6.4666,28.4708,0.119,7.9138,19.2296,0.470308,15.7519,14.0858,33,4052.8319,0,0.201659
17.6898,184708,3267.4495,351.7726,3,31.8486,4.8436,30.1136,0.2534,8.0182,24.4649,0.705696,17.1984,16.53,15,2600.1811,1,0.054827
14.5208,194759,2828.0548,92.4414,5,129.951,6.1454,28.7365,0.1547,7.8213,19.3382,0.344755,12.653,10.5935,50,3599.1322,1,0.250879
9.468,122091,1155.9613,391.3792,3,51.5399,5.6193,28.9785,0.1573,7.8903,19.3854,0.192024,7.1802,4.7192,70,2203.4796,1,0.312514
14.5122,57883,840.0119,111.8647,2,111.6931,5.8085,28.2737,0.1453,7.9612,20.7616,0.225206,11.5339,8.1943,26,1222.4008,0,0.395341
11.5616,172416,1993.4007,312.899,3,78.9194,4.7595,30.5818,0.3022,7.8432,19.0158,0.288978,9.7137,7.6671,2,1714.8714,1,0.247453
19.4119,173983,3377.3464,97.0244,4,96.6136,6.3293,29.7414,0.1453,7.8654,21.6727,0.680622,18.6493,17.7265,22,3036.6319,1,0.095384
18.9228,107160,2027.7657,126.6074,5,22.9956,7.1531,27.5748,0.0717,7.8512,18.3822,0.363709,16.8065,14.4628,12,2194.2898,0,0.28342
24.9659,162347,4053.1329,228.8853,2,49.1528,6.7599,28.4056,0.1069,7.8434,18.2957,0.555718,24.2993,23.119,0,3796.9502,0,0.0472
15.4534,158083,2442.9158,135.9657,3,104.3771,4.0219,30.8488,0.2879,7.7417,22.3729,0.637663,15.4534,15.2983,15,1981.5274,1,0.0
19.1995,218516,4195.3938,86.4679,5,31.2635,5.2366,30.4192,0.2234,8.0146,20.3453,0.575648,18.8893,18.151,15,3427.9551,1,0.000728
16.5201,142783,2358.7835,304.1131,3,109.1066,4.79,30.2545,0.2293,7.8705,25.0576,0.757488,16.3792,16.0077,3,1898.4699,1,0.0
11.1128,219772,2442.2776,227.3085,4,66.1223,5.888,29.5882,0.1228,7.8203,20.1084,0.225861,8.8584,6.4375,50,4484.8471,0,0.308299
3.4871,126923,442.5969,353.4848,4,98.36,3.7049,30.9075,0.2669,7.9212,16.283,0.067842,2.0115,2.0115,8,604.7667,1,0.256769
12.85,217015,2788.6417,325.2872,5,96.9409,5.8516,27.5273,0.13,7.687,19.8515,0.271283,10.8134,8.605,51,4432.7828,0,0.27671
13.3172,54095,720.3923,401.3185,5,53.8243,6.4147,30.6446,0.1656,8.0352,17.0162,0.24661,10.9191,8.2868,39,1089.6471,1,0.323115
22.0703,63344,1398.0231,411.1263,3,61.7517,5.9895,29.2673,0.1295,7.8503,16.4546,0.709879,22.0703,22.0626,0,1290.7304,0,0.0
16.006,135938,2175.8287,271.4258,3,52.4827,4.193,31.6318,0.2473,7.9689,18.2794,0.451646,14.8001,13.3736,9,2004.7291,1,0.153696
21.4381,113436,2431.8566,378.6088,4,38.9581,6.9108,29.1881,0.0486,7.9823,19.7425,0.404186,19.3556,16.9798,3,2425.4184,0,0.272971
13.5532,209275,2836.3492,351.6433,3,18.5142,5.4721,27.487,0.1471,7.917,19.9671,0.299371,11.526,9.3265,44,4122.0597,0,0.275308
18.0767,204220,3691.6171,390.804,2,93.3376,6.3456,28.8635,0.1711,7.7035,20.3639,0.3705,16.2933,14.1325,23,3827.121,1,0.222806
23.4842,66235,1555.4781,183.4466,5,123.0679,6.5658,29.282,0.1074,7.955,21.6555,0.70308,23.2736,22.6778,0,1383.9128,0,0.0
23.3734,105314,2461.543,420.9322,5,114.006,5.8511,29.5407,0.1537,8.048,18.4333,0.767368,23.1148,22.5623,0,2218.3673,0,0.006847
15.7791,102863,1623.0811,306.2748,5,22.0429,4.84,30.9685,0.2797,7.9213,23.134,0.641279,15.0706,14.2216,5,1332.7197,1,0.089346
18.3358,205130,3761.2182,102.6816,4,49.0189,5.1878,28.8296,0.209,7.9256,16.4793,0.697967,17.7309,16.9693,17,3351.7071,1,0.073036
13.1142,83832,1099.3893,298.9907,4,102.7755,5.0509,29.5355,0.2437,7.8898,21.643,0.396953,11.7894,10.3385,54,1304.1408,1,0.178782
14.2451,46200,658.1258,438.2399,3,19.0667,6.3174,27.8537,0.1353,7.7364,19.6309,0.302689,12.1755,9.9126,40,945.2779,0,0.279633
14.7833,141303,2088.9279,178.8009,3,135.3687,4.7843,29.6431,0.2638,7.6439,17.5141,0.590075,14.058,13.1898,24,1924.0415,1,0.091534
19.6733,108424,2133.0574,363.7142,5,58.6613,5.7448,29.348,0.1271,7.9594,18.8298,0.587388,18.6207,17.3829,28,1995.0913,1,0.13479
9.611,146554,1408.5333,416.3717,5,33.4584,5.5593,29.9863,0.2321,7.8864,19.5346,0.176186,6.8951,3.9341,58,2734.5119,1,0.367647
10.4402,176249,1840.0817,255.8753,5,68.2413,5.3154,29.5883,0.2572,7.843,19.1704,0.336707,9.1342,7.712,13,1828.6374,1,0.176946
17.3469,155014,2689.0112,268.2279,3,99.6321,4.4064,29.4201,0.2895,7.9757,20.3956,0.67906,16.7408,15.9707,2,2179.2494,1,0.072564
23.98,57350,1375.2539,292.6985,4,66.1998,7.8139,27.3204,0.037,7.7629,21.6362,0.569106,23.1771,22.0026,0,1253.0988,0,0.081833
9.0695,54332,492.7661,229.0469,2,27.7132,4.5815,28.5538,0.2683,7.7574,18.4352,0.17913,6.703,4.1041,53,823.4699,1,0.318774
8.2351,139304,1147.1779,164.1916,4,102.4182,5.5885,28.0305,0.2655,7.8003,20.1034,0.168692,5.8336,3.2353,64,2315.5582,1,0.326781
12.751,114864,1464.6365,120.4971,2,87.5803,4.9639,31.3956,0.288,7.8221,21.3574,0.364337,11.4375,9.9224,2,1217.8969,1,0.17075
22.397,100576,2252.6048,308.0398,4,59.1529,7.3794,29.503,0.0923,7.9646,19.8043,0.404225,20.3057,17.8566,0,2057.6565,0,0.268665
8.2033,49789,408.4358,365.3154,5,114.103,6.5556,28.939,0.1427,7.8086,21.4068,0.114673,4.8149,1.3775,46,1056.5634,0,0.458357
17.1952,117893,2027.1949,295.7761,3,80.5884,5.8737,30.4054,0.1789,7.8457,20.8485,0.44281,15.9486,14.4362,22,2011.2614,1,0.155573
15.8702,214784,3408.6586,175.4463,3,131.7703,5.0609,29.9982,0.2515,7.9133,19.0076,0.406682,14.5473,12.9438,23,3237.0306,1,0.165206
24.8649,95804,2382.1606,299.8965,5,59.6381,6.2564,28.5104,0.1008,7.8542,19.965,0.747222,24.2184,23.326,0,2120.3512,0,0.070945
9.6263,184909,1779.9837,444.4677,5,62.0145,5.4037,29.3501,0.2483,7.8325,22.2108,0.181408,7.1607,4.4466,52,2767.3881,1,0.331574
10.9399,174476,1908.7556,211.3051,4,94.2657,6.8354,30.2863,0.0669,7.9523,21.4814,0.188739,8.0351,4.8726,39,3537.9091,0,0.393613
7.1026,47542,337.673,394.0845,3,140.9954,4.6111,28.9473,0.2652,7.9019,21.1018,0.136562,4.4275,1.479,2,314.4262,1,0.359456
21.4726,139730,3000.3703,254.7389,3,100.5584,6.2272,29.3543,0.1319,7.9251,19.006,0.472847,20.2255,18.6065,4,2804.884,0,0.146208
18.6887,189220,3536.2826,168.3935,2,83.4964,5.3542,29.8025,0.1958,7.6835,17.3055,0.697606,18.1746,17.4627,15,3196.001,1,0.056192
23.3396,163265,3810.545,365.2181,4,97.314,6.594,27.4759,0.1229,7.9685,20.3205,0.623621,22.1872,20.8197,0,3452.7567,0,0.146489
16.9486,143673,2435.0522,404.9316,2,121.1854,4.631,29.5439,0.2468,7.7336,19.8283,0.781492,16.9486,16.8224,9,2103.5897,1,0.0
5.4519,80881,440.9543,273.9761,2,22.2714,3.754,30.256,0.2748,7.9217,23.6797,0.09688,3.0658,2.0296,14,661.7133,1,0.322814
10.6613,209149,2229.8072,184.6819,2,47.5323,4.7252,30.2575,0.2636,7.9336,24.1433,0.257054,8.7549,6.6765,58,3381.5702,1,0.258072
8.9666,174040,1560.541,88.3801,5,90.8844,5.4135,30.1576,0.244,8.0673,17.6939,0.226431,7.2102,5.3141,66,2433.282,1,0.239338
20.2143,73937,1494.5874,92.2113,3,89.1756,5.6243,30.8604,0.2341,7.7956,20.3396,0.533504,19.3877,18.2153,15,1219.5242,1,0.087742
11.0601,54818,606.2926,384.8822,4,30.3086,5.3886,27.8419,0.2298,7.8606,22.4812,0.262663,9.185,7.1284,54,852.3227,1,0.252803
9.3395,90043,840.9548,316.0108,5,86.955,5.5063,31.1697,0.2867,7.7309,21.3734,0.284534,7.8102,6.1623,2,688.484,1,0.208649
6.4205,152492,979.0729,383.3727,3,66.3732,3.953,29.7145,0.2893,8.0552,20.2321,0.156064,4.364,2.1126,5,985.6937,1,0.27762
20.5152,91302,1873.0759,312.5855,5,77.0685,6.9503,27.9843,0.1246,7.6815,20.1323,0.453695,19.297,17.6829,15,1611.6206,1,0.139818
25.6137,151121,3870.7613,404.5785,5,115.8848,6.9395,29.351,0.0833,7.9179,20.705,0.639873,24.9523,23.9211,0,3643.9241,0,0.061243
5.7669,158680,915.0918,233.7369,2,90.5469,6.7137,29.4992,0.1571,7.8984,21.5213,0.084394,2.6964,1.4237,67,2775.8185,1,0.418648
7.8131,196094,1532.0943,358.8987,2,38.6663,6.412,29.1658,0.1046,7.937,16.4698,0.108559,4.2619,1.0211,40,3978.6558,0,0.482752
7.5443,111140,838.4714,378.5119,4,35.0124,5.6061,28.9852,0.2013,7.9244,20.2934,0.159845,5.5045,3.3204,75,1921.3608,1,0.279474
16.0145,121522,1946.1176,435.0899,4,104.7814,4.7754,29.5069,0.2513,7.8142,19.394,0.50915,15.2289,14.1581,15,1570.7455,1,0.087461
20.5861,78694,1620.0009,306.4318,3,40.6166,6.4222,29.6723,0.1508,7.9846,20.5024,0.737785,19.9873,19.195,15,1374.1432,1,0.068839
11.5867,46932,543.7863,334.8504,3,30.3125,6.6824,27.8382,0.0972,7.7503,19.548,0.257471,9.4591,7.162,58,931.3815,0,0.289894
12.8153,161476,2069.364,320.2367,2,109.8988,4.2028,29.633,0.2793,7.8885,18.0523,0.439471,11.7322,10.5186,1,1829.3123,1,0.143842
4.5214,137779,622.9602,431.8757,2,64.7331,5.2151,30.2941,0.2499,8.029,20.4958,0.075559,1.8885,1.5532,10,857.6093,1,0.360298
15.5311,86188,1338.5961,238.5592,2,83.9729,5.9685,30.1101,0.1279,7.9655,23.1446,0.313492,13.3279,10.896,29,1745.2021,0,0.295739
24.1221,134935,3254.9091,115.4635,2,117.5647,7.0842,30.5553,0.0886,7.9,18.7735,0.59019,23.357,22.2113,0,3073.3827,0,0.075441
4.3498,85043,369.9174,318.3616,5,39.6341,5.3664,29.6856,0.214,8.0359,16.9536,0.069227,1.1597,0.6852,62,1472.1701,1,0.433372
6.9168,183952,1272.3616,410.6509,2,72.3136,7.1392,29.5646,0.0416,7.9478,19.9454,0.080111,2.7808,1.1562,35,3923.7045,0,0.562636
3.8487,92351,355.4319,232.7165,2,59.7135,5.7483,29.9156,0.1836,7.8744,18.5209,0.076808,1.3518,0.6781,88,1583.6123,1,0.344193
18.4132,93114,1714.529,364.0096,2,104.5136,5.9586,28.987,0.1426,8.0526,20.5409,0.472369,17.2175,15.7672,22,1531.7617,1,0.149244
6.4255,208676,1340.8554,244.4807,3,28.4122,4.5988,29.7726,0.2341,7.8753,21.4169,0.134421,4.4142,2.3208,4,1256.1013,1,0.276226
17.5498,214012,3755.8654,393.9171,2,127.3599,5.587,30.3436,0.2553,7.8047,19.3005,0.761232,17.2656,16.7926,3,2943.3014,1,0.023304
12.729,205871,2620.5371,319.3484,4,111.419,5.8359,28.1811,0.1003,7.8158,18.1961,0.246141,10.3213,7.6446,46,3850.6084,1,0.321577
18.9599,111946,2122.4854,302.1989,4,42.0723,6.6901,28.9223,0.1059,7.9231,17.1155,0.432442,17.3433,15.4594,21,2270.6448,0,0.208472
19.4194,123959,2407.2123,370.027,5,92.1252,5.6523,28.8322,0.2041,7.8338,21.9592,0.638016,18.5572,17.5244,24,2206.1228,1,0.108761
7.3553,156014,1147.5372,112.5014,3,58.8556,5.1693,30.3763,0.301,8.0238,21.0382,0.189442,5.4452,3.3887,9,1302.682,1,0.260759
3.5372,121337,429.199,96.1408,3,88.9627,6.4123,28.9193,0.1161,7.6712,19.9044,0.062496,0.9425,0.8258,89,2544.9135,0,0.35832
8.9735,166687,1495.7734,215.4209,5,70.6745,7.0379,28.3861,0.0643,7.7428,19.2988,0.111666,4.7985,0.6236,31,3389.176,0,0.562162
18.1278,79690,1444.6025,348.0785,5,73.8147,5.4653,25.7249,0.182,7.6436,21.577,0.566232,17.1471,15.963,23,1280.3997,1,0.122864
18.2278,193341,3524.1798,188.3392,5,113.6292,4.3316,31.219,0.253,7.9442,18.6186,0.784404,18.0479,17.6492,14,2844.9489,1,0.002768
3.7008,61098,226.112,277.1727,4,30.2013,6.7261,29.8586,0.0648,7.7451,21.5372,0.04294,1.3482,1.3482,62,1203.4607,0,0.444234
15.6694,172833,2708.1877,337.4733,3,92.0199,4.3684,27.5668,0.2499,7.9756,18.8387,0.547805,14.7669,13.6797,9,2349.032,1,0.113312
15.2815,51797,791.5345,447.168,3,32.817,4.8827,30.7299,0.2085,7.7283,24.8048,0.513987,14.1501,12.8766,40,807.2009,1,0.149761
18.5343,201028,3725.9181,115.6311,4,59.4648,5.5719,29.2298,0.1687,7.5883,18.706,0.453705,17.1432,15.5237,30,3576.827,1,0.179537
10.3938,165458,1719.7317,164.1545,2,128.9025,5.8548,27.4966,0.1461,7.8137,19.2147,0.190926,8.0047,5.4251,56,3454.2361,0,0.325533
18.3285,136669,2504.9327,221.5163,5,44.4462,5.2631,28.0619,0.1975,7.9112,22.3394,0.632312,17.7635,16.9604,15,2210.8271,1,0.059809
10.0114,206759,2069.9486,110.2559,4,138.3303,4.5371,29.1082,0.2654,7.8233,18.7228,0.279259,8.3443,6.5363,25,2638.332,1,0.226491
10.0716,184444,1857.6421,287.6329,4,93.0716,5.3457,29.3753,0.1846,7.7546,19.9736,0.174414,7.587,4.8691,56,3394.9941,1,0.335578
12.5486,120777,1515.5796,121.9268,4,27.3349,5.0713,28.7694,0.1834,8.0601,21.4169,0.315728,10.7079,8.7057,60,2245.2621,1,0.249556
15.0254,131041,1968.9393,266.4446,5,42.3086,5.4849,29.7384,0.1626,7.7353,16.8134,0.460669,13.6671,12.1662,49,2256.97,1,0.182171
14.4949,154967,2246.2247,158.2498,5,38.6632,5.4142,28.8595,0.193,7.9172,16.5478,0.330878,12.8128,10.8583,31,2338.0701,1,0.217417
9.2726,58594,543.3215,428.6674,3,78.3986,4.8465,30.1466,0.2401,7.9144,17.599,0.314681,7.9092,6.4262,8,504.8855,1,0.184875
17.2226,69331,1194.0629,83.2807,5,77.4034,6.1691,27.5088,0.1057,7.832,19.0735,0.453796,15.696,13.9862,39,1429.2115,1,0.202808
18.0611,188041,3396.2207,88.2842,5,115.8444,7.0427,30.2721,0.0511,7.881,22.6337,0.45416,16.4419,14.642,23,4053.313,0,0.216257
23.3373,187460,4374.8073,290.5143,3,63.0246,6.6143,30.6881,0.1379,8.0234,23.0448,0.69496,23.3373,23.1351,0,4154.3994,0,0.0
17.3688,172503,2996.1712,352.5406,2,27.0813,6.1832,28.8708,0.1631,7.7717,20.8919,0.461593,16.0148,14.4605,34,3219.2102,1,0.176639
12.8347,57361,736.2095,429.9264,2,101.6758,4.7577,29.6497,0.2575,7.8717,20.9885,0.371339,11.3463,9.7136,5,641.9297,1,0.200637
19.9047,122544,2439.1976,405.2412,4,60.6343,5.4593,28.1322,0.1715,7.8577,23.538,0.524607,18.6734,17.2228,19,2399.5961,0,0.157435
17.0721,79653,1359.8438,90.6565,2,54.9651,5.9638,30.568,0.1343,7.9819,16.9418,0.400821,15.492,13.686,35,1459.4748,1,0.206802
19.1896,146750,2816.0697,81.0392,4,121.0046,5.3737,29.6453,0.2314,7.6818,17.5617,0.713662,18.5925,17.8097,15,2463.7097,1,0.069315
22.519,145348,3273.0964,339.0043,2,99.6393,6.4988,28.1022,0.096,7.7419,17.8771,0.708462,22.436,21.9808,0,2882.4688,0,0.0
9.3927,103167,969.0175,187.7389,5,76.3486,6.4336,27.1931,0.0715,7.8989,21.1944,0.121092,6.1265,2.5619,41,2149.8119,1,0.441852
14.5784,193851,2826.0363,110.3898,5,70.16,6.6212,28.0154,0.0592,7.8339,18.9669,0.283042,12.4645,10.1277,41,4187.379,1,0.283431
13.705,46028,630.8139,328.3676,4,23.3521,6.7135,28.1201,0.0488,8.005,21.8559,0.291793,11.6812,9.4927,41,893.2462,0,0.275468
15.2097,168168,2557.7898,130.8864,3,57.4533,4.6982,29.3489,0.2958,7.9456,21.0499,0.678563,15.2097,15.1811,6,2176.9667,1,0.0
15.4136,102028,1572.6166,271.6391,3,99.7819,5.9069,28.8526,0.1125,7.6725,21.0915,0.357387,13.5816,11.5766,37,2184.8055,0,0.247358
5.4422,110196,599.7074,200.1885,2,125.2675,5.3157,30.5481,0.2414,7.992,17.0099,0.075408,2.2353,1.6125,60,1872.3598,1,0.434673
23.2023,192465,4465.6307,406.3329,5,50.2,6.8953,28.8668,0.0739,7.965,20.5183,0.498645,22.1293,20.646,0,4124.9316,0,0.117515
19.9703,188342,3761.2492,312.0533,3,109.6471,5.6524,28.0968,0.1487,7.884,18.3503,0.69502,19.9703,19.9694,15,3072.7573,1,0.0
18.9111,101968,1928.3313,273.5998,2,71.7452,5.5775,30.0324,0.1774,8.0048,23.5782,0.732433,18.7863,18.3543,15,1720.1208,1,0.0
4.465,80249,358.3145,349.4235,4,61.8507,6.0815,26.705,0.227,7.8298,18.6095,0.077321,1.4948,0.6095,73,1463.7747,1,0.406491
22.419,57084,1279.7672,315.1756,3,97.9122,6.2263,27.5122,0.1359,7.8067,19.6944,0.700082,22.419,22.3833,0,1220.864,0,0.0
5.5987,201909,1130.4321,216.1658,3,122.9788,4.4566,31.3032,0.3021,7.7883,19.1453,0.102535,3.244,2.0221,20,1947.8468,1,0.319772
18.3819,140182,2576.8136,106.0532,5,28.8641,7.1754,29.6697,0.0705,7.8392,21.0754,0.343051,16.197,13.7391,15,3026.3514,1,0.289355
17.6956,77859,1377.7618,396.2228,4,76.0461,4.911,29.8823,0.2455,7.8615,20.0852,0.691681,17.0339,16.2086,14,1175.8464,1,0.080587
3.8487,93408,359.4947,338.732,3,29.8208,5.3383,28.4788,0.1785,7.6879,18.8991,0.046735,2.3435,2.3435,91,1598.7033,1,0.332485
18.6402,67877,1265.2424,145.4719,2,127.5506,4.4126,30.6418,0.2747,7.8867,20.3598,0.590874,17.9519,16.989,5,1046.3095,1,0.074339
19.677,73866,1453.4645,428.5332,3,41.2366,6.4201,27.6311,0.1219,7.9294,18.8502,0.403128,18.0937,16.1491,21,1315.1294,1,0.195503
10.8525,106970,1160.8887,438.5244,4,96.6697,5.2246,29.3561,0.1539,8.0193,23.9053,0.201528,8.2309,5.3756,49,2105.8,0,0.355126
16.9984,94168,1600.7011,169.505,5,75.0558,5.6372,29.0565,0.1547,7.9851,21.0043,0.610426,16.1097,15.081,31,1548.0147,1,0.115184
17.4703,201707,3523.8842,361.365,2,62.0745,5.8026,29.429,0.1881,7.6517,21.0143,0.337853,15.4047,12.9893,29,3572.3323,1,0.265676
19.5976,217451,4261.5224,338.2448,4,52.024,5.9751,28.776,0.1614,8.1465,16.0228,0.593464,18.4609,17.1518,23,4653.4657,0,0.147926
10.8263,162277,1756.8548,112.21,5,38.2564,5.1411,27.3697,0.242,7.8348,14.8031,0.304775,9.2421,7.519,1,1455.4395,1,0.214798
19.2753,182999,3527.364,108.351,3,69.2298,6.3108,28.9189,0.1594,7.8922,20.9391,0.451784,18.0237,16.4623,19,3092.8244,1,0.152407
19.4089,51212,993.9667,382.0597,5,27.155,4.8978,30.2263,0.2216,7.8415,22.7527,0.662511,18.8413,18.0479,15,864.687,1,0.061317
19.7622,121962,2410.2325,135.5512,5,125.1446,6.1473,29.2515,0.1895,7.7176,21.336,0.640231,19.2471,18.4602,15,1977.4753,1,0.04928
13.712,54954,753.5288,181.6994,3,116.9594,6.7729,28.1852,0.1183,7.7537,19.0921,0.314592,11.7944,9.7196,45,1111.3314,0,0.260929
13.0086,188135,2447.3743,222.506,2,31.7721,6.2557,29.2536,0.1422,7.8754,24.3688,0.306997,11.224,9.2754,57,3291.5961,1,0.241328
13.4543,202078,2718.812,128.1913,2,52.1463,4.709,29.3231,0.2814,7.7424,21.0537,0.319793,11.7688,9.8503,16,2802.4886,1,0.221276
16.3305,107496,1755.4652,301.7445,3,71.5382,4.3486,30.4064,0.263,7.6333,22.6325,0.419168,15.0629,13.4804,19,1572.6019,1,0.154242
21.6116,205770,4447.0287,341.8709,3,47.9618,5.8026,29.2146,0.1731,7.7765,20.1076,0.625572,21.515,20.9478,15,3874.6068,1,0.0
13.8946,124801,1734.0644,255.5559,4,36.6951,5.5591,29.5466,0.1777,7.9125,23.3293,0.348326,12.178,10.2825,50,2199.8665,1,0.23037
16.0726,145517,2338.8413,96.6168,4,76.4975,4.4811,28.3947,0.2808,7.9099,20.372,0.693202,16.0642,15.8024,15,1919.7801,1,0.0
13.4007,137512,1842.7571,436.5249,3,49.6364,7.2124,28.4598,0.058,7.8879,19.8567,0.173203,10.0033,6.2736,23,2681.6154,0,0.457756
18.5326,217873,4037.7456,108.3278,5,114.2133,5.3592,29.5006,0.1951,8.2551,19.6535,0.563619,17.9908,17.1195,15,3444.8803,1,0.047516
10.1898,110109,1121.9914,132.0734,3,119.2327,4.4389,29.444,0.2892,7.8519,19.8922,0.247873,8.2391,6.1134,3,996.1136,1,0.264161
15.0536,182560,2748.1781,93.8834,2,91.9925,4.5491,28.7983,0.2813,7.8004,19.4375,0.656788,15.0536,15.0315,3,2340.2806,1,0.0
26.0156,111459,2899.6722,195.8694,2,90.1852,6.6257,29.4127,0.1061,7.7513,17.7677,0.510199,25.1999,23.8145,0,2805.7918,0,0.063976
23.2135,53559,1243.2897,219.6488,3,21.0492,6.3496,29.8248,0.1322,7.8312,21.617,0.75017,23.2135,23.2131,0,1157.8659,0,0.0
6.4838,147287,954.974,104.3795,4,124.8658,4.204,29.1799,0.2425,7.8836,18.3423,0.149505,4.2999,1.9242,4,924.5128,1,0.296059
5.9049,86041,508.0636,95.4502,3,66.515,4.5771,29.4773,0.2181,8.043,18.8385,0.111782,3.3782,1.2932,7,560.6683,1,0.343651
5.0163,174737,876.5354,287.0215,2,113.1434,5.5113,29.9293,0.1804,7.87,20.9421,0.093121,2.925,2.0461,89,2960.1676,1,0.288375
6.4682,167696,1084.6916,336.896,3,137.691,5.0615,29.0309,0.231,7.9432,19.8604,0.129174,4.0771,1.5053,70,2682.9943,1,0.326649
6.9057,219672,1516.9928,201.5651,2,70.0253,6.9475,29.031,0.0552,7.81,22.385,0.097641,3.8588,1.7034,46,4390.0155,0,0.419768
8.3793,78313,656.2066,156.9249,4,26.935,4.1904,28.3213,0.263,7.8744,18.6134,0.200482,6.5882,4.6491,12,714.9352,1,0.243618
3.8775,159169,617.176,421.9113,3,100.5893,5.4503,30.6782,0.2134,7.8415,17.1958,0.086051,1.8251,1.0981,94,2574.0796,1,0.283567
15.0099,65481,982.8635,244.6763,2,87.7367,4.8171,30.9886,0.2756,7.9683,17.4624,0.514235,14.1997,13.1922,19,822.7667,1,0.098955
14.6187,186586,2727.6368,161.3597,4,33.3448,7.2113,28.9833,0.0649,7.9519,16.3505,0.220586,11.7732,8.6144,25,3940.8678,0,0.380413
4.2229,136362,575.8495,419.637,3,22.0953,5.9354,31.0418,0.1564,7.8281,21.5533,0.04177,1.9859,1.9859,57,2950.6401,0,0.47757
18.9573,104503,1981.0896,253.7149,5,75.2885,6.7596,29.4472,0.1292,7.817,17.1834,0.521574,17.734,16.3041,29,1952.8856,1,0.157382
2.8469,209589,596.6856,344.1087,5,70.7943,5.6128,28.5129,0.1465,7.9159,21.1695,0.0475,0.8537,0.8537,85,4096.3189,0,0.363943
15.2822,173713,2654.7227,291.8029,2,102.3234,4.09,30.3177,0.2623,7.5965,19.8662,0.759886,14.9565,14.4776,2,2321.0967,1,0.032964
24.4635,114278,2795.6349,129.299,2,70.8646,6.8024,27.7564,0.0924,7.753,21.2506,0.496205,23.51,22.0102,0,2631.8697,0,0.086949
9.0394,131847,1191.8236,290.4743,3,53.8557,4.619,29.195,0.2583,7.7386,16.9077,0.187947,6.9399,4.6438,2,1072.3711,1,0.283616
5.8669,131243,769.9909,405.0218,4,41.7178,5.9253,29.7084,0.1961,7.9965,19.596,0.12602,4.0649,2.4256,86,2083.8577,1,0.248304
19.1929,138407,2656.4337,312.2341,5,56.9791,5.2727,28.4476,0.2677,7.9333,21.5807,0.660781,19.1929,19.1807,15,2179.8954,1,0.0
18.207,125978,2293.6863,339.3902,4,66.4718,5.8545,28.9353,0.1747,7.6439,20.3773,0.529151,16.9853,15.5811,33,2375.0357,1,0.15925
5.1747,218209,1129.1636,189.2981,4,72.4513,7.4024,28.4419,0.0422,8.0318,19.6597,0.053872,2.1523,2.1523,50,4299.1589,0,0.451991
3.015,163915,494.2027,184.5127,3,126.1666,4.7667,29.2518,0.2775,7.854,21.0163,0.042539,2.1241,2.1241,13,976.05,1,0.308905
9.303,155426,1445.9235,405.0088,5,77.7045,6.9598,28.8814,0.1102,7.8203,21.1663,0.127314,6.1835,2.777,46,3084.396,0,0.421814
9.4612,163215,1544.2137,287.3922,4,132.0905,4.4824,31.7901,0.2723,8.0422,18.6864,0.237287,7.7323,5.8101,2,1363.7399,1,0.230915
15.1194,182693,2762.2006,109.4658,5,89.9628,5.274,28.7326,0.228,7.9175,21.9877,0.39429,13.7354,12.103,27,2567.5453,1,0.176797
17.0407,123133,2098.275,211.5105,3,60.4718,4.5713,28.9395,0.2391,7.9535,23.0775,0.544155,16.6961,15.9505,1,1787.1994,1,0.007709
9.2903,49286,457.8816,125.5904,4,51.3762,4.1619,29.7401,0.3316,7.8655,20.2842,0.264783,7.6074,5.7881,9,455.3573,1,0.229115
13.1728,65169,858.461,80.0628,5,22.7796,5.1032,28.4009,0.2025,8.067,20.4311,0.350652,11.5749,9.8215,53,1059.6449,1,0.215354
19.1823,57763,1108.027,258.1226,3,125.0469,5.3868,29.6589,0.2298,7.719,22.1138,0.625264,19.182,18.8807,15,879.0574,1,0.0
8.8601,76900,681.3384,283.1609,3,99.1538,6.4816,27.2959,0.0717,7.8993,20.3017,0.144578,5.8361,2.5445,51,1530.7513,0,0.409811
8.8432,48148,425.7812,237.3864,4,40.3345,5.2984,30.8136,0.2458,8.0003,21.7198,0.2095,6.8579,4.7284,73,794.4164,1,0.271695
16.2085,204414,3313.2373,142.0595,5,52.8602,6.4033,27.4168,0.1148,7.9568,20.4485,0.370545,14.4892,12.5775,41,4196.6648,0,0.229586
13.0681,178570,2333.5702,238.9888,4,68.6086,4.9275,29.5687,0.2158,7.9888,19.8248,0.294446,11.0765,8.8699,48,3108.1249,1,0.266626
13.3719,107831,1441.9085,119.4962,3,106.8908,4.5328,29.9864,0.2739,7.7783,18.8338,0.325819,11.6833,9.7723,5,1333.2815,1,0.222663
5.2248,165120,862.717,138.5299,5,78.1672,5.448,30.1838,0.2475,7.9043,18.6742,0.083689,2.3991,1.4092,61,2512.0891,1,0.383587
17.9196,185823,3329.8738,433.9976,3,25.0627,4.699,29.3664,0.2457,7.6473,20.0187,0.683516,17.6552,17.1128,15,2660.5976,1,0.010061
20.5641,143397,2948.8323,117.648,5,71.331,5.7855,29.6216,0.162,8.0623,16.2821,0.627464,20.1221,19.3653,15,2582.0838,1,0.034038
17.3069,193497,3348.8291,197.8054,3,21.0211,4.735,28.7714,0.2321,7.9157,18.8097,0.659291,17.2899,16.9586,15,2764.6546,1,0.0
19.5524,130073,2543.2377,302.3121,2,103.1798,6.012,31.0096,0.1701,7.7654,20.3477,0.445859,17.9372,16.0685,15,2675.5935,1,0.209451
19.0328,209805,3993.1842,127.5305,2,82.0132,5.0953,30.3954,0.1703,7.7039,18.1268,0.534164,18.0961,16.8999,16,3408.3089,1,0.111595
10.8166,90140,975.0041,417.1786,4,78.6435,5.5554,30.2248,0.2973,7.7922,19.9651,0.340461,9.4534,7.9701,15,945.149,1,0.184787
11.8912,172721,2053.8548,321.1702,3,58.2878,4.4592,28.7171,0.2586,7.8335,22.7971,0.37191,10.5105,8.9756,18,2226.5212,1,0.184389
24.0266,188388,4526.3187,320.4301,5,110.6269,6.8663,29.6293,0.0812,7.8814,18.7031,0.585584,22.9487,21.578,0,4015.5047,0,0.128923
18.2085,56759,1033.4987,156.6046,3,104.6554,4.6827,30.7789,0.2579,7.8605,16.2623,0.672727,18.2085,18.1998,15,858.7037,1,0.0
11.9527,199153,2380.4167,81.9659,4,76.4271,7.3545,29.2495,0.064,7.7339,18.1296,0.234555,9.5259,6.9215,39,4185.0703,0,0.332004
19.0206,139417,2651.7963,382.3925,3,46.5677,6.8382,30.0376,0.1041,8.1234,23.1211,0.497473,17.6385,16.0836,21,2912.7252,1,0.183028
19.0693,59976,1143.7033,169.2286,3,87.5396,5.0717,29.5951,0.2218,7.64,18.425,0.702109,18.5993,17.9177,15,992.5649,1,0.048482
6.4063,134099,859.0808,363.0564,4,27.1518,7.0137,27.2941,0.0742,7.8567,17.5812,0.100092,3.291,0.9541,55,2782.5923,0,0.425699
